#VRML V2.0 utf8
# 3D model generated by easyeda2kicad.py (https://github.com/uPesy/easyeda2kicad.py)

Shape{
    appearance Appearance {
        material  Material 	{
            diffuseColor 1.0 1.0 1.0
            specularColor 0.5019607843137255 0.5019607843137255 0.5019607843137255
            ambientIntensity 1.0
            transparency 0.0
            shininess 0.5
        }
    }
    geometry IndexedFaceSet {
        ccw TRUE
        solid FALSE
        coord DEF co Coordinate {
            point [
                -0.098 -8.6319 0.2362, -0.2828 -8.6319 0.2362, -0.2828 -6.4961 0.2362, -1.8712 -9.117 0.2362, -0.6768 -9.117 0.2362, -0.6768 -9.1408 0.2362, 1.8965 -9.1066 0.2362, 1.8712 -9.117 0.2362, 1.2598 -9.117 0.2362, -2.4606 -8.1693 0.2362, -2.4016 -8.1693 0.2362, -2.4016 -8.6319 0.2362, -0.1969 -11.1811 0.2362, -0.1969 -11.5453 0.2362, -0.2828 -11.5453 0.2362, -0.8858 -10.7284 0.2362, -2.4016 -10.7284 0.2362, -2.4016 -10.2658 0.2362, -1.1811 -11.1811 0.2362, -1.1811 -11.5453 0.2362, -2.4016 -11.5453 0.2362, -0.2828 -10.2658 0.2362, -0.098 -10.2658 0.2362, -0.098 -11.1811 0.2362, 0.046 -11.1811 0.2362, 0.046 -10.2658 0.2362, 0.1969 -11.1811 0.2362, 0.6076 -6.4961 0.2362, 1.2598 -6.4961 0.2362, 1.2598 -7.7756 0.2362, 2.4606 -7.7756 0.2362, 2.8937 -6.4961 0.2362, 2.4606 -8.1693 0.2362, 2.8937 -8.6319 0.2362, 1.2598 -8.1693 0.2362, 1.2598 -8.6319 0.2362, 0.8858 -8.1693 0.2362, 0.6076 -8.6319 0.2362, 0.8858 -7.7756 0.2362, -0.6768 -8.6319 0.2362, -0.8858 -8.1693 0.2362, -0.8858 -7.7756 0.2362, -2.8937 -8.6319 0.2362, -2.4606 -7.7756 0.2362, -2.8937 -6.4961 0.2362, -2.4016 -7.7756 0.2362, -2.4016 -6.4961 0.2362, -0.6768 -6.4961 0.2362, 1.2598 -10.2658 0.2362, 1.7376 -9.6994 0.2362, 1.811 -9.7557 0.2362, 1.6459 -9.3571 0.2362, 1.6339 -9.4488 0.2362, 1.2598 -9.34 0.2362, 1.6459 -9.5405 0.2362, 1.6813 -9.626 0.2362, 1.8965 -9.7911 0.2362, 1.9882 -9.8032 0.2362, 2.8937 -10.2658 0.2362, 2.0799 -9.7911 0.2362, 2.1654 -9.7557 0.2362, 2.2387 -9.6994 0.2362, 2.295 -9.626 0.2362, 2.8937 -9.34 0.2362, 2.3304 -9.5405 0.2362, 2.3425 -9.4488 0.2362, 1.2598 -9.1408 0.2362, 1.6813 -9.2717 0.2362, 1.653 -9.34 0.2362, 1.8139 -9.1408 0.2362, 1.811 -9.142 0.2362, 1.7376 -9.1983 0.2362, 1.9882 -9.0945 0.2362, 2.0799 -9.1066 0.2362, 2.1051 -9.117 0.2362, 2.8937 -9.117 0.2362, 2.8937 -9.1408 0.2362, 2.2387 -9.1983 0.2362, 2.1654 -9.142 0.2362, 2.1624 -9.1408 0.2362, 2.3304 -9.3571 0.2362, 2.3234 -9.34 0.2362, 2.295 -9.2717 0.2362, -1.6459 -9.5405 0.2362, -1.6339 -9.4488 0.2362, -0.6768 -9.34 0.2362, -2.2387 -9.6994 0.2362, -2.1654 -9.7557 0.2362, -2.0799 -9.7911 0.2362, -1.9882 -9.8032 0.2362, -1.8965 -9.7911 0.2362, -0.6768 -10.2658 0.2362, -1.811 -9.7557 0.2362, -1.7376 -9.6994 0.2362, -1.6813 -9.626 0.2362, -2.3304 -9.3571 0.2362, -2.3425 -9.4488 0.2362, -2.4016 -9.34 0.2362, -2.3304 -9.5405 0.2362, -2.295 -9.626 0.2362, -2.4016 -9.117 0.2362, -2.1624 -9.1408 0.2362, -2.4016 -9.1408 0.2362, -2.1654 -9.142 0.2362, -2.2387 -9.1983 0.2362, -2.295 -9.2717 0.2362, -2.3234 -9.34 0.2362, -2.0799 -9.1066 0.2362, -2.1051 -9.117 0.2362, -1.8965 -9.1066 0.2362, -1.9882 -9.0945 0.2362, -1.7376 -9.1983 0.2362, -1.811 -9.142 0.2362, -1.8139 -9.1408 0.2362, -1.6459 -9.3571 0.2362, -1.653 -9.34 0.2362, -1.6813 -9.2717 0.2362, -0.7874 -11.1811 0.2362, -0.8858 -11.1221 0.2362, -2.4016 -11.1221 0.2362, -2.4606 -11.1221 0.2362, -2.8937 -11.5453 0.2362, -2.4606 -10.7284 0.2362, -2.8937 -10.2658 0.2362, 1.2598 -10.7284 0.2362, 2.4606 -10.7284 0.2362, 2.4606 -11.1221 0.2362, 2.8937 -11.5453 0.2362, 1.2598 -11.1221 0.2362, 1.2598 -11.5453 0.2362, 0.8858 -11.1221 0.2362, 0.6076 -11.5453 0.2362, 0.8858 -10.7284 0.2362, 0.6076 -10.2658 0.2362, 0.046 -9.1408 0.2362, 0.0652 -9.307 0.2362, 0.046 -9.34 0.2362, 0.0652 -9.3286 0.2362, 0.0862 -9.3372 0.2362, 0.0942 -9.1408 0.2362, 0.088 -9.1412 0.2362, 0.0652 -9.1474 0.2362, 0.0652 -9.1738 0.2362, 0.0874 -9.1643 0.2362, 0.0688 -9.309 0.2362, 0.1113 -9.1612 0.2362, 0.1307 -9.1633 0.2362, 0.1455 -9.1687 0.2362, 0.1591 -9.1778 0.2362, 0.171 -9.1909 0.2362, 0.1853 -9.2425 0.2362, 0.1833 -9.2638 0.2362, 0.1779 -9.2807 0.2362, 0.1341 -9.3175 0.2362, 0.1158 -9.3196 0.2362, 0.1485 -9.3123 0.2362, 0.1606 -9.3041 0.2362, 0.1698 -9.2944 0.2362, 0.0896 -9.3167 0.2362, 0.1791 -9.2061 0.2362, 0.1843 -9.2272 0.2362, 0.046 -9.117 0.2362, 0.2201 -9.117 0.2362, 0.1116 -9.1396 0.2362, 0.1263 -9.1408 0.2362, 0.2013 -9.1938 0.2362, 0.1898 -9.1754 0.2362, 0.2201 -9.1408 0.2362, 0.1627 -9.3321 0.2362, 0.1786 -9.322 0.2362, 0.2201 -9.34 0.2362, 0.1934 -9.3065 0.2362, 0.2039 -9.2877 0.2362, 0.172 -9.1583 0.2362, 0.1533 -9.1475 0.2362, 0.1313 -9.1412 0.2362, 0.2098 -9.2669 0.2362, 0.2117 -9.2441 0.2362, 0.2088 -9.2161 0.2362, 0.1061 -9.34 0.2362, 0.114 -9.3411 0.2362, 0.2201 -10.2658 0.2362, 0.2201 -11.5453 0.2362, 0.1969 -11.5453 0.2362, 0.2201 -11.9685 0.2362, 0.1969 -11.9685 0.2362, 0.1194 -9.3412 0.2362, 0.131 -9.34 0.2362, 0.1437 -9.3387 0.2362, 0.6076 -11.9685 0.2362, 1.2598 -11.9685 0.2362, 2.8937 -11.9685 0.2362, -0.7874 -11.9685 0.2362, -0.7874 -11.5453 0.2362, -0.6768 -11.9685 0.2362, -0.6768 -11.5453 0.2362, -0.2828 -11.9685 0.2362, -0.1969 -11.9685 0.2362, -2.8937 -11.9685 0.2362, -2.4016 -11.9685 0.2362, -1.1811 -11.9685 0.2362, -0.2828 -9.34 0.2362, -0.098 -9.34 0.2362, 0.6076 -9.34 0.2362, 0.6076 -9.1408 0.2362, 0.2285 -9.3172 0.2362, 0.2285 -9.3388 0.2362, 0.3293 -9.3388 0.2362, 0.3029 -9.3172 0.2362, 0.3029 -9.142 0.2362, 0.3293 -9.142 0.2362, -0.074 -9.142 0.2362, -0.098 -9.1408 0.2362, -0.074 -9.1636 0.2362, -0.0788 -9.3172 0.2362, -0.0788 -9.3388 0.2362, 0.0268 -9.3388 0.2362, 0.0268 -9.142 0.2362, 0.0004 -9.25 0.2362, 0.0004 -9.3172 0.2362, -0.0692 -9.25 0.2362, -0.0692 -9.2284 0.2362, 0.0004 -9.2284 0.2362, 0.0004 -9.1636 0.2362, -0.2658 -9.2849 0.2362, -0.2545 -9.3025 0.2362, -0.2383 -9.318 0.2362, -0.2178 -9.3299 0.2362, -0.1728 -9.142 0.2362, -0.2828 -9.1408 0.2362, -0.2012 -9.145 0.2362, -0.2242 -9.1531 0.2362, -0.2457 -9.1674 0.2362, -0.2459 -9.1676 0.2362, -0.2598 -9.1831 0.2362, -0.2689 -9.2 0.2362, -0.1951 -9.3367 0.2362, -0.1707 -9.3388 0.2362, -0.1172 -9.3388 0.2362, -0.1172 -9.142 0.2362, -0.2742 -9.2194 0.2362, -0.2756 -9.2379 0.2362, -0.2729 -9.2643 0.2362, -0.3189 -9.3388 0.2362, -0.29 -9.3388 0.2362, -0.4389 -9.3388 0.2362, -0.419 -9.2836 0.2362, -0.3376 -9.2836 0.2362, -0.3645 -9.142 0.2362, -0.3909 -9.142 0.2362, 0.6076 -9.117 0.2362, -0.2828 -9.117 0.2362, -0.098 -9.117 0.2362, 0.046 -8.6319 0.2362, 0.2201 -8.6319 0.2362, -2.8937 -9.117 0.2362, -2.8937 -9.1408 0.2362, -2.8937 -9.34 0.2362, 0.2201 -6.4961 0.2362, 0.046 -6.4961 0.2362, 0.0 -6.4961 0.2362, -0.098 -6.4961 0.2362, -0.4677 -9.3388 0.2362
            ]
        }
        coordIndex [
            0,1,2,-1,3,4,5,-1,6,7,8,-1,9,10,11,-1,12,13,14,-1,15,16,17,-1,18,19,20,-1,21,22,23,-1,23,22,24,-1,24,22,25,-1,24,25,26,-1,27,28,29,-1,29,28,30,-1,30,28,31,-1,30,31,32,-1,32,31,33,-1,32,33,34,-1,34,33,35,-1,34,35,36,-1,36,35,37,-1,36,37,38,-1,11,10,39,-1,39,10,40,-1,39,40,41,-1,9,42,43,-1,43,42,44,-1,43,44,45,-1,45,44,46,-1,45,46,41,-1,41,46,47,-1,41,47,39,-1,48,49,50,-1,51,52,53,-1,53,52,54,-1,53,54,48,-1,48,54,55,-1,48,55,49,-1,50,56,48,-1,48,56,57,-1,48,57,58,-1,58,57,59,-1,58,59,60,-1,60,61,58,-1,58,61,62,-1,58,62,63,-1,63,62,64,-1,63,64,65,-1,66,67,53,-1,53,67,68,-1,53,68,51,-1,69,70,66,-1,66,70,71,-1,66,71,67,-1,72,35,73,-1,73,35,33,-1,73,33,74,-1,74,33,75,-1,74,75,76,-1,77,78,76,-1,76,78,79,-1,76,79,74,-1,65,80,63,-1,63,80,81,-1,63,81,76,-1,76,81,82,-1,76,82,77,-1,83,84,85,-1,86,87,17,-1,17,87,88,-1,89,90,91,-1,90,92,91,-1,91,92,93,-1,91,93,94,-1,95,96,97,-1,97,96,98,-1,97,98,17,-1,17,98,99,-1,17,99,86,-1,100,101,102,-1,102,101,103,-1,103,104,102,-1,102,104,105,-1,102,105,97,-1,97,105,106,-1,97,106,95,-1,11,107,100,-1,100,107,108,-1,100,108,101,-1,4,3,39,-1,39,3,109,-1,39,109,11,-1,11,109,110,-1,11,110,107,-1,111,112,5,-1,5,112,113,-1,5,113,3,-1,84,114,85,-1,85,114,115,-1,85,115,5,-1,5,115,116,-1,5,116,111,-1,88,89,17,-1,17,89,91,-1,17,91,15,-1,15,91,117,-1,15,117,118,-1,118,117,18,-1,118,18,119,-1,119,18,20,-1,119,20,120,-1,120,20,121,-1,120,121,122,-1,122,121,123,-1,124,48,125,-1,125,48,58,-1,125,58,126,-1,126,58,127,-1,126,127,128,-1,128,127,129,-1,128,129,130,-1,130,129,131,-1,130,131,132,-1,132,131,133,-1,132,133,124,-1,134,135,136,-1,136,135,137,-1,136,137,138,-1,134,139,140,-1,140,141,134,-1,134,141,142,-1,134,142,135,-1,135,142,143,-1,135,143,144,-1,144,143,145,-1,144,145,146,-1,146,147,144,-1,144,147,148,-1,144,148,149,-1,150,151,144,-1,144,151,152,-1,153,154,155,-1,155,154,156,-1,152,157,144,-1,144,157,156,-1,144,156,158,-1,158,156,154,-1,149,159,144,-1,144,159,160,-1,144,160,150,-1,161,162,163,-1,163,162,164,-1,165,166,167,-1,168,169,170,-1,170,169,171,-1,170,171,172,-1,166,173,167,-1,167,173,174,-1,167,174,175,-1,172,176,170,-1,170,176,177,-1,170,177,167,-1,167,177,178,-1,167,178,165,-1,179,180,25,-1,25,180,181,-1,25,181,26,-1,26,181,182,-1,26,182,183,-1,183,182,184,-1,183,184,185,-1,180,186,181,-1,181,186,187,-1,181,187,170,-1,170,187,188,-1,170,188,168,-1,189,131,190,-1,190,131,129,-1,190,129,191,-1,191,129,127,-1,192,193,194,-1,194,193,195,-1,194,195,196,-1,196,195,14,-1,196,14,197,-1,197,14,13,-1,198,121,199,-1,199,121,20,-1,199,20,200,-1,200,20,19,-1,193,117,195,-1,195,117,91,-1,195,91,14,-1,14,91,21,-1,14,21,12,-1,12,21,23,-1,94,83,91,-1,91,83,85,-1,91,85,21,-1,21,85,201,-1,21,201,22,-1,22,201,202,-1,22,202,25,-1,25,202,136,-1,25,136,179,-1,179,136,138,-1,124,133,48,-1,48,133,203,-1,48,203,53,-1,53,203,204,-1,53,204,66,-1,167,205,170,-1,170,205,206,-1,170,206,207,-1,208,205,209,-1,209,205,167,-1,209,167,210,-1,210,167,204,-1,210,204,207,-1,207,204,203,-1,207,203,170,-1,170,203,133,-1,170,133,181,-1,181,133,131,-1,181,131,182,-1,182,131,189,-1,182,189,184,-1,211,212,134,-1,211,213,212,-1,212,213,214,-1,212,214,202,-1,202,214,215,-1,202,215,136,-1,136,215,216,-1,136,216,134,-1,134,216,217,-1,134,217,211,-1,218,219,220,-1,220,219,214,-1,220,214,221,-1,221,214,213,-1,221,213,222,-1,222,213,223,-1,224,225,201,-1,201,225,226,-1,201,226,227,-1,228,229,212,-1,228,230,229,-1,229,230,231,-1,229,231,232,-1,232,233,229,-1,229,233,234,-1,229,234,235,-1,227,236,201,-1,201,236,237,-1,201,237,202,-1,202,237,238,-1,202,238,212,-1,212,238,239,-1,212,239,228,-1,235,240,229,-1,229,240,241,-1,229,241,201,-1,201,241,242,-1,201,242,224,-1,243,244,201,-1,245,246,247,-1,201,244,229,-1,229,244,248,-1,229,248,249,-1,175,164,167,-1,167,164,162,-1,167,162,204,-1,204,162,250,-1,204,250,66,-1,66,250,8,-1,66,8,69,-1,69,8,7,-1,229,251,212,-1,212,251,252,-1,212,252,134,-1,134,252,161,-1,134,161,139,-1,139,161,163,-1,251,1,252,-1,252,1,0,-1,252,0,161,-1,161,0,253,-1,161,253,162,-1,162,253,254,-1,162,254,250,-1,250,254,37,-1,250,37,8,-1,8,37,35,-1,8,35,6,-1,6,35,72,-1,9,11,42,-1,42,11,100,-1,42,100,255,-1,255,100,102,-1,255,102,256,-1,256,102,97,-1,256,97,257,-1,257,97,17,-1,257,17,123,-1,123,17,16,-1,123,16,122,-1,29,38,27,-1,27,38,37,-1,27,37,258,-1,258,37,254,-1,258,254,259,-1,259,254,253,-1,259,253,260,-1,260,253,0,-1,260,0,261,-1,261,0,2,-1,247,243,245,-1,245,243,201,-1,245,201,262,-1,262,201,85,-1,262,85,249,-1,249,85,5,-1,249,5,229,-1,229,5,4,-1,229,4,251,-1,251,4,39,-1,251,39,1,-1,1,39,47,-1,1,47,2,-1,
        ]
    }
}
Shape{
    appearance Appearance {
        material  Material 	{
            diffuseColor 0.7529411764705882 0.7529411764705882 0.7529411764705882
            specularColor 0.3764705882352941 0.3764705882352941 0.3764705882352941
            ambientIntensity 0.7529
            transparency 0.0
            shininess 0.5
        }
    }
    geometry IndexedFaceSet {
        ccw TRUE
        solid FALSE
        coord DEF co Coordinate {
            point [
                0.113 0.3515 4.4651, 0.1476 0.3345 4.4627, 0.3745 1.7323 4.4208, 0.2088 0.2875 4.4568, 0.2557 0.2264 4.4509, 0.2727 0.1919 4.4485, 0.2852 0.1552 4.4466, 0.2927 0.1174 4.4455, 0.2953 0.0787 4.445, 0.2927 0.0401 4.4455, 0.3761 -2.7559 4.4292, 0.2852 0.0023 4.4466, 0.2727 -0.0344 4.4485, 0.2557 -0.0689 4.4509, 0.2088 -0.1301 4.4568, 0.1476 -0.177 4.4627, 0.113 -0.194 4.4651, 0.0764 -0.2065 4.4669, 0.0385 -0.214 4.4681, 0.3648 -2.7559 4.4326, 0.0 -0.2165 4.4685, 0.0 -2.7559 4.4685, -0.0386 -0.214 4.4681, -0.3761 -2.7559 4.4292, -0.3648 -2.7559 4.4326, -0.0764 -0.2065 4.4669, -0.1131 -0.194 4.4651, -0.1476 -0.177 4.4627, -0.2088 -0.1301 4.4568, -0.2557 -0.0689 4.4509, -0.2728 -0.0343 4.4485, -0.2852 0.0023 4.4466, -0.2928 0.0403 4.4454, -0.2953 0.0787 4.445, -0.2927 0.1174 4.4455, -0.2852 0.1552 4.4466, -0.3745 1.7323 4.4208, -0.2728 0.1916 4.4485, -0.2557 0.2264 4.4509, -0.2088 0.2875 4.4568, -0.1476 0.3345 4.4627, -0.1129 0.3516 4.4651, -0.0764 0.3639 4.4669, -0.1892 1.7323 4.4589, -0.0386 0.3715 4.4681, 0.0 1.7323 4.4685, 0.0 0.374 4.4685, 0.1892 1.7323 4.4589, 0.0384 0.3715 4.4681, 0.0764 0.3639 4.4669, -0.2852 0.1552 0.7502, -0.2928 0.1173 0.7514, -0.557 1.7323 0.8233, -0.2728 0.1918 0.7484, -0.1882 1.7323 0.7475, -0.1892 0.3026 0.7382, -0.3764 1.7323 0.7666, -0.2088 0.2875 0.74, -0.2557 0.2264 0.7459, -0.2953 0.0787 0.7518, -0.2927 0.0401 0.7514, -0.5572 -2.7559 0.8226, -0.2852 0.0023 0.7502, -0.2727 -0.0344 0.7483, -0.2557 -0.0689 0.7459, -0.2088 -0.1301 0.74, -0.3648 -2.7559 0.7643, -0.1883 -2.7559 0.7469, 0.1892 0.3026 0.7382, 0.1476 0.3345 0.7342, 0.1882 1.7323 0.7475, 0.1131 0.3515 0.7318, 0.0764 0.3639 0.7299, 0.0387 0.3715 0.7287, 0.0 1.7323 0.7283, 0.0 0.374 0.7283, -0.0386 0.3715 0.7287, -0.0764 0.3639 0.7299, -0.1132 0.3515 0.7318, -0.1476 0.3345 0.7342, 0.2852 0.0023 0.7502, 0.2927 0.0401 0.7514, 0.5572 -2.7559 0.8226, 0.2729 -0.0341 0.7484, 0.1883 -2.7559 0.7469, 0.1892 -0.1451 0.7382, 0.3648 -2.7559 0.7643, 0.2088 -0.1301 0.74, 0.2557 -0.0689 0.7459, 0.2953 0.0787 0.7518, 0.2928 0.1171 0.7514, 0.557 1.7323 0.8233, 0.2852 0.1552 0.7502, 0.2728 0.1917 0.7484, 0.2557 0.2264 0.7459, 0.2088 0.2875 0.74, 0.3764 1.7323 0.7666, -0.1892 -0.1451 0.7382, -0.1476 -0.177 0.7342, -0.113 -0.1941 0.7318, 0.0764 -0.2065 0.7299, 0.1129 -0.1941 0.7318, 0.1476 -0.177 0.7342, -0.0764 -0.2065 0.7299, -0.0384 -0.214 0.7287, 0.0 -2.7559 0.7283, 0.0 -0.2165 0.7283, 0.0386 -0.214 0.7287, -1.8581 1.7323 2.5042, -1.8701 -2.7559 2.5984, -1.8677 1.7323 2.6931, -1.8422 -2.7559 2.881, -1.839 1.7323 2.8802, -1.8341 -2.7559 2.9633, -1.8104 1.7323 3.0672, -1.7483 -2.7559 3.2463, -1.7447 1.7323 3.2446, -1.7277 -2.7559 3.3141, -1.679 1.7323 3.422, -1.5827 -2.7559 3.5853, -1.5789 1.7323 3.5826, -1.5549 -2.7559 3.6374, -1.4788 1.7323 3.7431, -1.3523 -2.7559 3.8843, -1.3485 1.7323 3.8802, -1.3223 -2.7559 3.9208, -1.2181 1.7323 4.0174, -1.0663 -2.7559 4.1309, -1.0628 1.7323 4.1254, -1.039 -2.7559 4.1533, -0.9076 1.7323 4.2335, -0.7365 -2.7559 4.315, -0.7337 1.7323 4.3081, -0.7156 -2.7559 4.3262, -0.5598 1.7323 4.3827, -0.7375 1.7323 0.8799, -0.7156 -2.7559 0.8707, -0.9029 1.7323 0.9717, -0.9034 -2.7559 0.9711, -1.0683 1.7323 1.0635, -1.039 -2.7559 1.0435, -1.2119 1.7323 1.1868, -1.2127 -2.7559 1.1861, -1.3554 1.7323 1.31, -1.3223 -2.7559 1.2761, -1.4712 1.7323 1.4596, -1.4724 -2.7559 1.459, -1.587 1.7323 1.6092, -1.5549 -2.7559 1.5595, -1.6704 1.7323 1.7791, -1.672 -2.7559 1.7786, -1.7537 1.7323 1.9489, -1.7277 -2.7559 1.8828, -1.8011 1.7323 2.1321, -1.8033 -2.7559 2.1318, -1.8485 1.7323 2.3152, -1.8341 -2.7559 2.2336, -1.8608 -2.7559 2.5044, 0.5598 1.7323 4.3827, 0.7156 -2.7559 4.3262, 0.7337 1.7323 4.3081, 0.7365 -2.7559 4.315, 0.9076 1.7323 4.2335, 1.039 -2.7559 4.1533, 1.0628 1.7323 4.1254, 1.0663 -2.7559 4.1309, 1.2181 1.7323 4.0174, 1.3223 -2.7559 3.9208, 1.3485 1.7323 3.8802, 1.3523 -2.7559 3.8843, 1.4788 1.7323 3.7431, 1.5549 -2.7559 3.6374, 1.5789 1.7323 3.5826, 1.5827 -2.7559 3.5853, 1.679 1.7323 3.422, 1.7277 -2.7559 3.3141, 1.7447 1.7323 3.2446, 1.7483 -2.7559 3.2463, 1.8104 1.7323 3.0672, 1.8341 -2.7559 2.9633, 1.839 1.7323 2.8802, 1.8422 -2.7559 2.881, 1.8677 1.7323 2.6931, 1.8701 -2.7559 2.5984, 1.8581 1.7323 2.5042, 1.8608 -2.7559 2.5044, 1.8485 1.7323 2.3152, 1.8341 -2.7559 2.2336, 1.8011 1.7323 2.1321, 1.8033 -2.7559 2.1318, 1.7537 1.7323 1.9489, 1.7277 -2.7559 1.8828, 1.6704 1.7323 1.7791, 1.672 -2.7559 1.7786, 1.587 1.7323 1.6092, 1.5549 -2.7559 1.5595, 1.4712 1.7323 1.4596, 1.4724 -2.7559 1.459, 1.3554 1.7323 1.31, 1.3223 -2.7559 1.2761, 1.2119 1.7323 1.1868, 1.2127 -2.7559 1.1861, 1.0683 1.7323 1.0635, 1.039 -2.7559 1.0435, 0.9029 1.7323 0.9717, 0.9034 -2.7559 0.9711, 0.7375 1.7323 0.8799, 0.7156 -2.7559 0.8707
            ]
        }
        coordIndex [
            0,1,2,-1,2,1,3,-1,2,3,4,-1,4,5,2,-1,2,5,6,-1,2,6,7,-1,8,9,10,-1,9,11,10,-1,10,11,12,-1,10,12,13,-1,13,14,10,-1,10,14,15,-1,10,15,16,-1,16,17,10,-1,10,17,18,-1,10,18,19,-1,19,18,20,-1,19,20,21,-1,22,23,20,-1,20,23,24,-1,20,24,21,-1,22,25,23,-1,23,25,26,-1,23,26,27,-1,27,28,23,-1,23,28,29,-1,23,29,30,-1,30,31,23,-1,23,31,32,-1,23,32,33,-1,34,35,36,-1,36,35,37,-1,37,38,36,-1,36,38,39,-1,36,39,40,-1,40,41,36,-1,36,41,42,-1,36,42,43,-1,43,42,44,-1,43,44,45,-1,45,44,46,-1,45,46,47,-1,47,46,48,-1,47,48,2,-1,2,48,49,-1,2,49,0,-1,50,51,52,-1,50,52,53,-1,54,55,56,-1,56,55,57,-1,56,57,52,-1,52,57,58,-1,52,58,53,-1,59,60,61,-1,61,60,62,-1,61,62,63,-1,63,64,61,-1,61,64,65,-1,61,65,66,-1,66,65,67,-1,68,69,70,-1,70,69,71,-1,71,72,70,-1,70,72,73,-1,70,73,74,-1,74,73,75,-1,74,75,54,-1,54,75,76,-1,54,76,77,-1,77,78,54,-1,54,78,79,-1,54,79,55,-1,80,81,82,-1,80,82,83,-1,84,85,86,-1,86,85,87,-1,86,87,82,-1,82,87,88,-1,82,88,83,-1,89,90,91,-1,91,90,92,-1,92,93,91,-1,91,93,94,-1,91,94,95,-1,68,70,95,-1,95,70,96,-1,95,96,91,-1,65,97,67,-1,67,97,98,-1,67,98,99,-1,100,101,84,-1,84,101,102,-1,84,102,85,-1,99,103,67,-1,67,103,104,-1,67,104,105,-1,105,104,106,-1,105,106,84,-1,84,106,107,-1,84,107,100,-1,108,109,110,-1,110,109,111,-1,110,111,112,-1,112,111,113,-1,112,113,114,-1,114,113,115,-1,114,115,116,-1,116,115,117,-1,116,117,118,-1,118,117,119,-1,118,119,120,-1,120,119,121,-1,120,121,122,-1,122,121,123,-1,122,123,124,-1,124,123,125,-1,124,125,126,-1,126,125,127,-1,126,127,128,-1,128,127,129,-1,128,129,130,-1,130,129,131,-1,130,131,132,-1,132,131,133,-1,132,133,134,-1,134,133,23,-1,134,23,36,-1,36,23,33,-1,36,33,34,-1,51,59,52,-1,52,59,61,-1,52,61,135,-1,135,61,136,-1,135,136,137,-1,137,136,138,-1,137,138,139,-1,139,138,140,-1,139,140,141,-1,141,140,142,-1,141,142,143,-1,143,142,144,-1,143,144,145,-1,145,144,146,-1,145,146,147,-1,147,146,148,-1,147,148,149,-1,149,148,150,-1,149,150,151,-1,151,150,152,-1,151,152,153,-1,153,152,154,-1,153,154,155,-1,155,154,156,-1,155,156,108,-1,108,156,157,-1,108,157,109,-1,7,8,2,-1,2,8,10,-1,2,10,158,-1,158,10,159,-1,158,159,160,-1,160,159,161,-1,160,161,162,-1,162,161,163,-1,162,163,164,-1,164,163,165,-1,164,165,166,-1,166,165,167,-1,166,167,168,-1,168,167,169,-1,168,169,170,-1,170,169,171,-1,170,171,172,-1,172,171,173,-1,172,173,174,-1,174,173,175,-1,174,175,176,-1,176,175,177,-1,176,177,178,-1,178,177,179,-1,178,179,180,-1,180,179,181,-1,180,181,182,-1,182,181,183,-1,182,183,184,-1,184,183,185,-1,184,185,186,-1,186,185,187,-1,186,187,188,-1,188,187,189,-1,188,189,190,-1,190,189,191,-1,190,191,192,-1,192,191,193,-1,192,193,194,-1,194,193,195,-1,194,195,196,-1,196,195,197,-1,196,197,198,-1,198,197,199,-1,198,199,200,-1,200,199,201,-1,200,201,202,-1,202,201,203,-1,202,203,204,-1,204,203,205,-1,204,205,206,-1,206,205,207,-1,206,207,91,-1,91,207,82,-1,91,82,89,-1,89,82,81,-1,
        ]
    }
}
Shape{
    appearance Appearance {
        material  Material 	{
            diffuseColor 1.0 1.0 1.0
            specularColor 0.5019607843137255 0.5019607843137255 0.5019607843137255
            ambientIntensity 1.0
            transparency 0.0
            shininess 0.5
        }
    }
    geometry IndexedFaceSet {
        ccw TRUE
        solid FALSE
        coord DEF co Coordinate {
            point [
                1.7692 -11.9685 1.6693, 1.8149 -11.9685 1.7255, 2.0047 -11.9685 3.3878, 1.8727 -11.9685 1.7691, 1.8952 -11.9685 1.2376, 1.8339 -11.9685 1.2762, 1.2598 -11.9685 0.2362, 0.5568 -11.9685 4.0715, 1.729 -11.9685 3.6281, 1.7236 -11.9685 3.7063, -2.5 -11.9685 4.9606, 1.8898 -11.9685 3.9567, 2.5 -11.9685 4.9606, 1.9639 -11.9685 3.9821, 2.8937 -11.9685 4.17, 2.8937 -11.9685 4.5669, 0.1969 -11.9685 1.036, 0.1969 -11.9685 0.2362, 0.2201 -11.9685 0.2362, 0.8665 -11.9685 3.9134, 1.1339 -11.9685 3.6912, 1.7544 -11.9685 3.5539, 1.3461 -11.9685 3.4158, 1.7982 -11.9685 3.4888, 1.4926 -11.9685 3.1005, 1.8573 -11.9685 3.4373, 1.5664 -11.9685 2.7607, 1.9278 -11.9685 3.4028, 1.9393 -11.9685 1.7976, 2.0108 -11.9685 1.8094, 2.083 -11.9685 3.3931, 2.083 -11.9685 1.8037, 2.8937 -11.9685 3.557, 2.8937 -11.9685 1.6399, 0.6076 -11.9685 0.2362, 1.7836 -11.9685 1.3283, 1.7473 -11.9685 1.3909, -1.7387 -11.9685 3.7833, -1.7236 -11.9685 3.7063, -1.0675 -11.9685 3.7562, -1.2955 -11.9685 3.4937, 2.8937 -11.9685 0.2362, 2.8937 -11.9685 1.0268, 1.9639 -11.9685 1.2148, 1.727 -11.9685 1.4605, 0.8469 -11.9685 1.2707, 0.5349 -11.9685 1.1173, 1.7387 -11.9685 3.7833, 1.7731 -11.9685 3.8538, 1.8247 -11.9685 3.9129, 2.8803 -11.9685 4.6688, 2.841 -11.9685 4.7638, 2.7784 -11.9685 4.8453, 1.724 -11.9685 1.5328, 1.7383 -11.9685 1.6038, -1.8898 -11.9685 3.9567, -1.8247 -11.9685 3.9129, -0.1276 -11.9685 4.1681, -1.7731 -11.9685 3.8538, -0.4689 -11.9685 4.1018, -0.7874 -11.9685 3.9622, -2.8937 -11.9685 3.557, -2.8937 -11.9685 1.6399, -2.083 -11.9685 3.3931, -2.083 -11.9685 1.8037, -2.0047 -11.9685 3.3878, 2.6969 -11.9685 4.9079, 2.6019 -11.9685 4.9472, 1.5638 -11.9685 2.413, 1.485 -11.9685 2.0743, 1.3338 -11.9685 1.7612, 1.1176 -11.9685 1.489, -1.8339 -11.9685 1.2762, -1.8952 -11.9685 1.2376, -1.1811 -11.9685 0.2362, -1.9639 -11.9685 1.2148, -2.4016 -11.9685 0.2362, -2.8937 -11.9685 1.0268, -2.8937 -11.9685 0.2362, -1.9278 -11.9685 3.4028, -2.0108 -11.9685 1.8094, -1.9393 -11.9685 1.7976, 0.2199 -11.9685 4.1578, -1.729 -11.9685 3.6281, -1.7544 -11.9685 3.5539, -1.4604 -11.9685 3.1876, -1.7982 -11.9685 3.4888, -1.5541 -11.9685 2.8528, -1.8573 -11.9685 3.4373, -1.5721 -11.9685 2.5056, -1.5134 -11.9685 2.1628, -1.8727 -11.9685 1.7691, -1.8149 -11.9685 1.7255, -1.3809 -11.9685 1.8414, -1.724 -11.9685 1.5328, -1.1811 -11.9685 1.5568, -1.7383 -11.9685 1.6038, -1.7692 -11.9685 1.6693, -1.727 -11.9685 1.4605, -1.7473 -11.9685 1.3909, -1.7836 -11.9685 1.3283, -1.9639 -11.9685 3.9821, -2.6019 -11.9685 4.9472, -2.6969 -11.9685 4.9079, -2.7784 -11.9685 4.8453, -2.841 -11.9685 4.7638, -2.8803 -11.9685 4.6688, -2.8937 -11.9685 4.5669, -2.8937 -11.9685 4.17, 0.1969 -11.1811 1.036, 0.5349 -11.1811 1.1173, 0.8469 -11.1811 1.2707, 1.1176 -11.1811 1.489, 1.3338 -11.1811 1.7612, 1.485 -11.1811 2.0743, 1.5638 -11.1811 2.413, 1.5664 -11.1811 2.7607, 1.4926 -11.1811 3.1005, 1.3461 -11.1811 3.4158, 1.1339 -11.1811 3.6912, 0.8665 -11.1811 3.9134, 0.5568 -11.1811 4.0715, 0.2199 -11.1811 4.1578, -0.1276 -11.1811 4.1681, -0.4689 -11.1811 4.1018, -0.7874 -11.1811 3.9622, -1.0675 -11.1811 3.7562, -1.2955 -11.1811 3.4937, -1.4604 -11.1811 3.1876, -1.5541 -11.1811 2.8528, -1.5721 -11.1811 2.5056, -1.5134 -11.1811 2.1628, -1.3809 -11.1811 1.8414, -1.1811 -11.1811 1.5568, 1.8851 -3.1496 1.1749, 1.8856 -3.1496 1.1757, 1.8823 -3.217 1.1784, -0.9441 -3.3886 4.7638, -0.9441 -3.2902 4.7638, -0.9706 -3.2896 4.752, -1.253 -3.3815 4.6009, -1.2824 -3.2824 4.5822, -1.3191 -3.3799 4.5524, -1.32 -3.2815 4.5537, -1.5334 -3.3746 4.3953, -1.5617 -3.2755 4.3707, -1.6513 -3.3714 4.279, -1.6514 -3.2731 4.2792, -1.7767 -3.3681 4.1552, -1.8033 -3.2689 4.1243, -1.9303 -3.363 3.9514, -1.9292 -3.2646 3.9508, -1.9857 -3.3612 3.878, -2.0095 -3.2619 3.8401, -2.1477 -3.3543 3.5799, -2.1451 -3.2559 3.5786, -2.1537 -3.3541 3.5688, -2.1731 -3.2547 3.5246, -2.2741 -3.3469 3.2375, -2.2875 -3.2475 3.1878, -2.2872 -3.3456 3.1728, -2.2901 -3.2472 3.1734, -2.3435 -3.3399 2.8949, -2.3497 -3.2404 2.8413, -2.3514 -3.337 2.7473, -2.3525 -3.2386 2.7475, -2.3618 -3.3333 2.5525, -2.36 -3.2338 2.4961, -2.3399 -3.3287 2.3172, -2.3389 -3.2303 2.3175, -2.3299 -3.3265 2.2091, -2.3191 -3.2269 2.1492, -2.2532 -3.32 1.8957, -2.2501 -3.2216 1.8966, -2.2466 -3.3195 1.8684, -2.2257 -3.2198 1.8071, -2.1128 -3.3123 1.5419, -2.0886 -3.2129 1.4976, -2.087 -3.3112 1.4988, -2.0815 -3.2125 1.4816, -1.933 -3.3052 1.2406, -1.8916 -3.2054 1.1835, -1.8502 -3.3026 1.1394, -1.8521 -3.2042 1.1381, -1.7144 -3.2984 0.9734, -1.6639 -3.1987 0.9217, -1.5542 -3.2943 0.8272, -1.5541 -3.1959 0.8277, -1.4613 -3.2918 0.7424, -1.4002 -3.1919 0.6959, -1.2079 -3.2857 0.5717, -1.2063 -3.1873 0.5745, -1.1716 -3.2848 0.5473, -1.1005 -3.1848 0.5082, -0.8533 -3.2777 0.3957, -0.8194 -3.1786 0.3863, -0.82 -3.277 0.3856, -0.7739 -3.1775 0.3666, -0.5166 -3.2705 0.2934, -0.4312 -3.1704 0.2759, -0.4036 -3.2682 0.2767, -0.4043 -3.1698 0.2729, -0.1729 -3.2636 0.2426, -0.0842 -3.1635 0.2377, 0.0252 -3.2598 0.2424, 0.025 -3.1614 0.2418, 0.169 -3.2571 0.2423, 0.2611 -3.1569 0.2507, 0.4535 -3.2514 0.2839, 0.4528 -3.153 0.2867, 0.5127 -3.2502 0.2925, 1.5953 -3.1496 0.857, 0.6073 -3.1499 0.3156, 0.6192 -3.1496 0.3188, 0.8496 -3.2431 0.3943, 0.8533 -3.1496 0.3957, 0.8672 -3.2427 0.4026, 0.8671 -3.1496 0.4026, 1.1682 -3.2359 0.5453, 1.2435 -3.1496 0.59, 1.2497 -3.2339 0.6, 1.252 -3.1496 0.5964, 1.4582 -3.2289 0.74, 1.5914 -3.1496 0.8527, 1.5915 -3.2254 0.8612, 1.7117 -3.2223 0.9705, 2.3521 -3.1496 2.8164, 2.3488 -3.1826 2.7977, 2.3521 -3.1496 2.7979, 2.3617 -3.1874 2.5486, 2.3521 -3.1496 2.3805, 2.3446 -3.191 2.3675, 2.3496 -3.1496 2.3671, 2.3292 -3.1942 2.2052, 2.272 -3.1496 1.952, 2.2651 -3.1996 1.9446, 2.2689 -3.1496 1.9438, 2.2453 -3.2013 1.8647, 2.1146 -3.1496 1.5455, 2.1125 -3.2084 1.5421, 2.1125 -3.1496 1.5422, 2.111 -3.2085 1.5384, 1.9307 -3.2155 1.2374, 1.671 -3.1496 4.2681, 1.7792 -3.1526 4.1522, 1.8851 -3.1496 4.022, 1.8999 -3.1566 3.9917, 1.9024 -3.1496 3.9939, 1.9878 -3.1595 3.8747, 2.1146 -3.1496 3.6514, 2.1234 -3.1653 3.6241, 2.1247 -3.1496 3.6251, 2.1553 -3.1666 3.5653, 2.272 -3.1496 3.2449, 2.2752 -3.1738 3.2337, 2.2763 -3.1496 3.222, 2.2775 -3.1741 3.2222, 2.344 -3.1808 2.891, -0.9441 -3.6839 4.7638, -0.9441 -3.5855 4.7638, -0.9451 -3.5855 4.7633, -1.253 -3.6768 4.6009, -1.2563 -3.5783 4.5989, -1.3178 -3.6752 4.5534, -1.3178 -3.5768 4.5536, -1.5334 -3.6699 4.3953, -1.5363 -3.5714 4.3928, -1.6489 -3.6668 4.2813, -1.6489 -3.5684 4.2813, -1.7767 -3.6634 4.1552, -1.7792 -3.5649 4.1522, -1.9272 -3.6584 3.9555, -1.9271 -3.56 3.9554, -1.9857 -3.6565 3.878, -1.9878 -3.558 3.8747, -2.1444 -3.6497 3.5858, -2.1442 -3.5514 3.5857, -2.1537 -3.6493 3.5688, -2.1553 -3.5509 3.5653, -2.2741 -3.6422 3.2375, -2.2752 -3.5437 3.2337, -2.2856 -3.641 3.181, -2.2858 -3.5426 3.1811, -2.3435 -3.6352 2.8949, -2.344 -3.5367 2.891, -2.3508 -3.6325 2.7574, -2.3509 -3.5341 2.7574, -2.3618 -3.6285 2.5525, -2.3617 -3.5301 2.5486, -2.341 -3.6242 2.3289, -2.3409 -3.5258 2.329, -2.3299 -3.6218 2.2091, -2.3292 -3.5234 2.2052, -2.2564 -3.6156 1.9087, -2.2562 -3.5172 1.9088, -2.2466 -3.6147 1.8684, -2.2453 -3.5163 1.8647, -2.1128 -3.6075 1.5419, -2.111 -3.5091 1.5384, -2.0947 -3.6068 1.5117, -2.095 -3.5084 1.5116, -1.933 -3.6005 1.2406, -1.9307 -3.502 1.2374, -1.8609 -3.5982 1.1525, -1.8609 -3.4998 1.1524, -1.7144 -3.5937 0.9734, -1.7117 -3.4952 0.9705, -1.5679 -3.5899 0.8397, -1.5679 -3.4915 0.8397, -1.4613 -3.5871 0.7424, -1.4582 -3.4886 0.74, -1.2247 -3.5814 0.583, -1.2246 -3.483 0.5831, -1.1716 -3.5801 0.5473, -1.1682 -3.4817 0.5453, -0.8533 -3.5729 0.3957, -0.8496 -3.4745 0.3943, -0.8408 -3.5727 0.3919, -0.8409 -3.4743 0.3917, -0.5166 -3.5658 0.2934, -0.5127 -3.4673 0.2925, -0.4269 -3.564 0.2801, -0.4269 -3.4656 0.28, -0.1729 -3.5589 0.2426, -0.169 -3.4604 0.2423, 0.0 -3.5556 0.2424, -0.0 -3.4572 0.2424, 0.169 -3.5524 0.2423, 0.1729 -3.4539 0.2426, 0.4269 -3.5472 0.28, 0.4269 -3.4488 0.2801, 0.5127 -3.5455 0.2925, 0.5166 -3.447 0.2934, 0.8409 -3.5385 0.3917, 0.8408 -3.4401 0.3919, 0.8496 -3.5383 0.3943, 0.8533 -3.4399 0.3957, 1.1682 -3.5311 0.5453, 1.1716 -3.4327 0.5473, 1.2246 -3.5298 0.5831, 1.2247 -3.4314 0.583, 1.4582 -3.5242 0.74, 1.4613 -3.4257 0.7424, 1.5679 -3.5213 0.8397, 1.5679 -3.4229 0.8397, 1.7117 -3.5176 0.9705, 1.7144 -3.4191 0.9734, 1.8609 -3.513 1.1524, 1.8609 -3.4146 1.1525, 1.9307 -3.5108 1.2374, 1.933 -3.4124 1.2406, 2.095 -3.5044 1.5116, 2.0947 -3.406 1.5117, 2.111 -3.5037 1.5384, 2.1128 -3.4053 1.5419, 2.2453 -3.4965 1.8647, 2.2466 -3.3981 1.8684, 2.2562 -3.4956 1.9088, 2.2564 -3.3972 1.9087, 2.3292 -3.4895 2.2052, 2.3299 -3.391 2.2091, 2.3409 -3.487 2.329, 2.341 -3.3886 2.3289, 2.3617 -3.4827 2.5486, 2.3618 -3.3843 2.5525, 2.3509 -3.4787 2.7574, 2.3508 -3.3803 2.7574, 2.344 -3.4761 2.891, 2.3435 -3.3777 2.8949, 2.2858 -3.4702 3.1811, 2.2856 -3.3718 3.181, 2.2752 -3.4691 3.2337, 2.2741 -3.3707 3.2375, 2.1553 -3.4619 3.5653, 2.1537 -3.3635 3.5688, 2.1442 -3.4615 3.5857, 2.1444 -3.3631 3.5858, 1.9878 -3.4548 3.8747, 1.9857 -3.3563 3.878, 1.9271 -3.4528 3.9554, 1.9272 -3.3544 3.9555, 1.7792 -3.4479 4.1522, 1.7767 -3.3495 4.1552, 1.6489 -3.4444 4.2813, 1.6489 -3.346 4.2813, 1.5363 -3.4414 4.3928, 1.5334 -3.3429 4.3953, 1.3178 -3.436 4.5536, 1.3178 -3.3376 4.5534, 1.2563 -3.4345 4.5989, 1.253 -3.336 4.6009, 0.9451 -3.4273 4.7633, 0.9441 -3.3289 4.7638, 0.9441 -3.4273 4.7638, -0.9441 -3.9792 4.7638, -0.9441 -3.8808 4.7638, -0.9451 -3.8808 4.7633, -1.253 -3.9721 4.6009, -1.2563 -3.8736 4.5989, -1.3178 -3.9705 4.5534, -1.3178 -3.8721 4.5536, -1.5334 -3.9652 4.3953, -1.5363 -3.8667 4.3928, -1.6489 -3.9621 4.2813, -1.6489 -3.8637 4.2813, -1.7767 -3.9586 4.1552, -1.7792 -3.8602 4.1522, -1.9272 -3.9537 3.9555, -1.9271 -3.8553 3.9554, -1.9857 -3.9518 3.878, -1.9878 -3.8533 3.8747, -2.1444 -3.945 3.5858, -2.1442 -3.8466 3.5857, -2.1537 -3.9446 3.5688, -2.1553 -3.8462 3.5653, -2.2741 -3.9374 3.2375, -2.2752 -3.839 3.2337, -2.2856 -3.9363 3.181, -2.2858 -3.8379 3.1811, -2.3435 -3.9304 2.8949, -2.344 -3.832 2.891, -2.3508 -3.9278 2.7574, -2.3509 -3.8294 2.7574, -2.3618 -3.9238 2.5525, -2.3617 -3.8254 2.5486, -2.341 -3.9194 2.3289, -2.3409 -3.8211 2.329, -2.3299 -3.9171 2.2091, -2.3292 -3.8186 2.2052, -2.2564 -3.9109 1.9087, -2.2562 -3.8125 1.9088, -2.2466 -3.91 1.8684, -2.2453 -3.8116 1.8647, -2.1128 -3.9028 1.5419, -2.111 -3.8043 1.5384, -2.0947 -3.9021 1.5117, -2.095 -3.8037 1.5116, -1.933 -3.8957 1.2406, -1.9307 -3.7973 1.2374, -1.8609 -3.8935 1.1525, -1.8609 -3.7951 1.1524, -1.7144 -3.889 0.9734, -1.7117 -3.7905 0.9705, -1.5679 -3.8852 0.8397, -1.5679 -3.7868 0.8397, -1.4613 -3.8824 0.7424, -1.4582 -3.7839 0.74, -1.2247 -3.8767 0.583, -1.2246 -3.7783 0.5831, -1.1716 -3.8754 0.5473, -1.1682 -3.7769 0.5453, -0.8533 -3.8682 0.3957, -0.8496 -3.7697 0.3943, -0.8408 -3.8679 0.3919, -0.8409 -3.7696 0.3917, -0.5166 -3.8611 0.2934, -0.5127 -3.7626 0.2925, -0.4269 -3.8593 0.2801, -0.4269 -3.7609 0.28, -0.1729 -3.8542 0.2426, -0.169 -3.7557 0.2423, 0.0 -3.8509 0.2424, -0.0 -3.7525 0.2424, 0.169 -3.8476 0.2423, 0.1729 -3.7492 0.2426, 0.4269 -3.8425 0.28, 0.4269 -3.7441 0.2801, 0.5127 -3.8408 0.2925, 0.5166 -3.7423 0.2934, 0.8409 -3.8338 0.3917, 0.8408 -3.7354 0.3919, 0.8496 -3.8336 0.3943, 0.8533 -3.7351 0.3957, 1.1682 -3.8264 0.5453, 1.1716 -3.728 0.5473, 1.2246 -3.8251 0.5831, 1.2247 -3.7267 0.583, 1.4582 -3.8194 0.74, 1.4613 -3.721 0.7424, 1.5679 -3.8166 0.8397, 1.5679 -3.7182 0.8397, 1.7117 -3.8128 0.9705, 1.7144 -3.7144 0.9734, 1.8609 -3.8082 1.1524, 1.8609 -3.7099 1.1525, 1.9307 -3.8061 1.2374, 1.933 -3.7076 1.2406, 2.095 -3.7996 1.5116, 2.0947 -3.7013 1.5117, 2.111 -3.799 1.5384, 2.1128 -3.7005 1.5419, 2.2453 -3.7918 1.8647, 2.2466 -3.6933 1.8684, 2.2562 -3.7909 1.9088, 2.2564 -3.6925 1.9087, 2.3292 -3.7847 2.2052, 2.3299 -3.6863 2.2091, 2.3409 -3.7823 2.329, 2.341 -3.6839 2.3289, 2.3617 -3.778 2.5486, 2.3618 -3.6795 2.5525, 2.3509 -3.774 2.7574, 2.3508 -3.6756 2.7574, 2.344 -3.7714 2.891, 2.3435 -3.6729 2.8949, 2.2858 -3.7655 3.1811, 2.2856 -3.6671 3.181, 2.2752 -3.7644 3.2337, 2.2741 -3.6659 3.2375, 2.1553 -3.7572 3.5653, 2.1537 -3.6587 3.5688, 2.1442 -3.7567 3.5857, 2.1444 -3.6583 3.5858, 1.9878 -3.7501 3.8747, 1.9857 -3.6516 3.878, 1.9271 -3.7481 3.9554, 1.9272 -3.6497 3.9555, 1.7792 -3.7432 4.1522, 1.7767 -3.6447 4.1552, 1.6489 -3.7397 4.2813, 1.6489 -3.6413 4.2813, 1.5363 -3.7366 4.3928, 1.5334 -3.6382 4.3953, 1.3178 -3.7313 4.5536, 1.3178 -3.6329 4.5534, 1.2563 -3.7298 4.5989, 1.253 -3.6313 4.6009, 0.9451 -3.7226 4.7633, 0.9441 -3.6242 4.7638, 0.9441 -3.7226 4.7638, -0.9441 -4.2744 4.7638, -0.9441 -4.1761 4.7638, -0.9451 -4.176 4.7633, -1.253 -4.2673 4.6009, -1.2563 -4.1689 4.5989, -1.3178 -4.2657 4.5534, -1.3178 -4.1674 4.5536, -1.5334 -4.2604 4.3953, -1.5363 -4.162 4.3928, -1.6489 -4.2573 4.2813, -1.6489 -4.159 4.2813, -1.7767 -4.2539 4.1552, -1.7792 -4.1554 4.1522, -1.9272 -4.249 3.9555, -1.9271 -4.1506 3.9554, -1.9857 -4.247 3.878, -1.9878 -4.1486 3.8747, -2.1444 -4.2403 3.5858, -2.1442 -4.1419 3.5857, -2.1537 -4.2399 3.5688, -2.1553 -4.1414 3.5653, -2.2741 -4.2327 3.2375, -2.2752 -4.1342 3.2337, -2.2856 -4.2316 3.181, -2.2858 -4.1332 3.1811, -2.3435 -4.2257 2.8949, -2.344 -4.1272 2.891, -2.3508 -4.2231 2.7574, -2.3509 -4.1247 2.7574, -2.3618 -4.2191 2.5525, -2.3617 -4.1206 2.5486, -2.341 -4.2147 2.3289, -2.3409 -4.1163 2.329, -2.3299 -4.2124 2.2091, -2.3292 -4.1139 2.2052, -2.2564 -4.2061 1.9087, -2.2562 -4.1077 1.9088, -2.2466 -4.2053 1.8684, -2.2453 -4.1068 1.8647, -2.1128 -4.1981 1.5419, -2.111 -4.0996 1.5384, -2.0947 -4.1974 1.5117, -2.095 -4.099 1.5116, -1.933 -4.191 1.2406, -1.9307 -4.0925 1.2374, -1.8609 -4.1888 1.1525, -1.8609 -4.0904 1.1524, -1.7144 -4.1843 0.9734, -1.7117 -4.0858 0.9705, -1.5679 -4.1804 0.8397, -1.5679 -4.0821 0.8397, -1.4613 -4.1777 0.7424, -1.4582 -4.0792 0.74, -1.2247 -4.172 0.583, -1.2246 -4.0736 0.5831, -1.1716 -4.1707 0.5473, -1.1682 -4.0722 0.5453, -0.8533 -4.1635 0.3957, -0.8496 -4.065 0.3943, -0.8408 -4.1632 0.3919, -0.8409 -4.0648 0.3917, -0.5166 -4.1563 0.2934, -0.5127 -4.0579 0.2925, -0.4269 -4.1545 0.2801, -0.4269 -4.0562 0.28, -0.1729 -4.1495 0.2426, -0.169 -4.051 0.2423, 0.0 -4.1461 0.2424, -0.0 -4.0478 0.2424, 0.169 -4.1429 0.2423, 0.1729 -4.0444 0.2426, 0.4269 -4.1378 0.28, 0.4269 -4.0394 0.2801, 0.5127 -4.136 0.2925, 0.5166 -4.0376 0.2934, 0.8409 -4.1291 0.3917, 0.8408 -4.0307 0.3919, 0.8496 -4.1289 0.3943, 0.8533 -4.0304 0.3957, 1.1682 -4.1217 0.5453, 1.1716 -4.0232 0.5473, 1.2246 -4.1203 0.5831, 1.2247 -4.022 0.583, 1.4582 -4.1147 0.74, 1.4613 -4.0162 0.7424, 1.5679 -4.1119 0.8397, 1.5679 -4.0135 0.8397, 1.7117 -4.1081 0.9705, 1.7144 -4.0097 0.9734, 1.8609 -4.1035 1.1524, 1.8609 -4.0051 1.1525, 1.9307 -4.1014 1.2374, 1.933 -4.0029 1.2406, 2.095 -4.0949 1.5116, 2.0947 -3.9965 1.5117, 2.111 -4.0943 1.5384, 2.1128 -3.9958 1.5419, 2.2453 -4.0871 1.8647, 2.2466 -3.9886 1.8684, 2.2562 -4.0862 1.9088, 2.2564 -3.9878 1.9087, 2.3292 -4.08 2.2052, 2.3299 -3.9815 2.2091, 2.3409 -4.0776 2.329, 2.341 -3.9792 2.3289, 2.3617 -4.0733 2.5486, 2.3618 -3.9748 2.5525, 2.3509 -4.0692 2.7574, 2.3508 -3.9709 2.7574, 2.344 -4.0667 2.891, 2.3435 -3.9682 2.8949, 2.2858 -4.0607 3.1811, 2.2856 -3.9624 3.181, 2.2752 -4.0597 3.2337, 2.2741 -3.9612 3.2375, 2.1553 -4.0525 3.5653, 2.1537 -3.954 3.5688, 2.1442 -4.052 3.5857, 2.1444 -3.9536 3.5858, 1.9878 -4.0453 3.8747, 1.9857 -3.9469 3.878, 1.9271 -4.0433 3.9554, 1.9272 -3.9449 3.9555, 1.7792 -4.0385 4.1522, 1.7767 -3.94 4.1552, 1.6489 -4.035 4.2813, 1.6489 -3.9366 4.2813, 1.5363 -4.0319 4.3928, 1.5334 -3.9335 4.3953, 1.3178 -4.0265 4.5536, 1.3178 -3.9282 4.5534, 1.2563 -4.025 4.5989, 1.253 -3.9266 4.6009, 0.9451 -4.0179 4.7633, 0.9441 -3.9195 4.7638, 0.9441 -4.0179 4.7638, -0.9441 -4.5697 4.7638, -0.9441 -4.4713 4.7638, -0.9451 -4.4713 4.7633, -1.253 -4.5626 4.6009, -1.2563 -4.4642 4.5989, -1.3178 -4.561 4.5534, -1.3178 -4.4626 4.5536, -1.5334 -4.5557 4.3953, -1.5363 -4.4573 4.3928, -1.6489 -4.5526 4.2813, -1.6489 -4.4542 4.2813, -1.7767 -4.5492 4.1552, -1.7792 -4.4507 4.1522, -1.9272 -4.5442 3.9555, -1.9271 -4.4458 3.9554, -1.9857 -4.5423 3.878, -1.9878 -4.4439 3.8747, -2.1444 -4.5356 3.5858, -2.1442 -4.4372 3.5857, -2.1537 -4.5352 3.5688, -2.1553 -4.4367 3.5653, -2.2741 -4.528 3.2375, -2.2752 -4.4295 3.2337, -2.2856 -4.5268 3.181, -2.2858 -4.4284 3.1811, -2.3435 -4.521 2.8949, -2.344 -4.4225 2.891, -2.3508 -4.5183 2.7574, -2.3509 -4.4199 2.7574, -2.3618 -4.5144 2.5525, -2.3617 -4.4159 2.5486, -2.341 -4.51 2.3289, -2.3409 -4.4116 2.329, -2.3299 -4.5076 2.2091, -2.3292 -4.4092 2.2052, -2.2564 -4.5014 1.9087, -2.2562 -4.403 1.9088, -2.2466 -4.5006 1.8684, -2.2453 -4.4021 1.8647, -2.1128 -4.4934 1.5419, -2.111 -4.3949 1.5384, -2.0947 -4.4927 1.5117, -2.095 -4.3943 1.5116, -1.933 -4.4863 1.2406, -1.9307 -4.3878 1.2374, -1.8609 -4.4841 1.1525, -1.8609 -4.3857 1.1524, -1.7144 -4.4795 0.9734, -1.7117 -4.3811 0.9705, -1.5679 -4.4757 0.8397, -1.5679 -4.3773 0.8397, -1.4613 -4.4729 0.7424, -1.4582 -4.3745 0.74, -1.2247 -4.4672 0.583, -1.2246 -4.3688 0.5831, -1.1716 -4.4659 0.5473, -1.1682 -4.3675 0.5453, -0.8533 -4.4588 0.3957, -0.8496 -4.3603 0.3943, -0.8408 -4.4585 0.3919, -0.8409 -4.3601 0.3917, -0.5166 -4.4516 0.2934, -0.5127 -4.3531 0.2925, -0.4269 -4.4498 0.2801, -0.4269 -4.3514 0.28, -0.1729 -4.4447 0.2426, -0.169 -4.3463 0.2423, 0.0 -4.4414 0.2424, -0.0 -4.343 0.2424, 0.169 -4.4382 0.2423, 0.1729 -4.3397 0.2426, 0.4269 -4.433 0.28, 0.4269 -4.3346 0.2801, 0.5127 -4.4313 0.2925, 0.5166 -4.3328 0.2934, 0.8409 -4.4243 0.3917, 0.8408 -4.326 0.3919, 0.8496 -4.4242 0.3943, 0.8533 -4.3257 0.3957, 1.1682 -4.417 0.5453, 1.1716 -4.3185 0.5473, 1.2246 -4.4156 0.5831, 1.2247 -4.3172 0.583, 1.4582 -4.41 0.74, 1.4613 -4.3115 0.7424, 1.5679 -4.4071 0.8397, 1.5679 -4.3087 0.8397, 1.7117 -4.4034 0.9705, 1.7144 -4.3049 0.9734, 1.8609 -4.3988 1.1524, 1.8609 -4.3004 1.1525, 1.9307 -4.3966 1.2374, 1.933 -4.2982 1.2406, 2.095 -4.3902 1.5116, 2.0947 -4.2918 1.5117, 2.111 -4.3896 1.5384, 2.1128 -4.2911 1.5419, 2.2453 -4.3824 1.8647, 2.2466 -4.2839 1.8684, 2.2562 -4.3814 1.9088, 2.2564 -4.2831 1.9087, 2.3292 -4.3753 2.2052, 2.3299 -4.2768 2.2091, 2.3409 -4.3729 2.329, 2.341 -4.2745 2.3289, 2.3617 -4.3685 2.5486, 2.3618 -4.2701 2.5525, 2.3509 -4.3645 2.7574, 2.3508 -4.2661 2.7574, 2.344 -4.3619 2.891, 2.3435 -4.2635 2.8949, 2.2858 -4.356 3.1811, 2.2856 -4.2576 3.181, 2.2752 -4.3549 3.2337, 2.2741 -4.2565 3.2375, 2.1553 -4.3477 3.5653, 2.1537 -4.2493 3.5688, 2.1442 -4.3473 3.5857, 2.1444 -4.2489 3.5858, 1.9878 -4.3406 3.8747, 1.9857 -4.2421 3.878, 1.9271 -4.3386 3.9554, 1.9272 -4.2402 3.9555, 1.7792 -4.3337 4.1522, 1.7767 -4.2353 4.1552, 1.6489 -4.3302 4.2813, 1.6489 -4.2318 4.2813, 1.5363 -4.3272 4.3928, 1.5334 -4.2287 4.3953, 1.3178 -4.3218 4.5536, 1.3178 -4.2234 4.5534, 1.2563 -4.3203 4.5989, 1.253 -4.2218 4.6009, 0.9451 -4.3131 4.7633, 0.9441 -4.2147 4.7638, 0.9441 -4.3131 4.7638, -0.9441 -4.865 4.7638, -0.9441 -4.7666 4.7638, -0.9451 -4.7666 4.7633, -1.253 -4.8579 4.6009, -1.2563 -4.7594 4.5989, -1.3178 -4.8563 4.5534, -1.3178 -4.7579 4.5536, -1.5334 -4.851 4.3953, -1.5363 -4.7525 4.3928, -1.6489 -4.8479 4.2813, -1.6489 -4.7495 4.2813, -1.7767 -4.8445 4.1552, -1.7792 -4.746 4.1522, -1.9272 -4.8395 3.9555, -1.9271 -4.7411 3.9554, -1.9857 -4.8376 3.878, -1.9878 -4.7391 3.8747, -2.1444 -4.8308 3.5858, -2.1442 -4.7325 3.5857, -2.1537 -4.8304 3.5688, -2.1553 -4.732 3.5653, -2.2741 -4.8233 3.2375, -2.2752 -4.7248 3.2337, -2.2856 -4.8221 3.181, -2.2858 -4.7237 3.1811, -2.3435 -4.8163 2.8949, -2.344 -4.7178 2.891, -2.3508 -4.8136 2.7574, -2.3509 -4.7152 2.7574, -2.3618 -4.8096 2.5525, -2.3617 -4.7112 2.5486, -2.341 -4.8053 2.3289, -2.3409 -4.7069 2.329, -2.3299 -4.8029 2.2091, -2.3292 -4.7045 2.2052, -2.2564 -4.7967 1.9087, -2.2562 -4.6983 1.9088, -2.2466 -4.7958 1.8684, -2.2453 -4.6974 1.8647, -2.1128 -4.7886 1.5419, -2.111 -4.6902 1.5384, -2.0947 -4.7879 1.5117, -2.095 -4.6895 1.5116, -1.933 -4.7816 1.2406, -1.9307 -4.6831 1.2374, -1.8609 -4.7793 1.1525, -1.8609 -4.6809 1.1524, -1.7144 -4.7748 0.9734, -1.7117 -4.6763 0.9705, -1.5679 -4.771 0.8397, -1.5679 -4.6726 0.8397, -1.4613 -4.7682 0.7424, -1.4582 -4.6697 0.74, -1.2247 -4.7625 0.583, -1.2246 -4.6641 0.5831, -1.1716 -4.7612 0.5473, -1.1682 -4.6628 0.5453, -0.8533 -4.754 0.3957, -0.8496 -4.6556 0.3943, -0.8408 -4.7538 0.3919, -0.8409 -4.6554 0.3917, -0.5166 -4.7469 0.2934, -0.5127 -4.6484 0.2925, -0.4269 -4.7451 0.2801, -0.4269 -4.6467 0.28, -0.1729 -4.74 0.2426, -0.169 -4.6415 0.2423, 0.0 -4.7367 0.2424, -0.0 -4.6383 0.2424, 0.169 -4.7335 0.2423, 0.1729 -4.635 0.2426, 0.4269 -4.7283 0.28, 0.4269 -4.6299 0.2801, 0.5127 -4.7266 0.2925, 0.5166 -4.6281 0.2934, 0.8409 -4.7196 0.3917, 0.8408 -4.6212 0.3919, 0.8496 -4.7194 0.3943, 0.8533 -4.621 0.3957, 1.1682 -4.7122 0.5453, 1.1716 -4.6138 0.5473, 1.2246 -4.7109 0.5831, 1.2247 -4.6125 0.583, 1.4582 -4.7053 0.74, 1.4613 -4.6068 0.7424, 1.5679 -4.7024 0.8397, 1.5679 -4.604 0.8397, 1.7117 -4.6987 0.9705, 1.7144 -4.6002 0.9734, 1.8609 -4.6941 1.1524, 1.8609 -4.5957 1.1525, 1.9307 -4.6919 1.2374, 1.933 -4.5935 1.2406, 2.095 -4.6855 1.5116, 2.0947 -4.5871 1.5117, 2.111 -4.6848 1.5384, 2.1128 -4.5864 1.5419, 2.2453 -4.6776 1.8647, 2.2466 -4.5792 1.8684, 2.2562 -4.6767 1.9088, 2.2564 -4.5783 1.9087, 2.3292 -4.6706 2.2052, 2.3299 -4.5721 2.2091, 2.3409 -4.6681 2.329, 2.341 -4.5697 2.3289, 2.3617 -4.6638 2.5486, 2.3618 -4.5654 2.5525, 2.3509 -4.6598 2.7574, 2.3508 -4.5614 2.7574, 2.344 -4.6572 2.891, 2.3435 -4.5588 2.8949, 2.2858 -4.6513 3.1811, 2.2856 -4.5529 3.181, 2.2752 -4.6502 3.2337, 2.2741 -4.5518 3.2375, 2.1553 -4.643 3.5653, 2.1537 -4.5446 3.5688, 2.1442 -4.6426 3.5857, 2.1444 -4.5442 3.5858, 1.9878 -4.6359 3.8747, 1.9857 -4.5374 3.878, 1.9271 -4.6339 3.9554, 1.9272 -4.5355 3.9555, 1.7792 -4.629 4.1522, 1.7767 -4.5306 4.1552, 1.6489 -4.6255 4.2813, 1.6489 -4.5271 4.2813, 1.5363 -4.6225 4.3928, 1.5334 -4.524 4.3953, 1.3178 -4.6171 4.5536, 1.3178 -4.5187 4.5534, 1.2563 -4.6156 4.5989, 1.253 -4.5171 4.6009, 0.9451 -4.6084 4.7633, 0.9441 -4.51 4.7638, 0.9441 -4.6084 4.7638, -0.9441 -5.1603 4.7638, -0.9441 -5.0619 4.7638, -0.9451 -5.0619 4.7633, -1.253 -5.1532 4.6009, -1.2563 -5.0547 4.5989, -1.3178 -5.1516 4.5534, -1.3178 -5.0532 4.5536, -1.5334 -5.1463 4.3953, -1.5363 -5.0478 4.3928, -1.6489 -5.1432 4.2813, -1.6489 -5.0448 4.2813, -1.7767 -5.1397 4.1552, -1.7792 -5.0413 4.1522, -1.9272 -5.1348 3.9555, -1.9271 -5.0364 3.9554, -1.9857 -5.1329 3.878, -1.9878 -5.0344 3.8747, -2.1444 -5.1261 3.5858, -2.1442 -5.0277 3.5857, -2.1537 -5.1257 3.5688, -2.1553 -5.0273 3.5653, -2.2741 -5.1185 3.2375, -2.2752 -5.0201 3.2337, -2.2856 -5.1174 3.181, -2.2858 -5.019 3.1811, -2.3435 -5.1115 2.8949, -2.344 -5.0131 2.891, -2.3508 -5.1089 2.7574, -2.3509 -5.0105 2.7574, -2.3618 -5.1049 2.5525, -2.3617 -5.0065 2.5486, -2.341 -5.1005 2.3289, -2.3409 -5.0022 2.329, -2.3299 -5.0982 2.2091, -2.3292 -4.9997 2.2052, -2.2564 -5.092 1.9087, -2.2562 -4.9936 1.9088, -2.2466 -5.0911 1.8684, -2.2453 -4.9927 1.8647, -2.1128 -5.0839 1.5419, -2.111 -4.9855 1.5384, -2.0947 -5.0832 1.5117, -2.095 -4.9848 1.5116, -1.933 -5.0768 1.2406, -1.9307 -4.9784 1.2374, -1.8609 -5.0746 1.1525, -1.8609 -4.9762 1.1524, -1.7144 -5.0701 0.9734, -1.7117 -4.9716 0.9705, -1.5679 -5.0663 0.8397, -1.5679 -4.9679 0.8397, -1.4613 -5.0635 0.7424, -1.4582 -4.965 0.74, -1.2247 -5.0578 0.583, -1.2246 -4.9594 0.5831, -1.1716 -5.0565 0.5473, -1.1682 -4.958 0.5453, -0.8533 -5.0493 0.3957, -0.8496 -4.9508 0.3943, -0.8408 -5.049 0.3919, -0.8409 -4.9507 0.3917, -0.5166 -5.0422 0.2934, -0.5127 -4.9437 0.2925, -0.4269 -5.0404 0.2801, -0.4269 -4.942 0.28, -0.1729 -5.0353 0.2426, -0.169 -4.9368 0.2423, 0.0 -5.032 0.2424, -0.0 -4.9336 0.2424, 0.169 -5.0287 0.2423, 0.1729 -4.9303 0.2426, 0.4269 -5.0236 0.28, 0.4269 -4.9252 0.2801, 0.5127 -5.0219 0.2925, 0.5166 -4.9234 0.2934, 0.8409 -5.0149 0.3917, 0.8408 -4.9165 0.3919, 0.8496 -5.0147 0.3943, 0.8533 -4.9162 0.3957, 1.1682 -5.0075 0.5453, 1.1716 -4.9091 0.5473, 1.2246 -5.0062 0.5831, 1.2247 -4.9078 0.583, 1.4582 -5.0005 0.74, 1.4613 -4.9021 0.7424, 1.5679 -4.9977 0.8397, 1.5679 -4.8993 0.8397, 1.7117 -4.9939 0.9705, 1.7144 -4.8955 0.9734, 1.8609 -4.9893 1.1524, 1.8609 -4.891 1.1525, 1.9307 -4.9872 1.2374, 1.933 -4.8887 1.2406, 2.095 -4.9807 1.5116, 2.0947 -4.8824 1.5117, 2.111 -4.9801 1.5384, 2.1128 -4.8816 1.5419, 2.2453 -4.9729 1.8647, 2.2466 -4.8744 1.8684, 2.2562 -4.972 1.9088, 2.2564 -4.8736 1.9087, 2.3292 -4.9658 2.2052, 2.3299 -4.8674 2.2091, 2.3409 -4.9634 2.329, 2.341 -4.865 2.3289, 2.3617 -4.9591 2.5486, 2.3618 -4.8606 2.5525, 2.3509 -4.9551 2.7574, 2.3508 -4.8567 2.7574, 2.344 -4.9525 2.891, 2.3435 -4.854 2.8949, 2.2858 -4.9466 3.1811, 2.2856 -4.8482 3.181, 2.2752 -4.9455 3.2337, 2.2741 -4.847 3.2375, 2.1553 -4.9383 3.5653, 2.1537 -4.8398 3.5688, 2.1442 -4.9378 3.5857, 2.1444 -4.8394 3.5858, 1.9878 -4.9312 3.8747, 1.9857 -4.8327 3.878, 1.9271 -4.9292 3.9554, 1.9272 -4.8308 3.9555, 1.7792 -4.9243 4.1522, 1.7767 -4.8258 4.1552, 1.6489 -4.9208 4.2813, 1.6489 -4.8224 4.2813, 1.5363 -4.9177 4.3928, 1.5334 -4.8193 4.3953, 1.3178 -4.9124 4.5536, 1.3178 -4.814 4.5534, 1.2563 -4.9109 4.5989, 1.253 -4.8124 4.6009, 0.9451 -4.9037 4.7633, 0.9441 -4.8053 4.7638, 0.9441 -4.9037 4.7638, -0.9441 -5.4555 4.7638, -0.9441 -5.3572 4.7638, -0.9451 -5.3571 4.7633, -1.253 -5.4484 4.6009, -1.2563 -5.35 4.5989, -1.3178 -5.4469 4.5534, -1.3178 -5.3485 4.5536, -1.5334 -5.4416 4.3953, -1.5363 -5.3431 4.3928, -1.6489 -5.4384 4.2813, -1.6489 -5.3401 4.2813, -1.7767 -5.435 4.1552, -1.7792 -5.3365 4.1522, -1.9272 -5.4301 3.9555, -1.9271 -5.3317 3.9554, -1.9857 -5.4281 3.878, -1.9878 -5.3297 3.8747, -2.1444 -5.4214 3.5858, -2.1442 -5.323 3.5857, -2.1537 -5.421 3.5688, -2.1553 -5.3225 3.5653, -2.2741 -5.4138 3.2375, -2.2752 -5.3153 3.2337, -2.2856 -5.4127 3.181, -2.2858 -5.3143 3.1811, -2.3435 -5.4068 2.8949, -2.344 -5.3083 2.891, -2.3508 -5.4042 2.7574, -2.3509 -5.3058 2.7574, -2.3618 -5.4002 2.5525, -2.3617 -5.3017 2.5486, -2.341 -5.3958 2.3289, -2.3409 -5.2974 2.329, -2.3299 -5.3935 2.2091, -2.3292 -5.295 2.2052, -2.2564 -5.3872 1.9087, -2.2562 -5.2888 1.9088, -2.2466 -5.3864 1.8684, -2.2453 -5.2879 1.8647, -2.1128 -5.3792 1.5419, -2.111 -5.2807 1.5384, -2.0947 -5.3785 1.5117, -2.095 -5.2801 1.5116, -1.933 -5.3721 1.2406, -1.9307 -5.2736 1.2374, -1.8609 -5.3699 1.1525, -1.8609 -5.2715 1.1524, -1.7144 -5.3654 0.9734, -1.7117 -5.2669 0.9705, -1.5679 -5.3615 0.8397, -1.5679 -5.2632 0.8397, -1.4613 -5.3588 0.7424, -1.4582 -5.2603 0.74, -1.2247 -5.3531 0.583, -1.2246 -5.2547 0.5831, -1.1716 -5.3518 0.5473, -1.1682 -5.2533 0.5453, -0.8533 -5.3446 0.3957, -0.8496 -5.2461 0.3943, -0.8408 -5.3443 0.3919, -0.8409 -5.2459 0.3917, -0.5166 -5.3374 0.2934, -0.5127 -5.239 0.2925, -0.4269 -5.3356 0.2801, -0.4269 -5.2373 0.28, -0.1729 -5.3306 0.2426, -0.169 -5.2321 0.2423, 0.0 -5.3273 0.2424, -0.0 -5.2289 0.2424, 0.169 -5.324 0.2423, 0.1729 -5.2256 0.2426, 0.4269 -5.3189 0.28, 0.4269 -5.2205 0.2801, 0.5127 -5.3171 0.2925, 0.5166 -5.2187 0.2934, 0.8409 -5.3102 0.3917, 0.8408 -5.2118 0.3919, 0.8496 -5.31 0.3943, 0.8533 -5.2115 0.3957, 1.1682 -5.3028 0.5453, 1.1716 -5.2043 0.5473, 1.2246 -5.3014 0.5831, 1.2247 -5.2031 0.583, 1.4582 -5.2958 0.74, 1.4613 -5.1973 0.7424, 1.5679 -5.293 0.8397, 1.5679 -5.1946 0.8397, 1.7117 -5.2892 0.9705, 1.7144 -5.1908 0.9734, 1.8609 -5.2846 1.1524, 1.8609 -5.1862 1.1525, 1.9307 -5.2825 1.2374, 1.933 -5.184 1.2406, 2.095 -5.276 1.5116, 2.0947 -5.1776 1.5117, 2.111 -5.2754 1.5384, 2.1128 -5.1769 1.5419, 2.2453 -5.2682 1.8647, 2.2466 -5.1697 1.8684, 2.2562 -5.2673 1.9088, 2.2564 -5.1689 1.9087, 2.3292 -5.2611 2.2052, 2.3299 -5.1626 2.2091, 2.3409 -5.2587 2.329, 2.341 -5.1603 2.3289, 2.3617 -5.2544 2.5486, 2.3618 -5.1559 2.5525, 2.3509 -5.2503 2.7574, 2.3508 -5.152 2.7574, 2.344 -5.2478 2.891, 2.3435 -5.1493 2.8949, 2.2858 -5.2418 3.1811, 2.2856 -5.1435 3.181, 2.2752 -5.2408 3.2337, 2.2741 -5.1423 3.2375, 2.1553 -5.2336 3.5653, 2.1537 -5.1351 3.5688, 2.1442 -5.2331 3.5857, 2.1444 -5.1347 3.5858, 1.9878 -5.2264 3.8747, 1.9857 -5.128 3.878, 1.9271 -5.2244 3.9554, 1.9272 -5.1261 3.9555, 1.7792 -5.2196 4.1522, 1.7767 -5.1211 4.1552, 1.6489 -5.2161 4.2813, 1.6489 -5.1177 4.2813, 1.5363 -5.213 4.3928, 1.5334 -5.1146 4.3953, 1.3178 -5.2076 4.5536, 1.3178 -5.1093 4.5534, 1.2563 -5.2061 4.5989, 1.253 -5.1077 4.6009, 0.9451 -5.199 4.7633, 0.9441 -5.1006 4.7638, 0.9441 -5.199 4.7638, -0.9441 -5.7508 4.7638, -0.9441 -5.6524 4.7638, -0.9451 -5.6524 4.7633, -1.253 -5.7437 4.6009, -1.2563 -5.6453 4.5989, -1.3178 -5.7421 4.5534, -1.3178 -5.6437 4.5536, -1.5334 -5.7368 4.3953, -1.5363 -5.6384 4.3928, -1.6489 -5.7337 4.2813, -1.6489 -5.6353 4.2813, -1.7767 -5.7303 4.1552, -1.7792 -5.6318 4.1522, -1.9272 -5.7253 3.9555, -1.9271 -5.6269 3.9554, -1.9857 -5.7234 3.878, -1.9878 -5.625 3.8747, -2.1444 -5.7167 3.5858, -2.1442 -5.6183 3.5857, -2.1537 -5.7163 3.5688, -2.1553 -5.6178 3.5653, -2.2741 -5.7091 3.2375, -2.2752 -5.6106 3.2337, -2.2856 -5.7079 3.181, -2.2858 -5.6095 3.1811, -2.3435 -5.7021 2.8949, -2.344 -5.6036 2.891, -2.3508 -5.6994 2.7574, -2.3509 -5.601 2.7574, -2.3618 -5.6955 2.5525, -2.3617 -5.597 2.5486, -2.341 -5.6911 2.3289, -2.3409 -5.5927 2.329, -2.3299 -5.6887 2.2091, -2.3292 -5.5903 2.2052, -2.2564 -5.6825 1.9087, -2.2562 -5.5841 1.9088, -2.2466 -5.6817 1.8684, -2.2453 -5.5832 1.8647, -2.1128 -5.6745 1.5419, -2.111 -5.576 1.5384, -2.0947 -5.6738 1.5117, -2.095 -5.5754 1.5116, -1.933 -5.6674 1.2406, -1.9307 -5.5689 1.2374, -1.8609 -5.6652 1.1525, -1.8609 -5.5668 1.1524, -1.7144 -5.6606 0.9734, -1.7117 -5.5622 0.9705, -1.5679 -5.6568 0.8397, -1.5679 -5.5584 0.8397, -1.4613 -5.654 0.7424, -1.4582 -5.5556 0.74, -1.2247 -5.6483 0.583, -1.2246 -5.5499 0.5831, -1.1716 -5.6471 0.5473, -1.1682 -5.5486 0.5453, -0.8533 -5.6399 0.3957, -0.8496 -5.5414 0.3943, -0.8408 -5.6396 0.3919, -0.8409 -5.5412 0.3917, -0.5166 -5.6327 0.2934, -0.5127 -5.5342 0.2925, -0.4269 -5.6309 0.2801, -0.4269 -5.5325 0.28, -0.1729 -5.6258 0.2426, -0.169 -5.5274 0.2423, 0.0 -5.6225 0.2424, -0.0 -5.5241 0.2424, 0.169 -5.6193 0.2423, 0.1729 -5.5208 0.2426, 0.4269 -5.6141 0.28, 0.4269 -5.5157 0.2801, 0.5127 -5.6124 0.2925, 0.5166 -5.5139 0.2934, 0.8409 -5.6054 0.3917, 0.8408 -5.5071 0.3919, 0.8496 -5.6053 0.3943, 0.8533 -5.5068 0.3957, 1.1682 -5.5981 0.5453, 1.1716 -5.4996 0.5473, 1.2246 -5.5967 0.5831, 1.2247 -5.4983 0.583, 1.4582 -5.5911 0.74, 1.4613 -5.4926 0.7424, 1.5679 -5.5882 0.8397, 1.5679 -5.4898 0.8397, 1.7117 -5.5845 0.9705, 1.7144 -5.486 0.9734, 1.8609 -5.5799 1.1524, 1.8609 -5.4815 1.1525, 1.9307 -5.5777 1.2374, 1.933 -5.4793 1.2406, 2.095 -5.5713 1.5116, 2.0947 -5.4729 1.5117, 2.111 -5.5707 1.5384, 2.1128 -5.4722 1.5419, 2.2453 -5.5635 1.8647, 2.2466 -5.465 1.8684, 2.2562 -5.5625 1.9088, 2.2564 -5.4642 1.9087, 2.3292 -5.5564 2.2052, 2.3299 -5.4579 2.2091, 2.3409 -5.554 2.329, 2.341 -5.4556 2.3289, 2.3617 -5.5497 2.5486, 2.3618 -5.4512 2.5525, 2.3509 -5.5456 2.7574, 2.3508 -5.4472 2.7574, 2.344 -5.543 2.891, 2.3435 -5.4446 2.8949, 2.2858 -5.5371 3.1811, 2.2856 -5.4387 3.181, 2.2752 -5.536 3.2337, 2.2741 -5.4376 3.2375, 2.1553 -5.5289 3.5653, 2.1537 -5.4304 3.5688, 2.1442 -5.5284 3.5857, 2.1444 -5.43 3.5858, 1.9878 -5.5217 3.8747, 1.9857 -5.4232 3.878, 1.9271 -5.5197 3.9554, 1.9272 -5.4213 3.9555, 1.7792 -5.5148 4.1522, 1.7767 -5.4164 4.1552, 1.6489 -5.5113 4.2813, 1.6489 -5.4129 4.2813, 1.5363 -5.5083 4.3928, 1.5334 -5.4098 4.3953, 1.3178 -5.5029 4.5536, 1.3178 -5.4045 4.5534, 1.2563 -5.5014 4.5989, 1.253 -5.4029 4.6009, 0.9451 -5.4943 4.7633, 0.9441 -5.3958 4.7638, 0.9441 -5.4942 4.7638, -0.9441 -6.0461 4.7638, -0.9441 -5.9477 4.7638, -0.9451 -5.9477 4.7633, -1.253 -6.039 4.6009, -1.2563 -5.9405 4.5989, -1.3178 -6.0374 4.5534, -1.3178 -5.939 4.5536, -1.5334 -6.0321 4.3953, -1.5363 -5.9336 4.3928, -1.6489 -6.029 4.2813, -1.6489 -5.9306 4.2813, -1.7767 -6.0256 4.1552, -1.7792 -5.9271 4.1522, -1.9272 -6.0206 3.9555, -1.9271 -5.9222 3.9554, -1.9857 -6.0187 3.878, -1.9878 -5.9202 3.8747, -2.1444 -6.0119 3.5858, -2.1442 -5.9136 3.5857, -2.1537 -6.0116 3.5688, -2.1553 -5.9131 3.5653, -2.2741 -6.0044 3.2375, -2.2752 -5.9059 3.2337, -2.2856 -6.0032 3.181, -2.2858 -5.9048 3.1811, -2.3435 -5.9974 2.8949, -2.344 -5.8989 2.891, -2.3508 -5.9947 2.7574, -2.3509 -5.8963 2.7574, -2.3618 -5.9908 2.5525, -2.3617 -5.8923 2.5486, -2.341 -5.9864 2.3289, -2.3409 -5.888 2.329, -2.3299 -5.984 2.2091, -2.3292 -5.8856 2.2052, -2.2564 -5.9778 1.9087, -2.2562 -5.8794 1.9088, -2.2466 -5.9769 1.8684, -2.2453 -5.8785 1.8647, -2.1128 -5.9697 1.5419, -2.111 -5.8713 1.5384, -2.0947 -5.969 1.5117, -2.095 -5.8706 1.5116, -1.933 -5.9627 1.2406, -1.9307 -5.8642 1.2374, -1.8609 -5.9604 1.1525, -1.8609 -5.862 1.1524, -1.7144 -5.9559 0.9734, -1.7117 -5.8574 0.9705, -1.5679 -5.9521 0.8397, -1.5679 -5.8537 0.8397, -1.4613 -5.9493 0.7424, -1.4582 -5.8509 0.74, -1.2247 -5.9436 0.583, -1.2246 -5.8452 0.5831, -1.1716 -5.9423 0.5473, -1.1682 -5.8439 0.5453, -0.8533 -5.9351 0.3957, -0.8496 -5.8367 0.3943, -0.8408 -5.9349 0.3919, -0.8409 -5.8365 0.3917, -0.5166 -5.928 0.2934, -0.5127 -5.8295 0.2925, -0.4269 -5.9262 0.2801, -0.4269 -5.8278 0.28, -0.1729 -5.9211 0.2426, -0.169 -5.8226 0.2423, 0.0 -5.9178 0.2424, -0.0 -5.8194 0.2424, 0.169 -5.9146 0.2423, 0.1729 -5.8161 0.2426, 0.4269 -5.9094 0.28, 0.4269 -5.811 0.2801, 0.5127 -5.9077 0.2925, 0.5166 -5.8092 0.2934, 0.8409 -5.9007 0.3917, 0.8408 -5.8023 0.3919, 0.8496 -5.9005 0.3943, 0.8533 -5.8021 0.3957, 1.1682 -5.8934 0.5453, 1.1716 -5.7949 0.5473, 1.2246 -5.892 0.5831, 1.2247 -5.7936 0.583, 1.4582 -5.8864 0.74, 1.4613 -5.7879 0.7424, 1.5679 -5.8835 0.8397, 1.5679 -5.7851 0.8397, 1.7117 -5.8798 0.9705, 1.7144 -5.7813 0.9734, 1.8609 -5.8752 1.1524, 1.8609 -5.7768 1.1525, 1.9307 -5.873 1.2374, 1.933 -5.7746 1.2406, 2.095 -5.8666 1.5116, 2.0947 -5.7682 1.5117, 2.111 -5.8659 1.5384, 2.1128 -5.7675 1.5419, 2.2453 -5.8587 1.8647, 2.2466 -5.7603 1.8684, 2.2562 -5.8578 1.9088, 2.2564 -5.7594 1.9087, 2.3292 -5.8517 2.2052, 2.3299 -5.7532 2.2091, 2.3409 -5.8492 2.329, 2.341 -5.7508 2.3289, 2.3617 -5.8449 2.5486, 2.3618 -5.7465 2.5525, 2.3509 -5.8409 2.7574, 2.3508 -5.7425 2.7574, 2.344 -5.8383 2.891, 2.3435 -5.7399 2.8949, 2.2858 -5.8324 3.1811, 2.2856 -5.734 3.181, 2.2752 -5.8313 3.2337, 2.2741 -5.7329 3.2375, 2.1553 -5.8241 3.5653, 2.1537 -5.7257 3.5688, 2.1442 -5.8237 3.5857, 2.1444 -5.7253 3.5858, 1.9878 -5.817 3.8747, 1.9857 -5.7185 3.878, 1.9271 -5.815 3.9554, 1.9272 -5.7166 3.9555, 1.7792 -5.8101 4.1522, 1.7767 -5.7117 4.1552, 1.6489 -5.8066 4.2813, 1.6489 -5.7082 4.2813, 1.5363 -5.8036 4.3928, 1.5334 -5.7051 4.3953, 1.3178 -5.7982 4.5536, 1.3178 -5.6998 4.5534, 1.2563 -5.7967 4.5989, 1.253 -5.6982 4.6009, 0.9451 -5.7895 4.7633, 0.9441 -5.6911 4.7638, 0.9441 -5.7895 4.7638, -0.9441 -6.3414 4.7638, -0.9441 -6.243 4.7638, -0.9451 -6.243 4.7633, -1.253 -6.3343 4.6009, -1.2563 -6.2358 4.5989, -1.3178 -6.3327 4.5534, -1.3178 -6.2343 4.5536, -1.5334 -6.3274 4.3953, -1.5363 -6.2289 4.3928, -1.6489 -6.3243 4.2813, -1.6489 -6.2259 4.2813, -1.7767 -6.3208 4.1552, -1.7792 -6.2224 4.1522, -1.9272 -6.3159 3.9555, -1.9271 -6.2175 3.9554, -1.9857 -6.314 3.878, -1.9878 -6.2155 3.8747, -2.1444 -6.3072 3.5858, -2.1442 -6.2088 3.5857, -2.1537 -6.3068 3.5688, -2.1553 -6.2084 3.5653, -2.2741 -6.2996 3.2375, -2.2752 -6.2012 3.2337, -2.2856 -6.2985 3.181, -2.2858 -6.2001 3.1811, -2.3435 -6.2926 2.8949, -2.344 -6.1942 2.891, -2.3508 -6.29 2.7574, -2.3509 -6.1916 2.7574, -2.3618 -6.286 2.5525, -2.3617 -6.1876 2.5486, -2.341 -6.2816 2.3289, -2.3409 -6.1833 2.329, -2.3299 -6.2793 2.2091, -2.3292 -6.1808 2.2052, -2.2564 -6.2731 1.9087, -2.2562 -6.1747 1.9088, -2.2466 -6.2722 1.8684, -2.2453 -6.1738 1.8647, -2.1128 -6.265 1.5419, -2.111 -6.1666 1.5384, -2.0947 -6.2643 1.5117, -2.095 -6.1659 1.5116, -1.933 -6.2579 1.2406, -1.9307 -6.1595 1.2374, -1.8609 -6.2557 1.1525, -1.8609 -6.1573 1.1524, -1.7144 -6.2512 0.9734, -1.7117 -6.1527 0.9705, -1.5679 -6.2474 0.8397, -1.5679 -6.149 0.8397, -1.4613 -6.2446 0.7424, -1.4582 -6.1461 0.74, -1.2247 -6.2389 0.583, -1.2246 -6.1405 0.5831, -1.1716 -6.2376 0.5473, -1.1682 -6.1391 0.5453, -0.8533 -6.2304 0.3957, -0.8496 -6.132 0.3943, -0.8408 -6.2302 0.3919, -0.8409 -6.1318 0.3917, -0.5166 -6.2233 0.2934, -0.5127 -6.1248 0.2925, -0.4269 -6.2215 0.2801, -0.4269 -6.1231 0.28, -0.1729 -6.2164 0.2426, -0.169 -6.1179 0.2423, 0.0 -6.2131 0.2424, -0.0 -6.1147 0.2424, 0.169 -6.2098 0.2423, 0.1729 -6.1114 0.2426, 0.4269 -6.2047 0.28, 0.4269 -6.1063 0.2801, 0.5127 -6.203 0.2925, 0.5166 -6.1045 0.2934, 0.8409 -6.196 0.3917, 0.8408 -6.0976 0.3919, 0.8496 -6.1958 0.3943, 0.8533 -6.0974 0.3957, 1.1682 -6.1886 0.5453, 1.1716 -6.0902 0.5473, 1.2246 -6.1873 0.5831, 1.2247 -6.0889 0.583, 1.4582 -6.1816 0.74, 1.4613 -6.0832 0.7424, 1.5679 -6.1788 0.8397, 1.5679 -6.0804 0.8397, 1.7117 -6.175 0.9705, 1.7144 -6.0766 0.9734, 1.8609 -6.1704 1.1524, 1.8609 -6.0721 1.1525, 1.9307 -6.1683 1.2374, 1.933 -6.0698 1.2406, 2.095 -6.1618 1.5116, 2.0947 -6.0635 1.5117, 2.111 -6.1612 1.5384, 2.1128 -6.0627 1.5419, 2.2453 -6.154 1.8647, 2.2466 -6.0555 1.8684, 2.2562 -6.1531 1.9088, 2.2564 -6.0547 1.9087, 2.3292 -6.1469 2.2052, 2.3299 -6.0485 2.2091, 2.3409 -6.1445 2.329, 2.341 -6.0461 2.3289, 2.3617 -6.1402 2.5486, 2.3618 -6.0417 2.5525, 2.3509 -6.1362 2.7574, 2.3508 -6.0378 2.7574, 2.344 -6.1336 2.891, 2.3435 -6.0351 2.8949, 2.2858 -6.1277 3.1811, 2.2856 -6.0293 3.181, 2.2752 -6.1266 3.2337, 2.2741 -6.0281 3.2375, 2.1553 -6.1194 3.5653, 2.1537 -6.0209 3.5688, 2.1442 -6.1189 3.5857, 2.1444 -6.0205 3.5858, 1.9878 -6.1123 3.8747, 1.9857 -6.0138 3.878, 1.9271 -6.1103 3.9554, 1.9272 -6.0119 3.9555, 1.7792 -6.1054 4.1522, 1.7767 -6.0069 4.1552, 1.6489 -6.1019 4.2813, 1.6489 -6.0035 4.2813, 1.5363 -6.0989 4.3928, 1.5334 -6.0004 4.3953, 1.3178 -6.0935 4.5536, 1.3178 -5.9951 4.5534, 1.2563 -6.092 4.5989, 1.253 -5.9935 4.6009, 0.9451 -6.0848 4.7633, 0.9441 -5.9864 4.7638, 0.9441 -6.0848 4.7638, -0.5127 -6.4201 0.2925, -0.4901 -6.4196 0.2892, -0.4903 -6.4961 0.2877, 1.2183 -6.4827 0.5746, 1.1845 -6.4835 0.5575, 1.185 -6.3851 0.5563, 2.2533 -6.4488 1.8895, 2.2487 -6.449 1.8779, 2.2489 -6.3506 1.8777, 2.3324 -6.4418 2.2244, 2.3299 -6.3437 2.2091, 2.3391 -6.4403 2.301, 2.3384 -6.3419 2.3011, 2.3619 -6.4352 2.5615, 2.3618 -6.337 2.5525, 2.3523 -6.4319 2.7335, 2.3521 -6.3335 2.7335, 2.3432 -6.4287 2.8977, 2.3435 -6.3304 2.8949, 2.2898 -6.4233 3.1615, 2.2895 -6.325 3.1615, 2.2751 -6.4219 3.2341, 2.2741 -6.3234 3.2375, 2.1577 -6.4148 3.5598, 2.1537 -6.3162 3.5688, 2.1515 -6.4145 3.5715, 2.1521 -6.3161 3.5718, 1.9944 -6.4078 3.8642, 1.9857 -6.3091 3.878, 1.9341 -6.4058 3.9457, 1.9344 -6.3074 3.9459, 1.7913 -6.401 4.1383, 1.7767 -6.3022 4.1552, 1.6548 -6.3973 4.276, 1.6546 -6.2989 4.2757, 1.555 -6.3946 4.3766, 1.5334 -6.2957 4.3953, 1.3219 -6.3888 4.5525, 1.321 -6.2904 4.5511, 1.2829 -6.3879 4.5819, 1.253 -6.2888 4.6009, 0.98 -6.3809 4.7478, 0.9441 -6.2817 4.7638, 0.9441 -6.3801 4.7638, 1.4979 -6.4759 0.7719, 1.4613 -6.3784 0.7424, 1.5367 -6.4749 0.8086, 1.5354 -6.3765 0.8101, 1.7418 -6.4695 1.0027, 1.7144 -6.3719 0.9734, 1.8357 -6.4665 1.1214, 1.8356 -6.3681 1.1216, 1.9527 -6.4628 1.2692, 1.933 -6.3651 1.2406, 2.0755 -6.4578 1.4813, 2.0764 -6.3595 1.4809, 2.1254 -6.4558 1.5677, 2.1128 -6.358 1.5419, 2.2466 -6.3508 1.8684, -0.0599 -6.4961 0.237, -0.169 -6.4132 0.2423, -0.0599 -6.4111 0.2424, 0.0 -6.4961 0.2362, 0.1729 -6.4067 0.2426, 0.3725 -6.4961 0.2658, 0.3716 -6.4027 0.272, 0.6172 -6.4961 0.3183, 0.5166 -6.3998 0.2934, 0.7908 -6.4923 0.3777, 0.7913 -6.3939 0.3769, 0.9098 -6.4898 0.4184, 0.8533 -6.3926 0.3957, 1.1716 -6.3854 0.5473, -0.8496 -6.4272 0.3943, -0.9042 -6.4961 0.4161, -0.9026 -6.4284 0.4194, -1.1682 -6.4344 0.5453, -1.2876 -6.4961 0.618, -1.2842 -6.4372 0.6232, -1.4582 -6.4414 0.74, -1.6278 -6.4961 0.8866, -1.624 -6.4457 0.8908, -1.9131 -6.4961 1.2128, -1.9116 -6.4542 1.2141, -1.7117 -6.448 0.9705, -2.1341 -6.4961 1.5856, -2.111 -6.4618 1.5384, -1.9307 -6.4547 1.2374, -2.2832 -6.4961 1.9925, -2.2453 -6.469 1.8647, -2.131 -6.4629 1.5869, -2.3554 -6.4961 2.4198, -2.3292 -6.4761 2.2052, -2.2772 -6.4717 1.994, -2.3484 -6.4961 2.8531, -2.3617 -6.4828 2.5486, -2.3496 -6.4803 2.4204, -2.2801 -6.4961 3.2157, -2.344 -6.4894 2.891, -2.346 -6.4887 2.853, 0.1429 -3.0516 0.3396, -0.0 -3.0519 0.3349, 0.0 -2.9528 0.4331, -0.7801 -3.0545 0.4697, -0.8185 -3.0547 0.4855, -0.7822 -2.9528 0.5793, -1.1332 -3.0564 0.6326, -1.1937 -3.0568 0.6705, -1.1399 -2.9528 0.7574, -1.7908 -3.0617 1.1965, -1.8141 -3.062 1.2285, -1.728 -2.9528 1.2935, -1.5633 -3.0945 4.2951, -1.5541 -3.0946 4.3031, -1.4588 -2.9528 4.1986, -0.9478 -3.104 4.7103, -0.8373 -3.1057 4.7598, -0.7822 -2.9528 4.6176, -0.2035 -2.9623 4.7638, 0.0 -2.9528 4.7638, -0.3979 -2.9528 4.7269, 1.5337 -3.1462 4.3898, 1.5887 -3.1475 4.3411, 1.4588 -2.9528 4.1986, 1.728 -2.9528 3.9033, 1.2374 -3.1394 4.5969, 1.2501 -3.1397 4.5889, 1.1399 -2.9528 4.4394, 1.3643 -3.1422 4.5177, 1.5236 -3.1459 4.3988, 0.7822 -2.9528 4.6176, 0.8401 -3.1125 4.7638, 0.9009 -3.1327 4.7638, 0.9383 -3.1334 4.7478, 1.0216 -3.135 4.7121, 1.1968 -3.1386 4.6222, 0.2041 -2.9624 4.7638, 0.3979 -2.9528 4.7269, 0.4048 -2.9903 4.7638, 0.6236 -3.0408 4.7638, -0.8284 -3.1058 4.7638, -0.6192 -3.0396 4.7638, -0.4048 -2.9903 4.7638, -1.251 -3.0994 4.5403, -1.2166 -3.0999 4.5633, -1.1399 -2.9528 4.4394, -1.1785 -3.1005 4.5888, -1.0076 -3.1031 4.6834, -1.522 -3.0952 4.3309, -1.4148 -3.0969 4.4238, -1.3409 -3.098 4.4801, -1.8227 -3.09 4.0055, -1.7549 -3.0913 4.088, -1.728 -2.9528 3.9033, -1.6993 -3.0923 4.1556, -1.9357 -3.0877 3.8413, -1.8449 -3.0896 3.9732, -1.8365 -3.0897 3.9854, -2.1106 -3.0834 3.5016, -2.0552 -3.0849 3.6218, -1.9383 -2.9528 3.5636, -2.0327 -3.0855 3.6705, -1.9536 -3.0873 3.8097, -2.2175 -3.0797 3.1731, -2.2034 -3.0803 3.2254, -2.0827 -2.9528 3.191, -2.1804 -3.0812 3.3109, -2.1142 -3.0833 3.4936, -2.277 -3.0761 2.8094, -2.2744 -3.0763 2.8368, -2.1561 -2.9528 2.7982, -2.2656 -3.0772 2.9306, -2.2309 -3.0792 3.1234, -2.1561 -2.9528 2.3986, -2.2738 -3.0723 2.3877, -2.2825 -3.0733 2.5026, -2.2836 -3.0734 2.5171, -2.2856 -3.0736 2.5435, -2.2838 -3.0754 2.7371, -2.2399 -3.0702 2.1581, -2.2414 -3.0703 2.1673, -2.0827 -2.9528 2.0059, -2.2711 -3.0719 2.3508, -1.9383 -2.9528 1.6332, -2.0917 -3.0661 1.6945, -2.13 -3.0669 1.7865, -2.1476 -3.0673 1.8379, -2.1928 -3.0685 1.9699, -2.1939 -3.0686 1.9742, -2.0052 -3.0645 1.5194, -2.0077 -3.0646 1.5244, -2.0372 -3.0651 1.584, -1.8218 -3.0621 1.2392, -1.9048 -3.0631 1.3533, -1.9956 -3.0644 1.5034, -1.5292 -3.0593 0.921, -1.593 -3.0598 0.9779, -1.4588 -2.9528 0.9982, -1.6022 -3.0599 0.9877, -1.7272 -3.061 1.1199, -1.2939 -3.0575 0.7332, -1.3468 -3.0579 0.7728, -1.4485 -3.0586 0.849, -0.9594 -3.0554 0.5433, -1.002 -3.0557 0.5652, -1.0581 -3.056 0.594, -0.4139 -3.053 0.3709, -0.4163 -3.053 0.3715, -0.3979 -2.9528 0.4699, -0.5956 -3.0537 0.4118, -0.7445 -3.0544 0.4586, -0.0268 -3.0519 0.3341, -0.0828 -3.0521 0.337, -0.2203 -3.0524 0.3442, 0.3517 -3.0513 0.362, 0.248 -3.0515 0.3499, 0.3979 -2.9528 0.4699, 0.1664 -3.0516 0.3404, 0.9017 -3.0515 0.5238, 0.8174 -3.0513 0.4884, 0.7822 -2.9528 0.5793, 0.79 -3.0513 0.4769, 0.6036 -3.0512 0.4166, 0.5801 -3.0512 0.4105, 0.5419 -3.0512 0.4005, 0.4156 -3.0513 0.3749, 1.1399 -2.9528 0.7574, 1.1413 -3.0521 0.6423, 0.9693 -3.0516 0.5522, 1.2133 -3.0525 0.688, 1.2033 -3.0524 0.6817, 1.1914 -3.0524 0.6741, 1.5261 -3.0547 0.9244, 1.4759 -3.0542 0.8791, 1.4588 -2.9528 0.9982, 1.4579 -3.054 0.8629, 1.3007 -3.0529 0.7435, 1.8525 -3.0603 1.2815, 1.8117 -3.0593 1.2303, 1.728 -2.9528 1.2935, 1.784 -3.0587 1.1955, 1.7387 -3.0576 1.1388, 1.7127 -3.0572 1.111, 1.6039 -3.0555 0.9947, 2.0355 -3.0709 1.5637, 2.0296 -3.07 1.5539, 1.9383 -2.9528 1.6332, 1.9498 -3.0641 1.423, 1.9189 -3.0629 1.378, 2.0678 -3.0869 1.5925, 2.0681 -3.0867 1.5936, 2.075 -3.0815 1.6201, 2.0747 -3.0828 1.6163, 2.0743 -3.0832 1.6145, 2.075 -3.0814 1.6203, 2.0749 -3.0808 1.6213, 2.0748 -3.0807 1.6214, 2.0746 -3.0804 1.6218, 2.0745 -3.0803 1.6219, 2.0743 -3.08 1.622, 2.0742 -3.0799 1.6221, 2.0827 -2.9528 2.0059, 2.074 -3.0797 1.6221, 2.0737 -3.0795 1.6221, 2.0733 -3.0792 1.6219, 2.0727 -3.0787 1.6216, 2.0713 -3.078 1.6203, 2.07 -3.0774 1.6189, 2.0667 -3.0763 1.6146, 2.0605 -3.0747 1.6055, 2.0453 -3.0724 1.58, 1.8535 -3.1106 1.1987, 1.9167 -3.1061 1.2969, 1.9525 -3.1035 1.3525, 1.9544 -3.1033 1.3563, 2.0327 -3.0945 1.5071, 2.0597 -3.0886 1.5728, 1.7265 -3.1174 1.0338, 1.7574 -3.1158 1.0735, 1.8455 -3.1112 1.1863, 1.248 -3.1341 0.6135, 1.318 -3.1321 0.6592, 1.4507 -3.1279 0.7617, 1.4548 -3.1278 0.7654, 1.5225 -3.1254 0.8268, 1.5732 -3.1236 0.8727, 1.5947 -3.1228 0.8922, 1.2345 -3.1345 0.6046, 1.153 -3.1369 0.5513, 0.9807 -3.1413 0.4585, 0.8016 -3.1456 0.3806, 0.8508 -3.1444 0.402, 0.9397 -3.1423 0.4407, 1.9383 -2.9528 3.5636, 2.0827 -2.9528 3.191, 2.1561 -2.9528 2.7982, 2.1561 -2.9528 2.3986, -2.3369 -6.4892 2.8902, -2.3545 -6.4826 2.5488, 1.1681 -6.3852 0.5535, 0.834 -6.2061 0.4353, 0.8419 -6.1982 0.4144, 1.1576 -6.191 0.564, -1.5194 -6.3298 4.3789, -1.7605 -6.3232 4.141, -2.3222 -6.295 2.8922, -2.3402 -6.2884 2.5529, -1.9153 -6.2603 1.253, -1.6988 -6.2536 0.9882, -0.5118 -6.2256 0.3144, -0.1713 -6.2188 0.264, 0.1674 -6.2122 0.2637, 0.5081 -6.2053 0.3136, 2.0918 -6.1636 1.5481, 2.2544 -6.129 3.2279, 1.2448 -6.0943 4.5806, 0.7542 -6.1096 4.7638, 0.7291 -6.1202 4.7638, 0.913 -6.124 4.6916, 0.6663 -6.1963 4.7638, 0.6748 -6.2067 4.7638, 0.9051 -6.2108 4.6777, 0.6795 -6.211 4.7638, 0.7034 -6.2271 4.7638, 0.9082 -6.2318 4.686, 0.7055 -6.2285 4.7638, 0.7478 -6.2472 4.7638, 0.9138 -6.2517 4.6999, -2.0227 -6.4961 3.7256, -1.9427 -6.4961 3.846, -2.107 -6.4883 3.5439, -1.5109 -6.4961 4.3244, -1.4911 -6.4961 4.3407, -1.49 -6.4943 4.3395, -0.7619 -6.4961 4.7465, -0.7089 -6.4961 4.7638, -0.7033 -6.4931 4.7638, -0.6902 -6.4857 4.7638, -0.6718 -6.4708 4.7638, -0.9061 -6.4675 4.6773, -0.941 -6.3417 4.7638, -0.9329 -6.3438 4.7452, -0.8889 -6.3465 4.7638, -1.2416 -6.3367 4.5827, -0.8471 -6.3505 4.7638, -0.9242 -6.3517 4.7246, -0.83 -6.3548 4.7638, -0.9167 -6.3644 4.7068, -0.7755 -6.3687 4.7638, -0.7478 -6.3758 4.7638, -0.9108 -6.3806 4.6925, -0.7271 -6.3849 4.7638, -0.9106 -6.3814 4.692, -0.7252 -6.3858 4.7638, -0.7055 -6.3945 4.7638, -0.9065 -6.401 4.6815, -0.6885 -6.4059 4.7638, -0.6795 -6.412 4.7638, -0.9044 -6.4211 4.6757, -0.6748 -6.4164 4.7638, -0.6605 -6.449 4.7638, -0.6603 -6.4461 4.7638, -0.9041 -6.445 4.674, -0.6609 -6.4392 4.7638, -0.6622 -6.4347 4.7638, -0.6663 -6.4267 4.7638, -0.6633 -6.4585 4.7638, -0.6624 -6.4563 4.7638, -0.6609 -6.4505 4.7638, -0.6694 -6.468 4.7638, -0.977 -6.4961 4.6613, -0.9113 -6.4961 4.6879, -0.91 -6.4884 4.6853, -0.7958 -6.4961 4.7347, -0.6943 -6.4882 4.7638, -1.3176 -6.4961 4.4703, -1.2147 -6.4961 4.5338, -1.21 -6.4812 4.5268, -1.151 -6.4961 4.5731, -1.4764 -6.4961 4.3528, -1.4219 -6.4961 4.3931, -1.48 -6.4743 4.3283, -1.7896 -6.4961 4.0479, -1.7312 -6.4961 4.1107, -1.7257 -6.4878 4.1062, -1.6558 -6.4961 4.192, -1.9281 -6.4809 3.8369, -1.9248 -6.4961 3.873, -1.912 -6.4961 3.8923, -2.1618 -6.4961 3.4621, -2.1266 -6.4961 3.5381, -2.1203 -6.4961 3.5496, -2.2694 -6.4961 3.2277, -2.2673 -6.4961 3.2315, -2.2443 -6.4911 3.2252, -2.2596 -6.4961 3.2457, -2.2243 -6.4811 3.2197, -2.2167 -6.4961 3.3436, -2.2801 -6.4961 3.2156, -2.2795 -6.4961 3.2156, -2.2794 -6.4961 3.2156, -2.2786 -6.4961 3.2158, -2.2784 -6.4961 3.2159, -2.2771 -6.4961 3.2167, -2.2768 -6.4961 3.2169, -2.273 -6.4961 3.2214, 0.9386 -6.2814 4.7584, 0.941 -6.2814 4.7638, 1.2492 -6.2885 4.5949, 0.9288 -6.2763 4.7355, 0.861 -6.2739 4.7638, 0.9259 -6.28 4.7638, 0.9207 -6.2663 4.7164, 0.8062 -6.2621 4.7638, 0.8471 -6.2726 4.7638, 0.6622 -6.1883 4.7638, 0.9039 -6.1884 4.6741, 0.6609 -6.1839 4.7638, 0.6608 -6.1828 4.7638, 0.6633 -6.1646 4.7638, 0.6624 -6.1667 4.7638, 0.6605 -6.174 4.7638, 0.6603 -6.177 4.7638, 0.6902 -6.1373 4.7638, 0.6718 -6.1523 4.7638, 0.905 -6.1645 4.6754, 0.6694 -6.155 4.7638, 0.6668 -6.1591 4.7638, 0.9127 -6.1248 4.6911, 0.7272 -6.121 4.7638, 0.9079 -6.1443 4.6809, 0.6943 -6.1348 4.7638, 0.7728 -6.1045 4.7638, 0.8303 -6.0946 4.7638, 0.7796 -6.1026 4.7638, 0.9194 -6.1077 4.7056, 0.8888 -6.0865 4.7638, 0.8797 -6.0868 4.7638, 0.9274 -6.0951 4.7232, 0.9364 -6.0872 4.7436, 1.5223 -6.1012 4.3764, 1.763 -6.1078 4.1381, 1.9696 -6.1146 3.8631, 2.1356 -6.1218 3.5565, 2.3402 -6.1426 2.5491, 2.308 -6.1493 2.2088, 2.2249 -6.1564 1.8714, 1.6961 -6.1774 0.9854, 1.4449 -6.184 0.757, -0.8455 -6.2328 0.4158, -1.1609 -6.24 0.5659, -2.0935 -6.2674 1.5515, -2.2261 -6.2746 1.875, -2.2534 -6.302 3.2316, -2.1341 -6.3092 3.56, 0.5034 -6.2133 0.3354, 0.4994 -6.2259 0.3543, 0.166 -6.2202 0.286, 0.1648 -6.2328 0.3053, 0.1641 -6.249 0.3207, -0.1695 -6.2267 0.2863, -0.1678 -6.2393 0.3055, -0.1664 -6.2555 0.3209, -0.1663 -6.2563 0.3215, -0.5068 -6.2336 0.3362, -0.5024 -6.2462 0.3549, -0.4987 -6.2624 0.3699, -0.4985 -6.2632 0.3705, -0.4957 -6.2828 0.3814, -0.8373 -6.2407 0.4366, -0.8301 -6.2533 0.4545, -0.8242 -6.2696 0.4687, -0.824 -6.2704 0.4693, -0.8196 -6.29 0.4796, -0.817 -6.3101 0.4853, -1.1497 -6.2479 0.5853, -1.1399 -6.2605 0.6019, -1.132 -6.2768 0.6151, -1.1317 -6.2776 0.6156, -1.1258 -6.2971 0.6252, -1.1224 -6.3173 0.6304, -1.1211 -6.3412 0.6316, -1.4479 -6.247 0.7593, -1.434 -6.2549 0.7768, -1.4219 -6.2675 0.7918, -1.4121 -6.2838 0.8037, -1.4117 -6.2846 0.8042, -1.4045 -6.3041 0.8128, -1.4003 -6.3243 0.8174, -1.3989 -6.3481 0.8184, -1.4009 -6.3706 0.8152, -1.6825 -6.2615 1.0034, -1.6683 -6.2741 1.0165, -1.6569 -6.2903 1.0269, -1.6564 -6.2911 1.0273, -1.648 -6.3107 1.0348, -1.6433 -6.3308 1.0388, -1.6417 -6.3547 1.0396, -1.6442 -6.3772 1.0366, -1.6503 -6.3981 1.0302, -1.897 -6.2682 1.2657, -1.8811 -6.2809 1.2766, -1.8683 -6.2971 1.2852, -1.8678 -6.2979 1.2855, -1.8583 -6.3175 1.2917, -1.853 -6.3376 1.2949, -1.8514 -6.3615 1.2955, -1.8543 -6.384 1.2929, -1.8613 -6.4049 1.2875, -1.8733 -6.4249 1.2786, -1.2299 -6.3446 4.5637, -1.505 -6.3377 4.3618, -1.2198 -6.3572 4.5472, -1.4927 -6.3503 4.347, -1.2119 -6.3734 4.5339, -1.4829 -6.3665 4.3351, -1.2116 -6.3742 4.5334, -1.4825 -6.3673 4.3346, -1.206 -6.3938 4.5237, -1.4755 -6.3869 4.3258, -1.203 -6.4139 4.5182, -1.4718 -6.407 4.3208, -1.2025 -6.4378 4.5166, -1.4711 -6.4309 4.3193, -1.2049 -6.4603 4.5196, -1.4739 -6.4534 4.3219, 1.7371 -6.2869 4.1202, 1.7239 -6.2723 4.1082, 1.4879 -6.2658 4.3412, 1.4785 -6.2458 4.3296, 1.2084 -6.2389 4.5279, 1.204 -6.218 4.5201, -2.0735 -6.2753 1.5614, -2.0561 -6.2879 1.5698, -2.0422 -6.3042 1.5765, -2.0416 -6.305 1.5767, -2.0314 -6.3246 1.5814, -2.0257 -6.3447 1.5838, -2.024 -6.3686 1.5841, -2.0272 -6.391 1.582, -2.0349 -6.412 1.5777, -2.0482 -6.432 1.5706, -2.064 -6.4465 1.5624, -2.1138 -6.3171 3.5507, -2.2319 -6.3099 3.2254, -2.0963 -6.3298 3.5425, -2.2134 -6.3226 3.22, -2.0823 -6.346 3.5359, -2.1987 -6.3388 3.2155, -2.0818 -6.3468 3.5356, -2.1981 -6.3396 3.2153, -2.0717 -6.3664 3.5307, -2.1874 -6.3592 3.2119, -2.0662 -6.3865 3.5278, -2.1815 -6.3793 3.2099, -2.0649 -6.4104 3.5267, -2.18 -6.4032 3.209, -2.0685 -6.4329 3.5278, -2.1838 -6.4257 3.2096, -2.0768 -6.4538 3.5311, -2.1925 -6.4466 3.2116, -2.0906 -6.4738 3.5369, -2.207 -6.4666 3.2152, -1.9676 -6.3164 3.8663, -1.7438 -6.3311 4.1262, -1.9489 -6.3243 3.8541, -1.7294 -6.3438 4.1133, -1.9328 -6.3369 3.8434, -1.718 -6.36 4.1029, -1.92 -6.3531 3.8348, -1.7176 -6.3608 4.1025, -1.9195 -6.3539 3.8344, -1.7094 -6.3804 4.0948, -1.9102 -6.3735 3.828, -1.705 -6.4005 4.0904, -1.9053 -6.3936 3.8243, -1.704 -6.4244 4.0889, -1.9041 -6.4175 3.823, -1.7072 -6.4469 4.0911, -1.9076 -6.44 3.8247, -1.7141 -6.4678 4.0966, -1.9152 -6.4609 3.8292, 1.7526 -6.2969 4.134, 1.4993 -6.2803 4.355, 1.216 -6.2589 4.5408, -2.2048 -6.2825 1.8818, -2.1864 -6.2951 1.8875, -2.1716 -6.3114 1.892, -2.171 -6.3122 1.8922, -2.1602 -6.3318 1.8953, -2.1542 -6.3519 1.8968, -2.1525 -6.3758 1.8969, -2.156 -6.3982 1.8953, -2.1643 -6.4192 1.8921, -2.1784 -6.4392 1.8871, -2.1953 -6.4537 1.8813, -2.215 -6.4637 1.8747, 1.2361 -6.2834 4.5738, 1.7713 -6.3019 4.1505, 1.5127 -6.2903 4.3709, 1.2252 -6.2734 4.5561, 1.9414 -6.2937 3.8491, 1.9588 -6.3037 3.8606, 2.1245 -6.3109 3.5556, -2.3087 -6.2817 2.2126, -2.2866 -6.2896 2.2161, -2.2675 -6.3022 2.2191, -2.2523 -6.3185 2.2213, -2.2517 -6.3193 2.2214, -2.2405 -6.3388 2.2229, -2.2343 -6.359 2.2235, -2.2326 -6.3829 2.2233, -2.2363 -6.4053 2.2223, -2.245 -6.4263 2.2204, -2.2597 -6.4462 2.2175, -2.2772 -6.4608 2.2143, -2.2977 -6.4708 2.2106, -2.3222 -6.4759 2.2064, -2.3 -6.3029 2.8893, -2.2809 -6.3156 2.8866, -2.2656 -6.3318 2.8844, -2.2651 -6.3326 2.8843, -2.254 -6.3522 2.8825, -2.2479 -6.3723 2.8813, -2.2463 -6.3962 2.8806, -2.2501 -6.4187 2.8807, -2.2589 -6.4396 2.8814, -2.2739 -6.4596 2.8828, -2.2916 -6.4741 2.8848, -2.3123 -6.4841 2.8872, -2.2725 -6.4961 3.2221, 1.5287 -6.2954 4.3899, 2.2672 -6.3231 3.2355, 2.1472 -6.316 3.5659, 1.9796 -6.3088 3.8741, 1.2036 -6.1716 4.5178, 1.2024 -6.1955 4.5167, 1.4709 -6.2024 4.3194, 1.4731 -6.2249 4.3226, 1.7065 -6.2314 4.0919, 1.7129 -6.2524 4.0981, 1.9142 -6.2592 3.8308, 1.9266 -6.2792 3.8392, 2.0895 -6.2863 3.5393, 2.1057 -6.3009 3.5469, 2.2234 -6.3081 3.2229, 2.2433 -6.3181 3.2287, 2.3118 -6.3251 2.8908, 2.3364 -6.3301 2.894, 2.3546 -6.3368 2.5527, 1.2139 -6.1311 4.5327, 1.2136 -6.1319 4.5322, 1.4843 -6.1388 4.3331, 1.4767 -6.1584 4.3248, 1.7104 -6.1649 4.0936, 1.7055 -6.1851 4.0898, 1.9057 -6.1919 3.8237, 1.904 -6.2158 3.8232, 2.0648 -6.223 3.5268, 2.0681 -6.2454 3.5288, 2.1835 -6.2526 3.2106, 2.192 -6.2736 3.2134, 2.2587 -6.2806 2.8833, 2.2735 -6.3005 2.8855, 2.2911 -6.3071 2.5534, 2.309 -6.3217 2.5533, 2.2778 -6.3284 2.2175, 2.2983 -6.3384 2.2143, 2.2161 -6.3455 1.8782, 2.2398 -6.3506 1.8706, 2.1064 -6.3578 1.5451, 1.2328 -6.1023 4.5618, 1.2224 -6.1149 4.5456, 1.495 -6.1218 4.3451, 1.4847 -6.138 4.3335, 1.7196 -6.1446 4.1011, 1.7191 -6.1454 4.1007, 1.9207 -6.1522 3.8325, 1.9111 -6.1718 3.8267, 2.0723 -6.1789 3.5293, 2.0665 -6.1991 3.5271, 2.1817 -6.2063 3.2092, 2.18 -6.2301 3.2092, 2.2462 -6.2371 2.8808, 2.25 -6.2596 2.8818, 2.2673 -6.2662 2.5531, 2.2762 -6.2872 2.5533, 2.2453 -6.2939 2.2223, 2.2601 -6.3139 2.2202, 2.1792 -6.3209 1.8897, 2.1963 -6.3355 1.8844, 2.0655 -6.3427 1.5653, 2.0841 -6.3527 1.5562, 1.9067 -6.3598 1.2589, 1.9271 -6.3648 1.2447, 1.7092 -6.3716 0.9783, 1.9508 -6.1226 3.8511, 2.1152 -6.1297 3.5475, 2.0975 -6.1423 3.5398, 2.2142 -6.1495 3.2171, 2.1993 -6.1658 3.2132, 2.2659 -6.1728 2.882, 2.2653 -6.1736 2.882, 2.2825 -6.1802 2.551, 2.2713 -6.1997 2.5516, 2.2403 -6.2065 2.2214, 2.2342 -6.2266 2.2228, 2.154 -6.2337 1.8961, 2.1525 -6.2576 1.8971, 2.0241 -6.2648 1.5843, 2.0277 -6.2872 1.583, 1.8549 -6.2943 1.2938, 1.8624 -6.3153 1.2891, 1.6516 -6.322 1.0316, 1.6628 -6.342 1.0216, 1.4172 -6.3486 0.7976, 1.4284 -6.3631 0.7838, 1.1452 -6.3701 0.593, 1.1557 -6.3801 0.575, 0.8417 -6.3873 0.4255, 0.8507 -6.3924 0.4024, 0.515 -6.3995 0.3004, 2.2329 -6.1369 3.2221, 2.3005 -6.1439 2.8858, 2.2813 -6.1565 2.8836, 2.2985 -6.1631 2.5504, 2.2831 -6.1794 2.551, 2.2519 -6.1861 2.219, 2.2513 -6.1869 2.2191, 2.1703 -6.194 1.8899, 2.1597 -6.2136 1.8938, 2.0307 -6.2208 1.58, 2.0254 -6.2409 1.5831, 1.8526 -6.248 1.2943, 1.8515 -6.2718 1.2957, 1.6419 -6.2786 1.0397, 1.6449 -6.3011 1.0374, 1.4018 -6.3077 0.8158, 1.4076 -6.3286 0.8091, 1.1284 -6.3356 0.6211, 1.1361 -6.3556 0.6083, 0.8273 -6.3628 0.4614, 0.834 -6.3773 0.4448, 0.5048 -6.3844 0.3448, 0.5095 -6.3944 0.3246, 0.1704 -6.4013 0.2745, 0.1723 -6.4064 0.2497, -0.1684 -6.4129 0.2494, 2.286 -6.1572 2.2127, 2.2037 -6.1643 1.8784, 2.1854 -6.1769 1.8847, 2.0548 -6.1841 1.5671, 2.0411 -6.2004 1.5744, 1.8669 -6.2075 1.2833, 1.8664 -6.2083 1.2836, 1.6548 -6.215 1.0256, 1.647 -6.2346 1.0337, 1.4032 -6.2412 0.8118, 1.3997 -6.2613 0.817, 1.1217 -6.2683 0.63, 1.1213 -6.2922 0.6317, 0.8161 -6.2994 0.4867, 0.8179 -6.3218 0.4833, 0.4946 -6.329 0.3853, 0.497 -6.3499 0.3767, 0.1657 -6.3568 0.3279, 0.1672 -6.3768 0.313, -0.1644 -6.3833 0.3128, -0.1654 -6.3978 0.2949, -0.5015 -6.4047 0.3441, -0.5059 -6.4147 0.3238, -0.8382 -6.4219 0.4242, -0.8471 -6.427 0.401, -1.1647 -6.4342 0.5515, 2.0719 -6.1715 1.5583, 1.895 -6.1786 1.2628, 1.8793 -6.1912 1.2741, 1.6662 -6.198 1.0143, 1.6553 -6.2142 1.0252, 1.4102 -6.2208 0.8023, 1.4099 -6.2216 0.8028, 1.1297 -6.2286 0.6145, 1.1245 -6.2482 0.6245, 0.8181 -6.2554 0.4791, 0.8163 -6.2755 0.485, 0.4932 -6.2826 0.3872, 0.4933 -6.3065 0.3889, 0.1639 -6.3134 0.3405, 0.1646 -6.3359 0.3367, -0.1635 -6.3424 0.3366, -0.1638 -6.3634 0.3277, -0.4951 -6.3702 0.3763, -0.4979 -6.3902 0.3616, -0.8247 -6.3974 0.4604, -0.8309 -6.4119 0.4437, -1.1423 -6.4191 0.5913, -1.1525 -6.4291 0.5732, -1.4385 -6.4361 0.7652, -1.4538 -6.4411 0.7456, -1.7065 -6.4477 0.9755, 1.4313 -6.1919 0.7746, 1.1467 -6.1989 0.5835, 1.1373 -6.2116 0.6004, 0.8273 -6.2187 0.4534, 0.822 -6.235 0.4679, 0.4964 -6.2421 0.3694, 0.4963 -6.2429 0.37, 0.164 -6.2498 0.3213, 0.1636 -6.2694 0.3325, -0.1651 -6.2759 0.3327, -0.1643 -6.296 0.3388, -0.494 -6.3029 0.3874, -0.4931 -6.3268 0.3889, -0.8159 -6.334 0.4867, -0.8169 -6.3564 0.4829, -1.1227 -6.3636 0.6281, -1.1267 -6.3846 0.6202, -1.4061 -6.3916 0.8079, -1.415 -6.4115 0.7959, -1.6609 -6.4181 1.0196, -1.6736 -6.4326 1.0071, -1.8877 -6.4394 1.268, -1.9046 -6.4494 1.2559, -2.0825 -6.4565 1.5529, -2.1046 -6.4616 1.5417, -2.2386 -6.4688 1.8669, 1.2073 -6.1515 4.5229, 1.4724 -6.1785 4.3204, 1.7039 -6.2089 4.0891, 1.907 -6.2383 3.8257, 2.076 -6.2664 3.5328, 2.2063 -6.2935 3.2178, 2.2912 -6.3151 2.888, 2.3298 -6.3317 2.5531, 2.3228 -6.3435 2.2103, 1.5077 -6.1092 4.3596, 1.7314 -6.1283 4.111, 1.9213 -6.1514 3.8328, 2.0827 -6.1594 3.5335, 2.1878 -6.1861 3.2104, 2.2479 -6.2133 2.8806, 2.2635 -6.2438 2.5527, 2.2365 -6.273 2.2233, 2.1649 -6.301 1.894, 2.0494 -6.3282 1.5731, 1.8896 -6.3498 1.2707, 1.6911 -6.3665 0.9953, 1.4569 -6.3782 0.7481, 1.7461 -6.1157 4.1235, 1.9344 -6.1352 3.8409, 2.0833 -6.1586 3.5338, 2.1987 -6.1666 3.2131, 2.2541 -6.1931 2.8809, 2.2651 -6.2199 2.5522, 2.2327 -6.2505 2.2235, 2.1563 -6.28 1.8963, 2.0358 -6.3082 1.5794, 1.8749 -6.3352 1.2808, 1.6759 -6.3565 1.0095, 1.4414 -6.3731 0.7675, 2.3226 -6.136 2.8884, 2.3178 -6.1505 2.5497, 2.267 -6.1699 2.2161, 2.1709 -6.1932 1.8897, 2.0406 -6.2012 1.5746, 1.8574 -6.2278 1.2904, 1.6427 -6.2547 1.0382, 1.3991 -6.2852 0.8186, 1.1236 -6.3147 0.6286, 0.8215 -6.3428 0.4752, 0.5006 -6.3699 0.3622, 0.1687 -6.3913 0.2952, -0.1668 -6.4079 0.2742, -0.5112 -6.4198 0.2995, 1.9131 -6.1707 1.2498, 1.6801 -6.1854 1.0009, 1.4195 -6.2046 0.79, 1.13 -6.2278 0.614, 0.8218 -6.2358 0.4685, 0.4942 -6.2625 0.3811, 0.1635 -6.2895 0.3388, -0.1637 -6.3199 0.3404, -0.4935 -6.3493 0.385, -0.8197 -6.3774 0.4745, -1.1337 -6.4045 0.607, -1.4258 -6.4261 0.7817, -1.6886 -6.4427 0.9926, -1.9249 -6.4545 1.2415, -2.3179 -6.2963 2.5532, -2.2986 -6.309 2.5534, -2.2832 -6.3252 2.5534, -2.2826 -6.326 2.5534, -2.2713 -6.3456 2.5532, -2.2651 -6.3657 2.5529, -2.2634 -6.3896 2.5525, -2.2673 -6.4121 2.552, -2.2761 -6.433 2.5514, -2.2911 -6.453 2.5507, -2.3089 -6.4675 2.55, -2.3297 -6.4775 2.5494, -0.8471 -6.1317 0.401, 2.1472 -6.0207 3.5659, -0.9242 -6.0565 4.7246, -0.9329 -6.0485 4.7452, -1.2416 -6.0414 4.5827, -2.1341 -6.0139 3.56, -2.2261 -5.9793 1.875, -1.4479 -5.9517 0.7593, -1.1609 -5.9447 0.5659, 0.8419 -5.9029 0.4144, 1.9131 -5.8754 1.2498, 2.0918 -5.8683 1.5481, 2.3226 -5.8407 2.8884, 2.2544 -5.8337 3.2279, 1.2448 -5.7991 4.5806, 0.7542 -5.8143 4.7638, 0.7291 -5.8249 4.7638, 0.913 -5.8287 4.6916, 0.6663 -5.901 4.7638, 0.6748 -5.9114 4.7638, 0.9051 -5.9156 4.6777, 0.6795 -5.9157 4.7638, 0.7034 -5.9318 4.7638, 0.9082 -5.9365 4.686, 0.7055 -5.9333 4.7638, 0.7478 -5.952 4.7638, 0.9138 -5.9565 4.6999, 0.8471 -5.9773 4.7638, 0.861 -5.9786 4.7638, 0.9288 -5.981 4.7355, -0.8797 -6.241 4.7638, -0.8619 -6.2382 4.7638, -0.9322 -6.2376 4.7341, -0.6795 -6.1168 4.7638, -0.6885 -6.1107 4.7638, -0.9065 -6.1057 4.6815, -0.7055 -6.0992 4.7638, -0.7252 -6.0905 4.7638, -0.9106 -6.0861 4.692, -0.7478 -6.0805 4.7638, -0.7755 -6.0734 4.7638, -0.9167 -6.0691 4.7068, -0.8889 -6.0513 4.7638, -0.8471 -6.0552 4.7638, -0.83 -6.0595 4.7638, -0.6622 -6.1395 4.7638, -0.6663 -6.1314 4.7638, -0.9044 -6.1258 4.6757, -0.6748 -6.1211 4.7638, -0.6609 -6.1552 4.7638, -0.6605 -6.1537 4.7638, -0.9041 -6.1497 4.674, -0.6603 -6.1508 4.7638, -0.6609 -6.1439 4.7638, -0.6718 -6.1755 4.7638, -0.6694 -6.1727 4.7638, -0.6633 -6.1632 4.7638, -0.6624 -6.1611 4.7638, -0.91 -6.1931 4.6853, -0.7053 -6.1976 4.7638, -0.9061 -6.1722 4.6773, -0.6943 -6.193 4.7638, -0.6902 -6.1904 4.7638, -0.9237 -6.2276 4.7151, -0.8047 -6.2291 4.7638, -0.9163 -6.2131 4.6988, -0.7796 -6.2251 4.7638, -0.7542 -6.2181 4.7638, -0.9259 -6.2424 4.7638, 0.6622 -5.893 4.7638, 0.9039 -5.8931 4.6741, 0.6609 -5.8886 4.7638, 0.6608 -5.8876 4.7638, 0.6633 -5.8693 4.7638, 0.6624 -5.8714 4.7638, 0.6605 -5.8787 4.7638, 0.6603 -5.8817 4.7638, 0.6902 -5.8421 4.7638, 0.6718 -5.857 4.7638, 0.905 -5.8692 4.6754, 0.6694 -5.8597 4.7638, 0.6668 -5.8638 4.7638, 0.9127 -5.8295 4.6911, 0.7272 -5.8257 4.7638, 0.9079 -5.8491 4.6809, 0.6943 -5.8395 4.7638, 0.7728 -5.8092 4.7638, 0.8303 -5.7993 4.7638, 0.7796 -5.8074 4.7638, 0.9194 -5.8125 4.7056, 0.8888 -5.7912 4.7638, 0.8797 -5.7915 4.7638, 0.9274 -5.7998 4.7232, 0.9364 -5.7919 4.7436, 1.5223 -5.806 4.3764, 1.763 -5.8125 4.1381, 1.9696 -5.8194 3.8631, 2.1356 -5.8265 3.5565, 2.3402 -5.8473 2.5491, 2.308 -5.854 2.2088, 2.2249 -5.8611 1.8714, 1.6961 -5.8822 0.9854, 1.4449 -5.8887 0.757, 1.1576 -5.8957 0.564, 0.5081 -5.9101 0.3136, 0.1674 -5.9169 0.2637, -0.1713 -5.9235 0.264, -0.5118 -5.9304 0.3144, -0.8455 -5.9375 0.4158, -1.6988 -5.9583 0.9882, -1.9153 -5.965 1.253, -2.0935 -5.9721 1.5515, -2.3402 -5.9931 2.5529, -2.3222 -5.9997 2.8922, -2.2534 -6.0067 3.2316, -1.7605 -6.0279 4.141, -1.5194 -6.0345 4.3789, -0.941 -6.0464 4.7638, -1.2299 -6.0493 4.5637, -0.7271 -6.0897 4.7638, -0.9108 -6.0853 4.6925, -1.2198 -6.0619 4.5472, -1.505 -6.0424 4.3618, -1.2119 -6.0782 4.5339, -1.4927 -6.055 4.347, -1.7438 -6.0359 4.1262, -1.9676 -6.0211 3.8663, -1.2116 -6.079 4.5334, -1.4829 -6.0713 4.3351, -1.7294 -6.0485 4.1133, -1.9489 -6.029 3.8541, -1.206 -6.0985 4.5237, -1.4825 -6.0721 4.3346, -1.718 -6.0647 4.1029, -1.9328 -6.0416 3.8434, -2.1138 -6.0219 3.5507, -1.203 -6.1187 4.5182, -1.4755 -6.0916 4.3258, -1.7176 -6.0655 4.1025, -1.92 -6.0579 3.8348, -2.0963 -6.0345 3.5425, -2.2319 -6.0147 3.2254, -1.2025 -6.1425 4.5166, -1.4718 -6.1118 4.3208, -1.7094 -6.0851 4.0948, -1.9195 -6.0587 3.8344, -2.0823 -6.0507 3.5359, -2.2134 -6.0273 3.22, -2.3 -6.0077 2.8893, -1.2049 -6.165 4.5196, -1.4711 -6.1357 4.3193, -1.705 -6.1052 4.0904, -1.9102 -6.0782 3.828, -2.0818 -6.0515 3.5356, -2.1987 -6.0435 3.2155, -2.2809 -6.0203 2.8866, -2.3179 -6.0011 2.5532, -2.3087 -5.9864 2.2126, -1.21 -6.186 4.5268, -1.4739 -6.1581 4.3219, -1.704 -6.1291 4.0889, -1.9053 -6.0984 3.8243, -2.0717 -6.0711 3.5307, -2.1981 -6.0443 3.2153, -2.2656 -6.0365 2.8844, -2.2986 -6.0137 2.5534, -2.2866 -5.9943 2.2161, -1.2183 -6.2059 4.5393, -1.48 -6.1791 4.3283, -1.7072 -6.1516 4.0911, -1.9041 -6.1222 3.823, -2.0662 -6.0912 3.5278, -2.1874 -6.0639 3.2119, -2.2651 -6.0373 2.8843, -2.2832 -6.0299 2.5534, -2.2675 -6.007 2.2191, -2.2048 -5.9873 1.8818, -1.228 -6.2205 4.5543, -1.49 -6.199 4.3395, -1.7141 -6.1725 4.0966, -1.9076 -6.1447 3.8247, -2.0649 -6.1151 3.5267, -2.1815 -6.084 3.2099, -2.254 -6.0569 2.8825, -2.2826 -6.0307 2.5534, -2.2523 -6.0232 2.2213, -2.1864 -5.9999 1.8875, -2.0735 -5.9801 1.5614, -0.9422 -6.2427 4.7568, -1.2392 -6.2305 4.5718, -1.5018 -6.2136 4.3528, -1.7257 -6.1925 4.1062, -1.9152 -6.1657 3.8292, -2.0685 -6.1376 3.5278, -2.18 -6.1079 3.209, -2.2479 -6.077 2.8813, -2.2713 -6.0503 2.5532, -2.2517 -6.024 2.2214, -2.1716 -6.0161 1.892, -2.0561 -5.9927 1.5698, -1.897 -5.973 1.2657, 0.9259 -5.9847 4.7638, 0.9386 -5.9861 4.7584, 1.2492 -5.9932 4.5949, 0.8062 -5.9669 4.7638, 0.9207 -5.971 4.7164, 1.2252 -5.9781 4.5561, 1.2361 -5.9882 4.5738, 1.5127 -5.995 4.3709, 1.5287 -6.0001 4.3899, 1.7713 -6.0067 4.1505, 1.2024 -5.9002 4.5167, 1.204 -5.9227 4.5201, 1.4731 -5.9296 4.3226, 1.4785 -5.9505 4.3296, 1.7129 -5.9571 4.0981, 1.7239 -5.9771 4.1082, 1.9266 -5.9839 3.8392, 1.9414 -5.9984 3.8491, 2.1057 -6.0056 3.5469, 2.1245 -6.0156 3.5556, 2.2433 -6.0228 3.2287, 2.2672 -6.0279 3.2355, 2.3364 -6.0349 2.894, 1.2073 -5.8562 4.5229, 1.2036 -5.8763 4.5178, 1.4724 -5.8832 4.3204, 1.4709 -5.9071 4.3194, 1.7039 -5.9137 4.0891, 1.7065 -5.9361 4.0919, 1.907 -5.943 3.8257, 1.9142 -5.9639 3.8308, 2.076 -5.9711 3.5328, 2.0895 -5.9911 3.5393, 2.2063 -5.9983 3.2178, 2.2234 -6.0128 3.2229, 2.2912 -6.0198 2.888, 2.3118 -6.0298 2.8908, 2.3298 -6.0364 2.5531, 2.3546 -6.0415 2.5527, 2.3228 -6.0482 2.2103, 1.2224 -5.8196 4.5456, 1.2139 -5.8358 4.5327, 1.4847 -5.8427 4.3335, 1.4843 -5.8435 4.3331, 1.7191 -5.8501 4.1007, 1.7104 -5.8697 4.0936, 1.9111 -5.8765 3.8267, 1.9057 -5.8966 3.8237, 2.0665 -5.9038 3.5271, 2.0648 -5.9277 3.5268, 2.18 -5.9349 3.2092, 2.1835 -5.9573 3.2106, 2.25 -5.9643 2.8818, 2.2587 -5.9853 2.8833, 2.2762 -5.9919 2.5533, 2.2911 -6.0119 2.5534, 2.2601 -6.0186 2.2202, 2.2778 -6.0331 2.2175, 2.1963 -6.0402 1.8844, 2.2161 -6.0502 1.8782, 2.0841 -6.0574 1.5562, 2.1064 -6.0625 1.5451, 1.9271 -6.0696 1.2447, 1.2328 -5.807 4.5618, 1.5077 -5.8139 4.3596, 1.495 -5.8265 4.3451, 1.7314 -5.833 4.111, 1.7196 -5.8493 4.1011, 1.9213 -5.8561 3.8328, 1.9207 -5.8569 3.8325, 2.0827 -5.8641 3.5335, 2.0723 -5.8837 3.5293, 2.1878 -5.8909 3.2104, 2.1817 -5.911 3.2092, 2.2479 -5.918 2.8806, 2.2462 -5.9419 2.8808, 2.2635 -5.9485 2.5527, 2.2673 -5.971 2.5531, 2.2365 -5.9777 2.2233, 2.2453 -5.9986 2.2223, 2.1649 -6.0057 1.894, 2.1792 -6.0257 1.8897, 2.0494 -6.0329 1.5731, 2.0655 -6.0474 1.5653, 1.8896 -6.0545 1.2707, 1.9067 -6.0645 1.2589, 1.6911 -6.0712 0.9953, 1.7092 -6.0763 0.9783, 1.4569 -6.0829 0.7481, 1.9508 -5.8273 3.8511, 2.1152 -5.8344 3.5475, 2.0975 -5.8471 3.5398, 2.2142 -5.8542 3.2171, 2.1993 -5.8705 3.2132, 2.2659 -5.8775 2.882, 2.2653 -5.8783 2.882, 2.2825 -5.8849 2.551, 2.2713 -5.9045 2.5516, 2.2403 -5.9112 2.2214, 2.2342 -5.9313 2.2228, 2.154 -5.9384 1.8961, 2.1525 -5.9623 1.8971, 2.0241 -5.9695 1.5843, 2.0277 -5.992 1.583, 1.8549 -5.999 1.2938, 1.8624 -6.02 1.2891, 1.6516 -6.0267 1.0316, 1.6628 -6.0467 1.0216, 1.4172 -6.0533 0.7976, 1.4284 -6.0678 0.7838, 1.1452 -6.0748 0.593, 1.1557 -6.0848 0.575, 0.8417 -6.092 0.4255, 0.8507 -6.0971 0.4024, 0.515 -6.1042 0.3004, 2.2329 -5.8416 3.2221, 2.3005 -5.8486 2.8858, 2.2813 -5.8612 2.8836, 2.2985 -5.8679 2.5504, 2.2831 -5.8841 2.551, 2.2519 -5.8908 2.219, 2.2513 -5.8916 2.2191, 2.1703 -5.8987 1.8899, 2.1597 -5.9183 1.8938, 2.0307 -5.9255 1.58, 2.0254 -5.9456 1.5831, 1.8526 -5.9527 1.2943, 1.8515 -5.9766 1.2957, 1.6419 -5.9833 1.0397, 1.6449 -6.0058 1.0374, 1.4018 -6.0124 0.8158, 1.4076 -6.0333 0.8091, 1.1284 -6.0403 0.6211, 1.1361 -6.0603 0.6083, 0.8273 -6.0675 0.4614, 0.834 -6.082 0.4448, 0.5048 -6.0892 0.3448, 0.5095 -6.0992 0.3246, 0.1704 -6.106 0.2745, 0.1723 -6.1111 0.2497, -0.1684 -6.1177 0.2494, 2.2037 -5.869 1.8784, 2.0719 -5.8762 1.5583, 2.0548 -5.8889 1.5671, 1.8793 -5.896 1.2741, 1.8669 -5.9122 1.2833, 1.6553 -5.9189 1.0252, 1.6548 -5.9197 1.0256, 1.4099 -5.9263 0.8028, 1.4032 -5.9459 0.8118, 1.1245 -5.9529 0.6245, 1.1217 -5.973 0.63, 0.8163 -5.9802 0.485, 0.8161 -6.0041 0.4867, 0.4933 -6.0112 0.3889, 0.4946 -6.0337 0.3853, 0.1646 -6.0406 0.3367, 0.1657 -6.0615 0.3279, -0.1638 -6.0681 0.3277, -0.1644 -6.0881 0.3128, -0.4979 -6.0949 0.3616, -0.5015 -6.1095 0.3441, -0.8309 -6.1166 0.4437, -0.8382 -6.1266 0.4242, -1.1525 -6.1338 0.5732, -1.1647 -6.1389 0.5515, -1.4538 -6.1459 0.7456, 1.895 -5.8833 1.2628, 1.6801 -5.8901 1.0009, 1.6662 -5.9027 1.0143, 1.4195 -5.9093 0.79, 1.4102 -5.9255 0.8023, 1.13 -5.9325 0.614, 1.1297 -5.9333 0.6145, 0.8218 -5.9405 0.4685, 0.8181 -5.9601 0.4791, 0.4942 -5.9672 0.3811, 0.4932 -5.9873 0.3872, 0.1635 -5.9942 0.3388, 0.1639 -6.0181 0.3405, -0.1637 -6.0247 0.3404, -0.1635 -6.0471 0.3366, -0.4935 -6.054 0.385, -0.4951 -6.075 0.3763, -0.8197 -6.0821 0.4745, -0.8247 -6.1021 0.4604, -1.1337 -6.1093 0.607, -1.1423 -6.1238 0.5913, -1.4258 -6.1308 0.7817, -1.4385 -6.1408 0.7652, -1.6886 -6.1474 0.9926, -1.7065 -6.1525 0.9755, -1.9249 -6.1592 1.2415, 1.1467 -5.9037 0.5835, 0.834 -5.9109 0.4353, 0.8273 -5.9235 0.4534, 0.4994 -5.9306 0.3543, 0.4964 -5.9469 0.3694, 0.1641 -5.9537 0.3207, 0.164 -5.9545 0.3213, -0.1663 -5.9611 0.3215, -0.1651 -5.9807 0.3327, -0.4957 -5.9875 0.3814, -0.494 -6.0076 0.3874, -0.817 -6.0148 0.4853, -0.8159 -6.0387 0.4867, -1.1211 -6.0459 0.6316, -1.1227 -6.0684 0.6281, -1.4009 -6.0753 0.8152, -1.4061 -6.0963 0.8079, -1.6503 -6.1029 1.0302, -1.6609 -6.1228 1.0196, -1.8733 -6.1296 1.2786, -1.8877 -6.1441 1.268, -2.064 -6.1512 1.5624, -2.0825 -6.1612 1.5529, -2.215 -6.1684 1.8747, -2.2386 -6.1735 1.8669, -2.3222 -6.1806 2.2064, 0.5034 -5.918 0.3354, 0.166 -5.9249 0.286, 0.1648 -5.9375 0.3053, -0.1678 -5.944 0.3055, -0.1664 -5.9603 0.3209, -0.4987 -5.9672 0.3699, -0.4985 -5.9679 0.3705, -0.824 -5.9751 0.4693, -0.8196 -5.9947 0.4796, -1.1258 -6.0019 0.6252, -1.1224 -6.022 0.6304, -1.4003 -6.029 0.8174, -1.3989 -6.0529 0.8184, -1.6417 -6.0595 1.0396, -1.6442 -6.0819 1.0366, -1.8543 -6.0887 1.2929, -1.8613 -6.1096 1.2875, -2.0349 -6.1167 1.5777, -2.0482 -6.1367 1.5706, -2.1784 -6.1439 1.8871, -2.1953 -6.1584 1.8813, -2.2772 -6.1655 2.2143, -2.2977 -6.1755 2.2106, -2.3297 -6.1822 2.5494, -2.3545 -6.1873 2.5488, -2.3369 -6.1939 2.8902, -0.5068 -5.9383 0.3362, -0.8373 -5.9455 0.4366, -0.8301 -5.9581 0.4545, -1.1399 -5.9653 0.6019, -1.132 -5.9815 0.6151, -1.4121 -5.9885 0.8037, -1.4117 -5.9893 0.8042, -1.6564 -5.9959 1.0273, -1.648 -6.0155 1.0348, -1.8583 -6.0222 1.2917, -1.853 -6.0423 1.2949, -2.0257 -6.0494 1.5838, -2.024 -6.0733 1.5841, -2.1525 -6.0805 1.8969, -2.156 -6.103 1.8953, -2.2363 -6.1101 2.2223, -2.245 -6.131 2.2204, -2.2761 -6.1377 2.5514, -2.2911 -6.1577 2.5507, -2.2739 -6.1643 2.8828, -2.2916 -6.1788 2.8848, -2.2243 -6.1858 3.2197, -2.2443 -6.1958 3.2252, -2.1261 -6.203 3.5523, -2.1488 -6.2081 3.5623, -1.9818 -6.2152 3.8708, -1.1497 -5.9526 0.5853, -1.434 -5.9596 0.7768, -1.4219 -5.9722 0.7918, -1.6683 -5.9788 1.0165, -1.6569 -5.9951 1.0269, -1.8683 -6.0018 1.2852, -1.8678 -6.0026 1.2855, -2.0416 -6.0097 1.5767, -2.0314 -6.0293 1.5814, -2.1602 -6.0365 1.8953, -2.1542 -6.0566 1.8968, -2.2343 -6.0637 2.2235, -2.2326 -6.0876 2.2233, -2.2634 -6.0943 2.5525, -2.2673 -6.1168 2.552, -2.2501 -6.1234 2.8807, -2.2589 -6.1443 2.8814, -2.1925 -6.1513 3.2116, -2.207 -6.1713 3.2152, -2.0906 -6.1785 3.5369, -2.107 -6.193 3.5439, -1.9432 -6.2002 3.8464, -1.9608 -6.2102 3.8574, -1.7551 -6.217 4.1313, -1.7738 -6.2221 4.1475, -1.5317 -6.2287 4.3873, 0.941 -5.9861 4.7638, 1.216 -5.9636 4.5408, 1.4993 -5.985 4.355, 1.7526 -6.0016 4.134, 1.9796 -6.0135 3.8741, 1.2084 -5.9436 4.5279, 1.4879 -5.9705 4.3412, 1.7371 -5.9916 4.1202, 1.9588 -6.0085 3.8606, 1.2136 -5.8366 4.5322, 1.4767 -5.8631 4.3248, 1.7055 -5.8898 4.0898, 1.904 -5.9205 3.8232, 2.0681 -5.9502 3.5288, 2.192 -5.9783 3.2134, 2.2735 -6.0053 2.8855, 2.309 -6.0264 2.5533, 2.2983 -6.0431 2.2143, 2.2398 -6.0553 1.8706, 1.7461 -5.8204 4.1235, 1.9344 -5.8399 3.8409, 2.0833 -5.8633 3.5338, 2.1987 -5.8713 3.2131, 2.2541 -5.8979 2.8809, 2.2651 -5.9246 2.5522, 2.2327 -5.9552 2.2235, 2.1563 -5.9848 1.8963, 2.0358 -6.0129 1.5794, 1.8749 -6.04 1.2808, 1.6759 -6.0612 1.0095, 1.4414 -6.0778 0.7675, 1.1681 -6.0899 0.5535, 2.3178 -5.8552 2.5497, 2.267 -5.8746 2.2161, 2.1709 -5.8979 1.8897, 2.0406 -5.9059 1.5746, 1.8574 -5.9326 1.2904, 1.6427 -5.9594 1.0382, 1.3991 -5.9899 0.8186, 1.1236 -6.0194 0.6286, 0.8215 -6.0475 0.4752, 0.5006 -6.0746 0.3622, 0.1687 -6.096 0.2952, -0.1668 -6.1126 0.2742, -0.5112 -6.1245 0.2995, 2.286 -5.862 2.2127, 2.1854 -5.8817 1.8847, 2.0411 -5.9051 1.5744, 1.8664 -5.913 1.2836, 1.647 -5.9393 1.0337, 1.3997 -5.966 0.817, 1.1213 -5.9969 0.6317, 0.8179 -6.0266 0.4833, 0.497 -6.0547 0.3767, 0.1672 -6.0815 0.313, -0.1654 -6.1026 0.2949, -0.5059 -6.1195 0.3238, 1.4313 -5.8967 0.7746, 1.1373 -5.9163 0.6004, 0.822 -5.9397 0.4679, 0.4963 -5.9476 0.37, 0.1636 -5.9741 0.3325, -0.1643 -6.0008 0.3388, -0.4931 -6.0315 0.3889, -0.8169 -6.0612 0.4829, -1.1267 -6.0893 0.6202, -1.415 -6.1163 0.7959, -1.6736 -6.1374 1.0071, -1.9046 -6.1541 1.2559, -2.1046 -6.1663 1.5417, -0.1695 -5.9314 0.2863, -0.5024 -5.9509 0.3549, -0.8242 -5.9743 0.4687, -1.1317 -5.9823 0.6156, -1.4045 -6.0089 0.8128, -1.6433 -6.0356 1.0388, -1.8514 -6.0662 1.2955, -2.0272 -6.0958 1.582, -2.1643 -6.1239 1.8921, -2.2597 -6.151 2.2175, -2.3089 -6.1722 2.55, -2.3123 -6.1888 2.8872, -2.2683 -6.2009 3.2318, -1.6825 -5.9662 1.0034, -1.8811 -5.9856 1.2766, -2.0422 -6.0089 1.5765, -2.171 -6.0169 1.8922, -2.2405 -6.0436 2.2229, -2.2651 -6.0704 2.5529, -2.2463 -6.1009 2.8806, -2.1838 -6.1304 3.2096, -2.0768 -6.1585 3.5311, -1.9281 -6.1856 3.8369, -1.7393 -6.207 4.1177, -1.5155 -6.2236 4.3685, -1.2525 -6.2355 4.5928, -0.8471 -5.8364 0.401, 2.1472 -5.7254 3.5659, -0.9242 -5.7612 4.7246, -0.9329 -5.7533 4.7452, -1.2416 -5.7461 4.5827, -2.1341 -5.7187 3.56, -2.2261 -5.6841 1.875, -1.4479 -5.6564 0.7593, -1.1609 -5.6494 0.5659, 0.8419 -5.6076 0.4144, 1.9131 -5.5801 1.2498, 2.0918 -5.573 1.5481, 2.3226 -5.5454 2.8884, 2.2544 -5.5384 3.2279, 1.2448 -5.5038 4.5806, 0.7542 -5.5191 4.7638, 0.7291 -5.5296 4.7638, 0.913 -5.5334 4.6916, 0.6663 -5.6058 4.7638, 0.6748 -5.6161 4.7638, 0.9051 -5.6203 4.6777, 0.6795 -5.6205 4.7638, 0.7034 -5.6366 4.7638, 0.9082 -5.6412 4.686, 0.7055 -5.638 4.7638, 0.7478 -5.6567 4.7638, 0.9138 -5.6612 4.6999, 0.8471 -5.682 4.7638, 0.861 -5.6833 4.7638, 0.9288 -5.6857 4.7355, -0.8797 -5.9457 4.7638, -0.8619 -5.9429 4.7638, -0.9322 -5.9423 4.7341, -0.6795 -5.8215 4.7638, -0.6885 -5.8154 4.7638, -0.9065 -5.8104 4.6815, -0.7055 -5.8039 4.7638, -0.7252 -5.7952 4.7638, -0.9106 -5.7908 4.692, -0.7478 -5.7852 4.7638, -0.7755 -5.7782 4.7638, -0.9167 -5.7738 4.7068, -0.8889 -5.756 4.7638, -0.8471 -5.7599 4.7638, -0.83 -5.7643 4.7638, -0.6622 -5.8442 4.7638, -0.6663 -5.8362 4.7638, -0.9044 -5.8305 4.6757, -0.6748 -5.8258 4.7638, -0.6609 -5.8599 4.7638, -0.6605 -5.8585 4.7638, -0.9041 -5.8544 4.674, -0.6603 -5.8555 4.7638, -0.6609 -5.8486 4.7638, -0.6718 -5.8802 4.7638, -0.6694 -5.8775 4.7638, -0.6633 -5.8679 4.7638, -0.6624 -5.8658 4.7638, -0.91 -5.8978 4.6853, -0.7053 -5.9023 4.7638, -0.9061 -5.8769 4.6773, -0.6943 -5.8977 4.7638, -0.6902 -5.8952 4.7638, -0.9237 -5.9323 4.7151, -0.8047 -5.9338 4.7638, -0.9163 -5.9178 4.6988, -0.7796 -5.9299 4.7638, -0.7542 -5.9229 4.7638, -0.9259 -5.9471 4.7638, 0.6622 -5.5978 4.7638, 0.9039 -5.5978 4.6741, 0.6609 -5.5933 4.7638, 0.6608 -5.5923 4.7638, 0.6633 -5.574 4.7638, 0.6624 -5.5761 4.7638, 0.6605 -5.5835 4.7638, 0.6603 -5.5864 4.7638, 0.6902 -5.5468 4.7638, 0.6718 -5.5617 4.7638, 0.905 -5.5739 4.6754, 0.6694 -5.5645 4.7638, 0.6668 -5.5685 4.7638, 0.9127 -5.5342 4.6911, 0.7272 -5.5304 4.7638, 0.9079 -5.5538 4.6809, 0.6943 -5.5443 4.7638, 0.7728 -5.5139 4.7638, 0.8303 -5.5041 4.7638, 0.7796 -5.5121 4.7638, 0.9194 -5.5172 4.7056, 0.8888 -5.496 4.7638, 0.8797 -5.4962 4.7638, 0.9274 -5.5046 4.7232, 0.9364 -5.4966 4.7436, 1.5223 -5.5107 4.3764, 1.763 -5.5172 4.1381, 1.9696 -5.5241 3.8631, 2.1356 -5.5312 3.5565, 2.3402 -5.552 2.5491, 2.308 -5.5588 2.2088, 2.2249 -5.5658 1.8714, 1.6961 -5.5869 0.9854, 1.4449 -5.5935 0.757, 1.1576 -5.6005 0.564, 0.5081 -5.6148 0.3136, 0.1674 -5.6217 0.2637, -0.1713 -5.6282 0.264, -0.5118 -5.6351 0.3144, -0.8455 -5.6422 0.4158, -1.6988 -5.663 0.9882, -1.9153 -5.6698 1.253, -2.0935 -5.6768 1.5515, -2.3402 -5.6979 2.5529, -2.3222 -5.7045 2.8922, -2.2534 -5.7115 3.2316, -1.7605 -5.7327 4.141, -1.5194 -5.7392 4.3789, -0.941 -5.7511 4.7638, -1.2299 -5.754 4.5637, -0.7271 -5.7944 4.7638, -0.9108 -5.79 4.6925, -1.2198 -5.7666 4.5472, -1.505 -5.7471 4.3618, -1.2119 -5.7829 4.5339, -1.4927 -5.7598 4.347, -1.7438 -5.7406 4.1262, -1.9676 -5.7258 3.8663, -1.2116 -5.7837 4.5334, -1.4829 -5.776 4.3351, -1.7294 -5.7532 4.1133, -1.9489 -5.7337 3.8541, -1.206 -5.8033 4.5237, -1.4825 -5.7768 4.3346, -1.718 -5.7694 4.1029, -1.9328 -5.7463 3.8434, -2.1138 -5.7266 3.5507, -1.203 -5.8234 4.5182, -1.4755 -5.7964 4.3258, -1.7176 -5.7702 4.1025, -1.92 -5.7626 3.8348, -2.0963 -5.7392 3.5425, -2.2319 -5.7194 3.2254, -1.2025 -5.8473 4.5166, -1.4718 -5.8165 4.3208, -1.7094 -5.7898 4.0948, -1.9195 -5.7634 3.8344, -2.0823 -5.7554 3.5359, -2.2134 -5.732 3.22, -2.3 -5.7124 2.8893, -1.2049 -5.8697 4.5196, -1.4711 -5.8404 4.3193, -1.705 -5.8099 4.0904, -1.9102 -5.783 3.828, -2.0818 -5.7562 3.5356, -2.1987 -5.7482 3.2155, -2.2809 -5.725 2.8866, -2.3179 -5.7058 2.5532, -2.3087 -5.6911 2.2126, -1.21 -5.8907 4.5268, -1.4739 -5.8629 4.3219, -1.704 -5.8338 4.0889, -1.9053 -5.8031 3.8243, -2.0717 -5.7758 3.5307, -2.1981 -5.749 3.2153, -2.2656 -5.7412 2.8844, -2.2986 -5.7184 2.5534, -2.2866 -5.6991 2.2161, -1.2183 -5.9107 4.5393, -1.48 -5.8838 4.3283, -1.7072 -5.8563 4.0911, -1.9041 -5.827 3.823, -2.0662 -5.7959 3.5278, -2.1874 -5.7686 3.2119, -2.2651 -5.742 2.8843, -2.2832 -5.7346 2.5534, -2.2675 -5.7117 2.2191, -2.2048 -5.692 1.8818, -1.228 -5.9252 4.5543, -1.49 -5.9038 4.3395, -1.7141 -5.8772 4.0966, -1.9076 -5.8494 3.8247, -2.0649 -5.8198 3.5267, -2.1815 -5.7887 3.2099, -2.254 -5.7616 2.8825, -2.2826 -5.7354 2.5534, -2.2523 -5.7279 2.2213, -2.1864 -5.7046 1.8875, -2.0735 -5.6848 1.5614, -0.9422 -5.9474 4.7568, -1.2392 -5.9352 4.5718, -1.5018 -5.9183 4.3528, -1.7257 -5.8972 4.1062, -1.9152 -5.8704 3.8292, -2.0685 -5.8423 3.5278, -2.18 -5.8126 3.209, -2.2479 -5.7817 2.8813, -2.2713 -5.755 2.5532, -2.2517 -5.7287 2.2214, -2.1716 -5.7208 1.892, -2.0561 -5.6974 1.5698, -1.897 -5.6777 1.2657, 0.9259 -5.6894 4.7638, 0.9386 -5.6908 4.7584, 1.2492 -5.698 4.5949, 0.8062 -5.6716 4.7638, 0.9207 -5.6757 4.7164, 1.2252 -5.6829 4.5561, 1.2361 -5.6929 4.5738, 1.5127 -5.6998 4.3709, 1.5287 -5.7049 4.3899, 1.7713 -5.7114 4.1505, 1.2024 -5.605 4.5167, 1.204 -5.6274 4.5201, 1.4731 -5.6343 4.3226, 1.4785 -5.6553 4.3296, 1.7129 -5.6618 4.0981, 1.7239 -5.6818 4.1082, 1.9266 -5.6886 3.8392, 1.9414 -5.7032 3.8491, 2.1057 -5.7103 3.5469, 2.1245 -5.7203 3.5556, 2.2433 -5.7275 3.2287, 2.2672 -5.7326 3.2355, 2.3364 -5.7396 2.894, 1.2073 -5.561 4.5229, 1.2036 -5.5811 4.5178, 1.4724 -5.588 4.3204, 1.4709 -5.6119 4.3194, 1.7039 -5.6184 4.0891, 1.7065 -5.6409 4.0919, 1.907 -5.6477 3.8257, 1.9142 -5.6687 3.8308, 2.076 -5.6758 3.5328, 2.0895 -5.6958 3.5393, 2.2063 -5.703 3.2178, 2.2234 -5.7175 3.2229, 2.2912 -5.7245 2.888, 2.3118 -5.7345 2.8908, 2.3298 -5.7411 2.5531, 2.3546 -5.7462 2.5527, 2.3228 -5.7529 2.2103, 1.2224 -5.5243 4.5456, 1.2139 -5.5406 4.5327, 1.4847 -5.5475 4.3335, 1.4843 -5.5483 4.3331, 1.7191 -5.5548 4.1007, 1.7104 -5.5744 4.0936, 1.9111 -5.5813 3.8267, 1.9057 -5.6014 3.8237, 2.0665 -5.6085 3.5271, 2.0648 -5.6324 3.5268, 2.18 -5.6396 3.2092, 2.1835 -5.6621 3.2106, 2.25 -5.6691 2.8818, 2.2587 -5.69 2.8833, 2.2762 -5.6966 2.5533, 2.2911 -5.7166 2.5534, 2.2601 -5.7233 2.2202, 2.2778 -5.7378 2.2175, 2.1963 -5.7449 1.8844, 2.2161 -5.7549 1.8782, 2.0841 -5.7621 1.5562, 2.1064 -5.7672 1.5451, 1.9271 -5.7743 1.2447, 1.2328 -5.5117 4.5618, 1.5077 -5.5186 4.3596, 1.495 -5.5312 4.3451, 1.7314 -5.5378 4.111, 1.7196 -5.554 4.1011, 1.9213 -5.5609 3.8328, 1.9207 -5.5617 3.8325, 2.0827 -5.5688 3.5335, 2.0723 -5.5884 3.5293, 2.1878 -5.5956 3.2104, 2.1817 -5.6157 3.2092, 2.2479 -5.6227 2.8806, 2.2462 -5.6466 2.8808, 2.2635 -5.6532 2.5527, 2.2673 -5.6757 2.5531, 2.2365 -5.6824 2.2233, 2.2453 -5.7033 2.2223, 2.1649 -5.7104 1.894, 2.1792 -5.7304 1.8897, 2.0494 -5.7376 1.5731, 2.0655 -5.7521 1.5653, 1.8896 -5.7592 1.2707, 1.9067 -5.7692 1.2589, 1.6911 -5.776 0.9953, 1.7092 -5.781 0.9783, 1.4569 -5.7876 0.7481, 1.9508 -5.532 3.8511, 2.1152 -5.5392 3.5475, 2.0975 -5.5518 3.5398, 2.2142 -5.559 3.2171, 2.1993 -5.5752 3.2132, 2.2659 -5.5822 2.882, 2.2653 -5.583 2.882, 2.2825 -5.5896 2.551, 2.2713 -5.6092 2.5516, 2.2403 -5.6159 2.2214, 2.2342 -5.636 2.2228, 2.154 -5.6431 1.8961, 2.1525 -5.667 1.8971, 2.0241 -5.6742 1.5843, 2.0277 -5.6967 1.583, 1.8549 -5.7038 1.2938, 1.8624 -5.7247 1.2891, 1.6516 -5.7315 1.0316, 1.6628 -5.7514 1.0216, 1.4172 -5.758 0.7976, 1.4284 -5.7725 0.7838, 1.1452 -5.7795 0.593, 1.1557 -5.7895 0.575, 0.8417 -5.7967 0.4255, 0.8507 -5.8018 0.4024, 0.515 -5.809 0.3004, 2.2329 -5.5464 3.2221, 2.3005 -5.5534 2.8858, 2.2813 -5.566 2.8836, 2.2985 -5.5726 2.5504, 2.2831 -5.5888 2.551, 2.2519 -5.5955 2.219, 2.2513 -5.5963 2.2191, 2.1703 -5.6034 1.8899, 2.1597 -5.623 1.8938, 2.0307 -5.6302 1.58, 2.0254 -5.6503 1.5831, 1.8526 -5.6574 1.2943, 1.8515 -5.6813 1.2957, 1.6419 -5.688 1.0397, 1.6449 -5.7105 1.0374, 1.4018 -5.7171 0.8158, 1.4076 -5.7381 0.8091, 1.1284 -5.745 0.6211, 1.1361 -5.765 0.6083, 0.8273 -5.7722 0.4614, 0.834 -5.7867 0.4448, 0.5048 -5.7939 0.3448, 0.5095 -5.8039 0.3246, 0.1704 -5.8108 0.2745, 0.1723 -5.8158 0.2497, -0.1684 -5.8224 0.2494, 2.2037 -5.5738 1.8784, 2.0719 -5.581 1.5583, 2.0548 -5.5936 1.5671, 1.8793 -5.6007 1.2741, 1.8669 -5.6169 1.2833, 1.6553 -5.6237 1.0252, 1.6548 -5.6245 1.0256, 1.4099 -5.631 0.8028, 1.4032 -5.6506 0.8118, 1.1245 -5.6576 0.6245, 1.1217 -5.6777 0.63, 0.8163 -5.6849 0.485, 0.8161 -5.7088 0.4867, 0.4933 -5.716 0.3889, 0.4946 -5.7384 0.3853, 0.1646 -5.7453 0.3367, 0.1657 -5.7663 0.3279, -0.1638 -5.7728 0.3277, -0.1644 -5.7928 0.3128, -0.4979 -5.7997 0.3616, -0.5015 -5.8142 0.3441, -0.8309 -5.8213 0.4437, -0.8382 -5.8313 0.4242, -1.1525 -5.8385 0.5732, -1.1647 -5.8436 0.5515, -1.4538 -5.8506 0.7456, 1.895 -5.5881 1.2628, 1.6801 -5.5948 1.0009, 1.6662 -5.6074 1.0143, 1.4195 -5.614 0.79, 1.4102 -5.6302 0.8023, 1.13 -5.6372 0.614, 1.1297 -5.638 0.6145, 0.8218 -5.6452 0.4685, 0.8181 -5.6648 0.4791, 0.4942 -5.672 0.3811, 0.4932 -5.6921 0.3872, 0.1635 -5.699 0.3388, 0.1639 -5.7228 0.3405, -0.1637 -5.7294 0.3404, -0.1635 -5.7519 0.3366, -0.4935 -5.7587 0.385, -0.4951 -5.7797 0.3763, -0.8197 -5.7868 0.4745, -0.8247 -5.8068 0.4604, -1.1337 -5.814 0.607, -1.1423 -5.8285 0.5913, -1.4258 -5.8355 0.7817, -1.4385 -5.8455 0.7652, -1.6886 -5.8521 0.9926, -1.7065 -5.8572 0.9755, -1.9249 -5.8639 1.2415, 1.1467 -5.6084 0.5835, 0.834 -5.6156 0.4353, 0.8273 -5.6282 0.4534, 0.4994 -5.6353 0.3543, 0.4964 -5.6516 0.3694, 0.1641 -5.6585 0.3207, 0.164 -5.6593 0.3213, -0.1663 -5.6658 0.3215, -0.1651 -5.6854 0.3327, -0.4957 -5.6923 0.3814, -0.494 -5.7124 0.3874, -0.817 -5.7195 0.4853, -0.8159 -5.7434 0.4867, -1.1211 -5.7506 0.6316, -1.1227 -5.7731 0.6281, -1.4009 -5.7801 0.8152, -1.4061 -5.801 0.8079, -1.6503 -5.8076 1.0302, -1.6609 -5.8276 1.0196, -1.8733 -5.8343 1.2786, -1.8877 -5.8488 1.268, -2.064 -5.8559 1.5624, -2.0825 -5.8659 1.5529, -2.215 -5.8731 1.8747, -2.2386 -5.8782 1.8669, -2.3222 -5.8853 2.2064, 0.5034 -5.6227 0.3354, 0.166 -5.6296 0.286, 0.1648 -5.6422 0.3053, -0.1678 -5.6488 0.3055, -0.1664 -5.665 0.3209, -0.4987 -5.6719 0.3699, -0.4985 -5.6727 0.3705, -0.824 -5.6798 0.4693, -0.8196 -5.6994 0.4796, -1.1258 -5.7066 0.6252, -1.1224 -5.7267 0.6304, -1.4003 -5.7337 0.8174, -1.3989 -5.7576 0.8184, -1.6417 -5.7642 1.0396, -1.6442 -5.7867 1.0366, -1.8543 -5.7934 1.2929, -1.8613 -5.8143 1.2875, -2.0349 -5.8214 1.5777, -2.0482 -5.8414 1.5706, -2.1784 -5.8486 1.8871, -2.1953 -5.8631 1.8813, -2.2772 -5.8702 2.2143, -2.2977 -5.8802 2.2106, -2.3297 -5.8869 2.5494, -2.3545 -5.892 2.5488, -2.3369 -5.8986 2.8902, -0.5068 -5.643 0.3362, -0.8373 -5.6502 0.4366, -0.8301 -5.6628 0.4545, -1.1399 -5.67 0.6019, -1.132 -5.6862 0.6151, -1.4121 -5.6932 0.8037, -1.4117 -5.694 0.8042, -1.6564 -5.7006 1.0273, -1.648 -5.7202 1.0348, -1.8583 -5.7269 1.2917, -1.853 -5.747 1.2949, -2.0257 -5.7541 1.5838, -2.024 -5.778 1.5841, -2.1525 -5.7852 1.8969, -2.156 -5.8077 1.8953, -2.2363 -5.8148 2.2223, -2.245 -5.8357 2.2204, -2.2761 -5.8424 2.5514, -2.2911 -5.8624 2.5507, -2.2739 -5.869 2.8828, -2.2916 -5.8835 2.8848, -2.2243 -5.8905 3.2197, -2.2443 -5.9006 3.2252, -2.1261 -5.9077 3.5523, -2.1488 -5.9128 3.5623, -1.9818 -5.92 3.8708, -1.1497 -5.6574 0.5853, -1.434 -5.6644 0.7768, -1.4219 -5.677 0.7918, -1.6683 -5.6836 1.0165, -1.6569 -5.6998 1.0269, -1.8683 -5.7065 1.2852, -1.8678 -5.7073 1.2855, -2.0416 -5.7144 1.5767, -2.0314 -5.734 1.5814, -2.1602 -5.7412 1.8953, -2.1542 -5.7613 1.8968, -2.2343 -5.7684 2.2235, -2.2326 -5.7923 2.2233, -2.2634 -5.799 2.5525, -2.2673 -5.8215 2.552, -2.2501 -5.8281 2.8807, -2.2589 -5.849 2.8814, -2.1925 -5.856 3.2116, -2.207 -5.876 3.2152, -2.0906 -5.8832 3.5369, -2.107 -5.8977 3.5439, -1.9432 -5.9049 3.8464, -1.9608 -5.9149 3.8574, -1.7551 -5.9217 4.1313, -1.7738 -5.9268 4.1475, -1.5317 -5.9334 4.3873, 0.941 -5.6908 4.7638, 1.216 -5.6683 4.5408, 1.4993 -5.6898 4.355, 1.7526 -5.7063 4.134, 1.9796 -5.7183 3.8741, 1.2084 -5.6484 4.5279, 1.4879 -5.6752 4.3412, 1.7371 -5.6963 4.1202, 1.9588 -5.7132 3.8606, 1.2136 -5.5414 4.5322, 1.4767 -5.5678 4.3248, 1.7055 -5.5945 4.0898, 1.904 -5.6253 3.8232, 2.0681 -5.6549 3.5288, 2.192 -5.683 3.2134, 2.2735 -5.71 2.8855, 2.309 -5.7311 2.5533, 2.2983 -5.7478 2.2143, 2.2398 -5.76 1.8706, 1.7461 -5.5252 4.1235, 1.9344 -5.5446 3.8409, 2.0833 -5.568 3.5338, 2.1987 -5.576 3.2131, 2.2541 -5.6026 2.8809, 2.2651 -5.6293 2.5522, 2.2327 -5.6599 2.2235, 2.1563 -5.6895 1.8963, 2.0358 -5.7176 1.5794, 1.8749 -5.7447 1.2808, 1.6759 -5.766 1.0095, 1.4414 -5.7826 0.7675, 1.1681 -5.7946 0.5535, 2.3178 -5.56 2.5497, 2.267 -5.5793 2.2161, 2.1709 -5.6026 1.8897, 2.0406 -5.6106 1.5746, 1.8574 -5.6373 1.2904, 1.6427 -5.6642 1.0382, 1.3991 -5.6946 0.8186, 1.1236 -5.7241 0.6286, 0.8215 -5.7522 0.4752, 0.5006 -5.7794 0.3622, 0.1687 -5.8008 0.2952, -0.1668 -5.8173 0.2742, -0.5112 -5.8293 0.2995, 2.286 -5.5667 2.2127, 2.1854 -5.5864 1.8847, 2.0411 -5.6098 1.5744, 1.8664 -5.6177 1.2836, 1.647 -5.644 1.0337, 1.3997 -5.6707 0.817, 1.1213 -5.7016 0.6317, 0.8179 -5.7313 0.4833, 0.497 -5.7594 0.3767, 0.1672 -5.7862 0.313, -0.1654 -5.8073 0.2949, -0.5059 -5.8242 0.3238, 1.4313 -5.6014 0.7746, 1.1373 -5.621 0.6004, 0.822 -5.6444 0.4679, 0.4963 -5.6524 0.37, 0.1636 -5.6788 0.3325, -0.1643 -5.7055 0.3388, -0.4931 -5.7363 0.3889, -0.8169 -5.7659 0.4829, -1.1267 -5.794 0.6202, -1.415 -5.821 0.7959, -1.6736 -5.8421 1.0071, -1.9046 -5.8588 1.2559, -2.1046 -5.871 1.5417, -0.1695 -5.6361 0.2863, -0.5024 -5.6556 0.3549, -0.8242 -5.679 0.4687, -1.1317 -5.687 0.6156, -1.4045 -5.7136 0.8128, -1.6433 -5.7403 1.0388, -1.8514 -5.7709 1.2955, -2.0272 -5.8005 1.582, -2.1643 -5.8286 1.8921, -2.2597 -5.8557 2.2175, -2.3089 -5.8769 2.55, -2.3123 -5.8935 2.8872, -2.2683 -5.9056 3.2318, -1.6825 -5.6709 1.0034, -1.8811 -5.6903 1.2766, -2.0422 -5.7136 1.5765, -2.171 -5.7216 1.8922, -2.2405 -5.7483 2.2229, -2.2651 -5.7751 2.5529, -2.2463 -5.8056 2.8806, -2.1838 -5.8351 3.2096, -2.0768 -5.8632 3.5311, -1.9281 -5.8904 3.8369, -1.7393 -5.9117 4.1177, -1.5155 -5.9283 4.3685, -1.2525 -5.9403 4.5928, -0.8471 -5.5411 0.401, 2.1472 -5.4301 3.5659, -0.9242 -5.4659 4.7246, -0.9329 -5.458 4.7452, -1.2416 -5.4508 4.5827, -2.1341 -5.4234 3.56, -2.2261 -5.3888 1.875, -1.4479 -5.3611 0.7593, -1.1609 -5.3542 0.5659, 0.8419 -5.3124 0.4144, 1.9131 -5.2849 1.2498, 2.0918 -5.2778 1.5481, 2.3226 -5.2502 2.8884, 2.2544 -5.2431 3.2279, 1.2448 -5.2085 4.5806, 0.7542 -5.2238 4.7638, 0.7291 -5.2344 4.7638, 0.913 -5.2381 4.6916, 0.6663 -5.3105 4.7638, 0.6748 -5.3209 4.7638, 0.9051 -5.325 4.6777, 0.6795 -5.3252 4.7638, 0.7034 -5.3413 4.7638, 0.9082 -5.3459 4.686, 0.7055 -5.3427 4.7638, 0.7478 -5.3614 4.7638, 0.9138 -5.3659 4.6999, 0.8471 -5.3868 4.7638, 0.861 -5.3881 4.7638, 0.9288 -5.3904 4.7355, -0.8797 -5.6504 4.7638, -0.8619 -5.6476 4.7638, -0.9322 -5.6471 4.7341, -0.6795 -5.5262 4.7638, -0.6885 -5.5201 4.7638, -0.9065 -5.5151 4.6815, -0.7055 -5.5087 4.7638, -0.7252 -5.5 4.7638, -0.9106 -5.4956 4.692, -0.7478 -5.49 4.7638, -0.7755 -5.4829 4.7638, -0.9167 -5.4785 4.7068, -0.8889 -5.4607 4.7638, -0.8471 -5.4646 4.7638, -0.83 -5.469 4.7638, -0.6622 -5.5489 4.7638, -0.6663 -5.5409 4.7638, -0.9044 -5.5353 4.6757, -0.6748 -5.5305 4.7638, -0.6609 -5.5647 4.7638, -0.6605 -5.5632 4.7638, -0.9041 -5.5592 4.674, -0.6603 -5.5602 4.7638, -0.6609 -5.5533 4.7638, -0.6718 -5.5849 4.7638, -0.6694 -5.5822 4.7638, -0.6633 -5.5726 4.7638, -0.6624 -5.5705 4.7638, -0.91 -5.6026 4.6853, -0.7053 -5.607 4.7638, -0.9061 -5.5816 4.6773, -0.6943 -5.6024 4.7638, -0.6902 -5.5999 4.7638, -0.9237 -5.6371 4.7151, -0.8047 -5.6385 4.7638, -0.9163 -5.6225 4.6988, -0.7796 -5.6346 4.7638, -0.7542 -5.6276 4.7638, -0.9259 -5.6519 4.7638, 0.6622 -5.3025 4.7638, 0.9039 -5.3025 4.6741, 0.6609 -5.2981 4.7638, 0.6608 -5.297 4.7638, 0.6633 -5.2787 4.7638, 0.6624 -5.2809 4.7638, 0.6605 -5.2882 4.7638, 0.6603 -5.2912 4.7638, 0.6902 -5.2515 4.7638, 0.6718 -5.2664 4.7638, 0.905 -5.2786 4.6754, 0.6694 -5.2692 4.7638, 0.6668 -5.2732 4.7638, 0.9127 -5.2389 4.6911, 0.7272 -5.2351 4.7638, 0.9079 -5.2585 4.6809, 0.6943 -5.249 4.7638, 0.7728 -5.2187 4.7638, 0.8303 -5.2088 4.7638, 0.7796 -5.2168 4.7638, 0.9194 -5.2219 4.7056, 0.8888 -5.2007 4.7638, 0.8797 -5.201 4.7638, 0.9274 -5.2093 4.7232, 0.9364 -5.2014 4.7436, 1.5223 -5.2154 4.3764, 1.763 -5.222 4.1381, 1.9696 -5.2288 3.8631, 2.1356 -5.236 3.5565, 2.3402 -5.2568 2.5491, 2.308 -5.2635 2.2088, 2.2249 -5.2706 1.8714, 1.6961 -5.2916 0.9854, 1.4449 -5.2982 0.757, 1.1576 -5.3052 0.564, 0.5081 -5.3195 0.3136, 0.1674 -5.3264 0.2637, -0.1713 -5.3329 0.264, -0.5118 -5.3398 0.3144, -0.8455 -5.347 0.4158, -1.6988 -5.3677 0.9882, -1.9153 -5.3745 1.253, -2.0935 -5.3816 1.5515, -2.3402 -5.4026 2.5529, -2.3222 -5.4092 2.8922, -2.2534 -5.4162 3.2316, -1.7605 -5.4374 4.141, -1.5194 -5.4439 4.3789, -0.941 -5.4558 4.7638, -1.2299 -5.4588 4.5637, -0.7271 -5.4991 4.7638, -0.9108 -5.4948 4.6925, -1.2198 -5.4714 4.5472, -1.505 -5.4519 4.3618, -1.2119 -5.4876 4.5339, -1.4927 -5.4645 4.347, -1.7438 -5.4453 4.1262, -1.9676 -5.4305 3.8663, -1.2116 -5.4884 4.5334, -1.4829 -5.4807 4.3351, -1.7294 -5.4579 4.1133, -1.9489 -5.4385 3.8541, -1.206 -5.508 4.5237, -1.4825 -5.4815 4.3346, -1.718 -5.4742 4.1029, -1.9328 -5.4511 3.8434, -2.1138 -5.4313 3.5507, -1.203 -5.5281 4.5182, -1.4755 -5.5011 4.3258, -1.7176 -5.475 4.1025, -1.92 -5.4673 3.8348, -2.0963 -5.4439 3.5425, -2.2319 -5.4241 3.2254, -1.2025 -5.552 4.5166, -1.4718 -5.5212 4.3208, -1.7094 -5.4945 4.0948, -1.9195 -5.4681 3.8344, -2.0823 -5.4602 3.5359, -2.2134 -5.4367 3.22, -2.3 -5.4171 2.8893, -1.2049 -5.5745 4.5196, -1.4711 -5.5451 4.3193, -1.705 -5.5147 4.0904, -1.9102 -5.4877 3.828, -2.0818 -5.461 3.5356, -2.1987 -5.453 3.2155, -2.2809 -5.4297 2.8866, -2.3179 -5.4105 2.5532, -2.3087 -5.3959 2.2126, -1.21 -5.5954 4.5268, -1.4739 -5.5676 4.3219, -1.704 -5.5386 4.0889, -1.9053 -5.5078 3.8243, -2.0717 -5.4805 3.5307, -2.1981 -5.4538 3.2153, -2.2656 -5.446 2.8844, -2.2986 -5.4231 2.5534, -2.2866 -5.4038 2.2161, -1.2183 -5.6154 4.5393, -1.48 -5.5885 4.3283, -1.7072 -5.561 4.0911, -1.9041 -5.5317 3.823, -2.0662 -5.5007 3.5278, -2.1874 -5.4734 3.2119, -2.2651 -5.4468 2.8843, -2.2832 -5.4394 2.5534, -2.2675 -5.4164 2.2191, -2.2048 -5.3967 1.8818, -1.228 -5.6299 4.5543, -1.49 -5.6085 4.3395, -1.7141 -5.582 4.0966, -1.9076 -5.5542 3.8247, -2.0649 -5.5246 3.5267, -2.1815 -5.4935 3.2099, -2.254 -5.4663 2.8825, -2.2826 -5.4402 2.5534, -2.2523 -5.4326 2.2213, -2.1864 -5.4093 1.8875, -2.0735 -5.3895 1.5614, -0.9422 -5.6522 4.7568, -1.2392 -5.6399 4.5718, -1.5018 -5.623 4.3528, -1.7257 -5.6019 4.1062, -1.9152 -5.5751 3.8292, -2.0685 -5.547 3.5278, -2.18 -5.5174 3.209, -2.2479 -5.4865 2.8813, -2.2713 -5.4597 2.5532, -2.2517 -5.4334 2.2214, -2.1716 -5.4256 1.892, -2.0561 -5.4021 1.5698, -1.897 -5.3824 1.2657, 0.9259 -5.3941 4.7638, 0.9386 -5.3955 4.7584, 1.2492 -5.4027 4.5949, 0.8062 -5.3763 4.7638, 0.9207 -5.3804 4.7164, 1.2252 -5.3876 4.5561, 1.2361 -5.3976 4.5738, 1.5127 -5.4045 4.3709, 1.5287 -5.4096 4.3899, 1.7713 -5.4161 4.1505, 1.2024 -5.3097 4.5167, 1.204 -5.3322 4.5201, 1.4731 -5.3391 4.3226, 1.4785 -5.36 4.3296, 1.7129 -5.3665 4.0981, 1.7239 -5.3865 4.1082, 1.9266 -5.3934 3.8392, 1.9414 -5.4079 3.8491, 2.1057 -5.415 3.5469, 2.1245 -5.425 3.5556, 2.2433 -5.4322 3.2287, 2.2672 -5.4373 3.2355, 2.3364 -5.4443 2.894, 1.2073 -5.2657 4.5229, 1.2036 -5.2858 4.5178, 1.4724 -5.2927 4.3204, 1.4709 -5.3166 4.3194, 1.7039 -5.3231 4.0891, 1.7065 -5.3456 4.0919, 1.907 -5.3525 3.8257, 1.9142 -5.3734 3.8308, 2.076 -5.3805 3.5328, 2.0895 -5.4005 3.5393, 2.2063 -5.4077 3.2178, 2.2234 -5.4222 3.2229, 2.2912 -5.4292 2.888, 2.3118 -5.4392 2.8908, 2.3298 -5.4458 2.5531, 2.3546 -5.4509 2.5527, 2.3228 -5.4577 2.2103, 1.2224 -5.2291 4.5456, 1.2139 -5.2453 4.5327, 1.4847 -5.2522 4.3335, 1.4843 -5.253 4.3331, 1.7191 -5.2595 4.1007, 1.7104 -5.2791 4.0936, 1.9111 -5.286 3.8267, 1.9057 -5.3061 3.8237, 2.0665 -5.3132 3.5271, 2.0648 -5.3371 3.5268, 2.18 -5.3443 3.2092, 2.1835 -5.3668 3.2106, 2.25 -5.3738 2.8818, 2.2587 -5.3947 2.8833, 2.2762 -5.4013 2.5533, 2.2911 -5.4213 2.5534, 2.2601 -5.428 2.2202, 2.2778 -5.4426 2.2175, 2.1963 -5.4496 1.8844, 2.2161 -5.4596 1.8782, 2.0841 -5.4669 1.5562, 2.1064 -5.4719 1.5451, 1.9271 -5.479 1.2447, 1.2328 -5.2164 4.5618, 1.5077 -5.2233 4.3596, 1.495 -5.236 4.3451, 1.7314 -5.2425 4.111, 1.7196 -5.2587 4.1011, 1.9213 -5.2656 3.8328, 1.9207 -5.2664 3.8325, 2.0827 -5.2735 3.5335, 2.0723 -5.2931 3.5293, 2.1878 -5.3003 3.2104, 2.1817 -5.3204 3.2092, 2.2479 -5.3274 2.8806, 2.2462 -5.3513 2.8808, 2.2635 -5.3579 2.5527, 2.2673 -5.3804 2.5531, 2.2365 -5.3871 2.2233, 2.2453 -5.4081 2.2223, 2.1649 -5.4151 1.894, 2.1792 -5.4351 1.8897, 2.0494 -5.4423 1.5731, 2.0655 -5.4568 1.5653, 1.8896 -5.4639 1.2707, 1.9067 -5.4739 1.2589, 1.6911 -5.4807 0.9953, 1.7092 -5.4858 0.9783, 1.4569 -5.4924 0.7481, 1.9508 -5.2367 3.8511, 2.1152 -5.2439 3.5475, 2.0975 -5.2565 3.5398, 2.2142 -5.2637 3.2171, 2.1993 -5.2799 3.2132, 2.2659 -5.2869 2.882, 2.2653 -5.2877 2.882, 2.2825 -5.2943 2.551, 2.2713 -5.3139 2.5516, 2.2403 -5.3206 2.2214, 2.2342 -5.3408 2.2228, 2.154 -5.3478 1.8961, 2.1525 -5.3717 1.8971, 2.0241 -5.3789 1.5843, 2.0277 -5.4014 1.583, 1.8549 -5.4085 1.2938, 1.8624 -5.4294 1.2891, 1.6516 -5.4362 1.0316, 1.6628 -5.4562 1.0216, 1.4172 -5.4628 0.7976, 1.4284 -5.4773 0.7838, 1.1452 -5.4843 0.593, 1.1557 -5.4943 0.575, 0.8417 -5.5015 0.4255, 0.8507 -5.5065 0.4024, 0.515 -5.5137 0.3004, 2.2329 -5.2511 3.2221, 2.3005 -5.2581 2.8858, 2.2813 -5.2707 2.8836, 2.2985 -5.2773 2.5504, 2.2831 -5.2935 2.551, 2.2519 -5.3003 2.219, 2.2513 -5.3011 2.2191, 2.1703 -5.3081 1.8899, 2.1597 -5.3277 1.8938, 2.0307 -5.3349 1.58, 2.0254 -5.355 1.5831, 1.8526 -5.3621 1.2943, 1.8515 -5.386 1.2957, 1.6419 -5.3928 1.0397, 1.6449 -5.4152 1.0374, 1.4018 -5.4218 0.8158, 1.4076 -5.4428 0.8091, 1.1284 -5.4498 0.6211, 1.1361 -5.4697 0.6083, 0.8273 -5.4769 0.4614, 0.834 -5.4915 0.4448, 0.5048 -5.4986 0.3448, 0.5095 -5.5086 0.3246, 0.1704 -5.5155 0.2745, 0.1723 -5.5206 0.2497, -0.1684 -5.5271 0.2494, 2.2037 -5.2785 1.8784, 2.0719 -5.2857 1.5583, 2.0548 -5.2983 1.5671, 1.8793 -5.3054 1.2741, 1.8669 -5.3216 1.2833, 1.6553 -5.3284 1.0252, 1.6548 -5.3292 1.0256, 1.4099 -5.3358 0.8028, 1.4032 -5.3554 0.8118, 1.1245 -5.3623 0.6245, 1.1217 -5.3825 0.63, 0.8163 -5.3896 0.485, 0.8161 -5.4135 0.4867, 0.4933 -5.4207 0.3889, 0.4946 -5.4432 0.3853, 0.1646 -5.45 0.3367, 0.1657 -5.471 0.3279, -0.1638 -5.4775 0.3277, -0.1644 -5.4975 0.3128, -0.4979 -5.5044 0.3616, -0.5015 -5.5189 0.3441, -0.8309 -5.5261 0.4437, -0.8382 -5.5361 0.4242, -1.1525 -5.5432 0.5732, -1.1647 -5.5483 0.5515, -1.4538 -5.5553 0.7456, 1.895 -5.2928 1.2628, 1.6801 -5.2995 1.0009, 1.6662 -5.3121 1.0143, 1.4195 -5.3187 0.79, 1.4102 -5.335 0.8023, 1.13 -5.342 0.614, 1.1297 -5.3428 0.6145, 0.8218 -5.3499 0.4685, 0.8181 -5.3695 0.4791, 0.4942 -5.3767 0.3811, 0.4932 -5.3968 0.3872, 0.1635 -5.4037 0.3388, 0.1639 -5.4276 0.3405, -0.1637 -5.4341 0.3404, -0.1635 -5.4566 0.3366, -0.4935 -5.4635 0.385, -0.4951 -5.4844 0.3763, -0.8197 -5.4916 0.4745, -0.8247 -5.5115 0.4604, -1.1337 -5.5187 0.607, -1.1423 -5.5332 0.5913, -1.4258 -5.5402 0.7817, -1.4385 -5.5502 0.7652, -1.6886 -5.5568 0.9926, -1.7065 -5.5619 0.9755, -1.9249 -5.5687 1.2415, 1.1467 -5.3131 0.5835, 0.834 -5.3203 0.4353, 0.8273 -5.3329 0.4534, 0.4994 -5.3401 0.3543, 0.4964 -5.3563 0.3694, 0.1641 -5.3632 0.3207, 0.164 -5.364 0.3213, -0.1663 -5.3705 0.3215, -0.1651 -5.3901 0.3327, -0.4957 -5.397 0.3814, -0.494 -5.4171 0.3874, -0.817 -5.4242 0.4853, -0.8159 -5.4481 0.4867, -1.1211 -5.4553 0.6316, -1.1227 -5.4778 0.6281, -1.4009 -5.4848 0.8152, -1.4061 -5.5057 0.8079, -1.6503 -5.5123 1.0302, -1.6609 -5.5323 1.0196, -1.8733 -5.539 1.2786, -1.8877 -5.5536 1.268, -2.064 -5.5607 1.5624, -2.0825 -5.5707 1.5529, -2.215 -5.5779 1.8747, -2.2386 -5.5829 1.8669, -2.3222 -5.59 2.2064, 0.5034 -5.3274 0.3354, 0.166 -5.3343 0.286, 0.1648 -5.3469 0.3053, -0.1678 -5.3535 0.3055, -0.1664 -5.3697 0.3209, -0.4987 -5.3766 0.3699, -0.4985 -5.3774 0.3705, -0.824 -5.3845 0.4693, -0.8196 -5.4041 0.4796, -1.1258 -5.4113 0.6252, -1.1224 -5.4314 0.6304, -1.4003 -5.4384 0.8174, -1.3989 -5.4623 0.8184, -1.6417 -5.4689 1.0396, -1.6442 -5.4914 1.0366, -1.8543 -5.4981 1.2929, -1.8613 -5.5191 1.2875, -2.0349 -5.5262 1.5777, -2.0482 -5.5461 1.5706, -2.1784 -5.5533 1.8871, -2.1953 -5.5679 1.8813, -2.2772 -5.5749 2.2143, -2.2977 -5.5849 2.2106, -2.3297 -5.5917 2.5494, -2.3545 -5.5968 2.5488, -2.3369 -5.6034 2.8902, -0.5068 -5.3477 0.3362, -0.8373 -5.3549 0.4366, -0.8301 -5.3675 0.4545, -1.1399 -5.3747 0.6019, -1.132 -5.3909 0.6151, -1.4121 -5.3979 0.8037, -1.4117 -5.3987 0.8042, -1.6564 -5.4053 1.0273, -1.648 -5.4249 1.0348, -1.8583 -5.4316 1.2917, -1.853 -5.4518 1.2949, -2.0257 -5.4589 1.5838, -2.024 -5.4827 1.5841, -2.1525 -5.4899 1.8969, -2.156 -5.5124 1.8953, -2.2363 -5.5195 2.2223, -2.245 -5.5404 2.2204, -2.2761 -5.5472 2.5514, -2.2911 -5.5671 2.5507, -2.2739 -5.5737 2.8828, -2.2916 -5.5883 2.8848, -2.2243 -5.5953 3.2197, -2.2443 -5.6053 3.2252, -2.1261 -5.6125 3.5523, -2.1488 -5.6176 3.5623, -1.9818 -5.6247 3.8708, -1.1497 -5.3621 0.5853, -1.434 -5.3691 0.7768, -1.4219 -5.3817 0.7918, -1.6683 -5.3883 1.0165, -1.6569 -5.4045 1.0269, -1.8683 -5.4113 1.2852, -1.8678 -5.4121 1.2855, -2.0416 -5.4192 1.5767, -2.0314 -5.4387 1.5814, -2.1602 -5.4459 1.8953, -2.1542 -5.4661 1.8968, -2.2343 -5.4731 2.2235, -2.2326 -5.497 2.2233, -2.2634 -5.5038 2.5525, -2.2673 -5.5262 2.552, -2.2501 -5.5328 2.8807, -2.2589 -5.5538 2.8814, -2.1925 -5.5608 3.2116, -2.207 -5.5807 3.2152, -2.0906 -5.5879 3.5369, -2.107 -5.6025 3.5439, -1.9432 -5.6096 3.8464, -1.9608 -5.6196 3.8574, -1.7551 -5.6265 4.1313, -1.7738 -5.6316 4.1475, -1.5317 -5.6381 4.3873, 0.941 -5.3956 4.7638, 1.216 -5.3731 4.5408, 1.4993 -5.3945 4.355, 1.7526 -5.411 4.134, 1.9796 -5.423 3.8741, 1.2084 -5.3531 4.5279, 1.4879 -5.38 4.3412, 1.7371 -5.401 4.1202, 1.9588 -5.4179 3.8606, 1.2136 -5.2461 4.5322, 1.4767 -5.2726 4.3248, 1.7055 -5.2992 4.0898, 1.904 -5.33 3.8232, 2.0681 -5.3596 3.5288, 2.192 -5.3877 3.2134, 2.2735 -5.4147 2.8855, 2.309 -5.4358 2.5533, 2.2983 -5.4526 2.2143, 2.2398 -5.4647 1.8706, 1.7461 -5.2299 4.1235, 1.9344 -5.2494 3.8409, 2.0833 -5.2727 3.5338, 2.1987 -5.2807 3.2131, 2.2541 -5.3073 2.8809, 2.2651 -5.334 2.5522, 2.2327 -5.3647 2.2235, 2.1563 -5.3942 1.8963, 2.0358 -5.4223 1.5794, 1.8749 -5.4494 1.2808, 1.6759 -5.4707 1.0095, 1.4414 -5.4873 0.7675, 1.1681 -5.4994 0.5535, 2.3178 -5.2647 2.5497, 2.267 -5.284 2.2161, 2.1709 -5.3073 1.8897, 2.0406 -5.3153 1.5746, 1.8574 -5.342 1.2904, 1.6427 -5.3689 1.0382, 1.3991 -5.3994 0.8186, 1.1236 -5.4288 0.6286, 0.8215 -5.457 0.4752, 0.5006 -5.4841 0.3622, 0.1687 -5.5055 0.2952, -0.1668 -5.522 0.2742, -0.5112 -5.534 0.2995, 2.286 -5.2714 2.2127, 2.1854 -5.2911 1.8847, 2.0411 -5.3145 1.5744, 1.8664 -5.3224 1.2836, 1.647 -5.3488 1.0337, 1.3997 -5.3755 0.817, 1.1213 -5.4064 0.6317, 0.8179 -5.436 0.4833, 0.497 -5.4641 0.3767, 0.1672 -5.491 0.313, -0.1654 -5.512 0.2949, -0.5059 -5.5289 0.3238, 1.4313 -5.3061 0.7746, 1.1373 -5.3257 0.6004, 0.822 -5.3492 0.4679, 0.4963 -5.3571 0.37, 0.1636 -5.3836 0.3325, -0.1643 -5.4102 0.3388, -0.4931 -5.441 0.3889, -0.8169 -5.4706 0.4829, -1.1267 -5.4987 0.6202, -1.415 -5.5257 0.7959, -1.6736 -5.5468 1.0071, -1.9046 -5.5636 1.2559, -2.1046 -5.5757 1.5417, -0.1695 -5.3409 0.2863, -0.5024 -5.3604 0.3549, -0.8242 -5.3838 0.4687, -1.1317 -5.3917 0.6156, -1.4045 -5.4183 0.8128, -1.6433 -5.445 1.0388, -1.8514 -5.4757 1.2955, -2.0272 -5.5052 1.582, -2.1643 -5.5334 1.8921, -2.2597 -5.5604 2.2175, -2.3089 -5.5817 2.55, -2.3123 -5.5983 2.8872, -2.2683 -5.6104 3.2318, -1.6825 -5.3757 1.0034, -1.8811 -5.395 1.2766, -2.0422 -5.4184 1.5765, -2.171 -5.4264 1.8922, -2.2405 -5.453 2.2229, -2.2651 -5.4799 2.5529, -2.2463 -5.5104 2.8806, -2.1838 -5.5398 3.2096, -2.0768 -5.568 3.5311, -1.9281 -5.5951 3.8369, -1.7393 -5.6165 4.1177, -1.5155 -5.633 4.3685, -1.2525 -5.645 4.5928, -0.8471 -5.2459 0.401, 2.1472 -5.1349 3.5659, -0.9242 -5.1706 4.7246, -0.9329 -5.1627 4.7452, -1.2416 -5.1555 4.5827, -2.1341 -5.1281 3.56, -2.2261 -5.0935 1.875, -1.4479 -5.0659 0.7593, -1.1609 -5.0589 0.5659, 0.8419 -5.0171 0.4144, 1.9131 -4.9896 1.2498, 2.0918 -4.9825 1.5481, 2.3226 -4.9549 2.8884, 2.2544 -4.9479 3.2279, 1.2448 -4.9132 4.5806, 0.7542 -4.9285 4.7638, 0.7291 -4.9391 4.7638, 0.913 -4.9429 4.6916, 0.6663 -5.0152 4.7638, 0.6748 -5.0256 4.7638, 0.9051 -5.0297 4.6777, 0.6795 -5.0299 4.7638, 0.7034 -5.046 4.7638, 0.9082 -5.0507 4.686, 0.7055 -5.0474 4.7638, 0.7478 -5.0661 4.7638, 0.9138 -5.0706 4.6999, 0.8471 -5.0915 4.7638, 0.861 -5.0928 4.7638, 0.9288 -5.0952 4.7355, -0.8797 -5.3552 4.7638, -0.8619 -5.3523 4.7638, -0.9322 -5.3518 4.7341, -0.6795 -5.2309 4.7638, -0.6885 -5.2248 4.7638, -0.9065 -5.2199 4.6815, -0.7055 -5.2134 4.7638, -0.7252 -5.2047 4.7638, -0.9106 -5.2003 4.692, -0.7478 -5.1947 4.7638, -0.7755 -5.1876 4.7638, -0.9167 -5.1833 4.7068, -0.8889 -5.1654 4.7638, -0.8471 -5.1694 4.7638, -0.83 -5.1737 4.7638, -0.6622 -5.2536 4.7638, -0.6663 -5.2456 4.7638, -0.9044 -5.24 4.6757, -0.6748 -5.2353 4.7638, -0.6609 -5.2694 4.7638, -0.6605 -5.2679 4.7638, -0.9041 -5.2639 4.674, -0.6603 -5.265 4.7638, -0.6609 -5.2581 4.7638, -0.6718 -5.2897 4.7638, -0.6694 -5.2869 4.7638, -0.6633 -5.2774 4.7638, -0.6624 -5.2752 4.7638, -0.91 -5.3073 4.6853, -0.7053 -5.3117 4.7638, -0.9061 -5.2864 4.6773, -0.6943 -5.3071 4.7638, -0.6902 -5.3046 4.7638, -0.9237 -5.3418 4.7151, -0.8047 -5.3433 4.7638, -0.9163 -5.3273 4.6988, -0.7796 -5.3393 4.7638, -0.7542 -5.3323 4.7638, -0.9259 -5.3566 4.7638, 0.6622 -5.0072 4.7638, 0.9039 -5.0073 4.6741, 0.6609 -5.0028 4.7638, 0.6608 -5.0017 4.7638, 0.6633 -4.9835 4.7638, 0.6624 -4.9856 4.7638, 0.6605 -4.9929 4.7638, 0.6603 -4.9959 4.7638, 0.6902 -4.9562 4.7638, 0.6718 -4.9712 4.7638, 0.905 -4.9834 4.6754, 0.6694 -4.9739 4.7638, 0.6668 -4.978 4.7638, 0.9127 -4.9437 4.6911, 0.7272 -4.9398 4.7638, 0.9079 -4.9632 4.6809, 0.6943 -4.9537 4.7638, 0.7728 -4.9234 4.7638, 0.8303 -4.9135 4.7638, 0.7796 -4.9215 4.7638, 0.9194 -4.9266 4.7056, 0.8888 -4.9054 4.7638, 0.8797 -4.9057 4.7638, 0.9274 -4.914 4.7232, 0.9364 -4.9061 4.7436, 1.5223 -4.9201 4.3764, 1.763 -4.9267 4.1381, 1.9696 -4.9335 3.8631, 2.1356 -4.9407 3.5565, 2.3402 -4.9615 2.5491, 2.308 -4.9682 2.2088, 2.2249 -4.9753 1.8714, 1.6961 -4.9963 0.9854, 1.4449 -5.0029 0.757, 1.1576 -5.0099 0.564, 0.5081 -5.0242 0.3136, 0.1674 -5.0311 0.2637, -0.1713 -5.0377 0.264, -0.5118 -5.0445 0.3144, -0.8455 -5.0517 0.4158, -1.6988 -5.0725 0.9882, -1.9153 -5.0792 1.253, -2.0935 -5.0863 1.5515, -2.3402 -5.1073 2.5529, -2.3222 -5.1139 2.8922, -2.2534 -5.1209 3.2316, -1.7605 -5.1421 4.141, -1.5194 -5.1487 4.3789, -0.941 -5.1606 4.7638, -1.2299 -5.1635 4.5637, -0.7271 -5.2038 4.7638, -0.9108 -5.1995 4.6925, -1.2198 -5.1761 4.5472, -1.505 -5.1566 4.3618, -1.2119 -5.1923 4.5339, -1.4927 -5.1692 4.347, -1.7438 -5.15 4.1262, -1.9676 -5.1352 3.8663, -1.2116 -5.1931 4.5334, -1.4829 -5.1854 4.3351, -1.7294 -5.1627 4.1133, -1.9489 -5.1432 3.8541, -1.206 -5.2127 4.5237, -1.4825 -5.1862 4.3346, -1.718 -5.1789 4.1029, -1.9328 -5.1558 3.8434, -2.1138 -5.136 3.5507, -1.203 -5.2328 4.5182, -1.4755 -5.2058 4.3258, -1.7176 -5.1797 4.1025, -1.92 -5.172 3.8348, -2.0963 -5.1487 3.5425, -2.2319 -5.1288 3.2254, -1.2025 -5.2567 4.5166, -1.4718 -5.2259 4.3208, -1.7094 -5.1993 4.0948, -1.9195 -5.1728 3.8344, -2.0823 -5.1649 3.5359, -2.2134 -5.1415 3.22, -2.3 -5.1218 2.8893, -1.2049 -5.2792 4.5196, -1.4711 -5.2498 4.3193, -1.705 -5.2194 4.0904, -1.9102 -5.1924 3.828, -2.0818 -5.1657 3.5356, -2.1987 -5.1577 3.2155, -2.2809 -5.1345 2.8866, -2.3179 -5.1152 2.5532, -2.3087 -5.1006 2.2126, -1.21 -5.3001 4.5268, -1.4739 -5.2723 4.3219, -1.704 -5.2433 4.0889, -1.9053 -5.2125 3.8243, -2.0717 -5.1853 3.5307, -2.1981 -5.1585 3.2153, -2.2656 -5.1507 2.8844, -2.2986 -5.1279 2.5534, -2.2866 -5.1085 2.2161, -1.2183 -5.3201 4.5393, -1.48 -5.2932 4.3283, -1.7072 -5.2658 4.0911, -1.9041 -5.2364 3.823, -2.0662 -5.2054 3.5278, -2.1874 -5.1781 3.2119, -2.2651 -5.1515 2.8843, -2.2832 -5.1441 2.5534, -2.2675 -5.1211 2.2191, -2.2048 -5.1014 1.8818, -1.228 -5.3346 4.5543, -1.49 -5.3132 4.3395, -1.7141 -5.2867 4.0966, -1.9076 -5.2589 3.8247, -2.0649 -5.2293 3.5267, -2.1815 -5.1982 3.2099, -2.254 -5.1711 2.8825, -2.2826 -5.1449 2.5534, -2.2523 -5.1374 2.2213, -2.1864 -5.114 1.8875, -2.0735 -5.0942 1.5614, -0.9422 -5.3569 4.7568, -1.2392 -5.3446 4.5718, -1.5018 -5.3277 4.3528, -1.7257 -5.3067 4.1062, -1.9152 -5.2798 3.8292, -2.0685 -5.2518 3.5278, -2.18 -5.2221 3.209, -2.2479 -5.1912 2.8813, -2.2713 -5.1645 2.5532, -2.2517 -5.1382 2.2214, -2.1716 -5.1303 1.892, -2.0561 -5.1068 1.5698, -1.897 -5.0871 1.2657, 0.9259 -5.0989 4.7638, 0.9386 -5.1003 4.7584, 1.2492 -5.1074 4.5949, 0.8062 -5.081 4.7638, 0.9207 -5.0852 4.7164, 1.2252 -5.0923 4.5561, 1.2361 -5.1023 4.5738, 1.5127 -5.1092 4.3709, 1.5287 -5.1143 4.3899, 1.7713 -5.1208 4.1505, 1.2024 -5.0144 4.5167, 1.204 -5.0369 4.5201, 1.4731 -5.0438 4.3226, 1.4785 -5.0647 4.3296, 1.7129 -5.0713 4.0981, 1.7239 -5.0912 4.1082, 1.9266 -5.0981 3.8392, 1.9414 -5.1126 3.8491, 2.1057 -5.1198 3.5469, 2.1245 -5.1298 3.5556, 2.2433 -5.137 3.2287, 2.2672 -5.142 3.2355, 2.3364 -5.149 2.894, 1.2073 -4.9704 4.5229, 1.2036 -4.9905 4.5178, 1.4724 -4.9974 4.3204, 1.4709 -5.0213 4.3194, 1.7039 -5.0278 4.0891, 1.7065 -5.0503 4.0919, 1.907 -5.0572 3.8257, 1.9142 -5.0781 3.8308, 2.076 -5.0853 3.5328, 2.0895 -5.1052 3.5393, 2.2063 -5.1124 3.2178, 2.2234 -5.127 3.2229, 2.2912 -5.134 2.888, 2.3118 -5.144 2.8908, 2.3298 -5.1506 2.5531, 2.3546 -5.1557 2.5527, 2.3228 -5.1624 2.2103, 1.2224 -4.9338 4.5456, 1.2139 -4.95 4.5327, 1.4847 -4.9569 4.3335, 1.4843 -4.9577 4.3331, 1.7191 -4.9643 4.1007, 1.7104 -4.9838 4.0936, 1.9111 -4.9907 3.8267, 1.9057 -5.0108 3.8237, 2.0665 -5.018 3.5271, 2.0648 -5.0419 3.5268, 2.18 -5.049 3.2092, 2.1835 -5.0715 3.2106, 2.25 -5.0785 2.8818, 2.2587 -5.0995 2.8833, 2.2762 -5.1061 2.5533, 2.2911 -5.126 2.5534, 2.2601 -5.1328 2.2202, 2.2778 -5.1473 2.2175, 2.1963 -5.1544 1.8844, 2.2161 -5.1644 1.8782, 2.0841 -5.1716 1.5562, 2.1064 -5.1767 1.5451, 1.9271 -5.1837 1.2447, 1.2328 -4.9212 4.5618, 1.5077 -4.9281 4.3596, 1.495 -4.9407 4.3451, 1.7314 -4.9472 4.111, 1.7196 -4.9635 4.1011, 1.9213 -4.9703 3.8328, 1.9207 -4.9711 3.8325, 2.0827 -4.9783 3.5335, 2.0723 -4.9978 3.5293, 2.1878 -5.005 3.2104, 2.1817 -5.0252 3.2092, 2.2479 -5.0322 2.8806, 2.2462 -5.056 2.8808, 2.2635 -5.0627 2.5527, 2.2673 -5.0851 2.5531, 2.2365 -5.0919 2.2233, 2.2453 -5.1128 2.2223, 2.1649 -5.1199 1.894, 2.1792 -5.1398 1.8897, 2.0494 -5.147 1.5731, 2.0655 -5.1616 1.5653, 1.8896 -5.1687 1.2707, 1.9067 -5.1787 1.2589, 1.6911 -5.1854 0.9953, 1.7092 -5.1905 0.9783, 1.4569 -5.1971 0.7481, 1.9508 -4.9415 3.8511, 2.1152 -4.9486 3.5475, 2.0975 -4.9612 3.5398, 2.2142 -4.9684 3.2171, 2.1993 -4.9847 3.2132, 2.2659 -4.9917 2.882, 2.2653 -4.9925 2.882, 2.2825 -4.9991 2.551, 2.2713 -5.0186 2.5516, 2.2403 -5.0254 2.2214, 2.2342 -5.0455 2.2228, 2.154 -5.0526 1.8961, 2.1525 -5.0765 1.8971, 2.0241 -5.0837 1.5843, 2.0277 -5.1061 1.583, 1.8549 -5.1132 1.2938, 1.8624 -5.1342 1.2891, 1.6516 -5.1409 1.0316, 1.6628 -5.1609 1.0216, 1.4172 -5.1675 0.7976, 1.4284 -5.182 0.7838, 1.1452 -5.189 0.593, 1.1557 -5.199 0.575, 0.8417 -5.2062 0.4255, 0.8507 -5.2113 0.4024, 0.515 -5.2184 0.3004, 2.2329 -4.9558 3.2221, 2.3005 -4.9628 2.8858, 2.2813 -4.9754 2.8836, 2.2985 -4.982 2.5504, 2.2831 -4.9983 2.551, 2.2519 -5.005 2.219, 2.2513 -5.0058 2.2191, 2.1703 -5.0129 1.8899, 2.1597 -5.0324 1.8938, 2.0307 -5.0397 1.58, 2.0254 -5.0598 1.5831, 1.8526 -5.0669 1.2943, 1.8515 -5.0907 1.2957, 1.6419 -5.0975 1.0397, 1.6449 -5.12 1.0374, 1.4018 -5.1266 0.8158, 1.4076 -5.1475 0.8091, 1.1284 -5.1545 0.6211, 1.1361 -5.1745 0.6083, 0.8273 -5.1817 0.4614, 0.834 -5.1962 0.4448, 0.5048 -5.2033 0.3448, 0.5095 -5.2133 0.3246, 0.1704 -5.2202 0.2745, 0.1723 -5.2253 0.2497, -0.1684 -5.2318 0.2494, 2.2037 -4.9832 1.8784, 2.0719 -4.9904 1.5583, 2.0548 -5.003 1.5671, 1.8793 -5.0101 1.2741, 1.8669 -5.0264 1.2833, 1.6553 -5.0331 1.0252, 1.6548 -5.0339 1.0256, 1.4099 -5.0405 0.8028, 1.4032 -5.0601 0.8118, 1.1245 -5.0671 0.6245, 1.1217 -5.0872 0.63, 0.8163 -5.0944 0.485, 0.8161 -5.1183 0.4867, 0.4933 -5.1254 0.3889, 0.4946 -5.1479 0.3853, 0.1646 -5.1548 0.3367, 0.1657 -5.1757 0.3279, -0.1638 -5.1822 0.3277, -0.1644 -5.2022 0.3128, -0.4979 -5.2091 0.3616, -0.5015 -5.2236 0.3441, -0.8309 -5.2308 0.4437, -0.8382 -5.2408 0.4242, -1.1525 -5.248 0.5732, -1.1647 -5.2531 0.5515, -1.4538 -5.26 0.7456, 1.895 -4.9975 1.2628, 1.6801 -5.0043 1.0009, 1.6662 -5.0169 1.0143, 1.4195 -5.0235 0.79, 1.4102 -5.0397 0.8023, 1.13 -5.0467 0.614, 1.1297 -5.0475 0.6145, 0.8218 -5.0547 0.4685, 0.8181 -5.0743 0.4791, 0.4942 -5.0814 0.3811, 0.4932 -5.1015 0.3872, 0.1635 -5.1084 0.3388, 0.1639 -5.1323 0.3405, -0.1637 -5.1388 0.3404, -0.1635 -5.1613 0.3366, -0.4935 -5.1682 0.385, -0.4951 -5.1891 0.3763, -0.8197 -5.1963 0.4745, -0.8247 -5.2163 0.4604, -1.1337 -5.2234 0.607, -1.1423 -5.238 0.5913, -1.4258 -5.245 0.7817, -1.4385 -5.255 0.7652, -1.6886 -5.2616 0.9926, -1.7065 -5.2666 0.9755, -1.9249 -5.2734 1.2415, 1.1467 -5.0178 0.5835, 0.834 -5.025 0.4353, 0.8273 -5.0376 0.4534, 0.4994 -5.0448 0.3543, 0.4964 -5.061 0.3694, 0.1641 -5.0679 0.3207, 0.164 -5.0687 0.3213, -0.1663 -5.0752 0.3215, -0.1651 -5.0948 0.3327, -0.4957 -5.1017 0.3814, -0.494 -5.1218 0.3874, -0.817 -5.129 0.4853, -0.8159 -5.1529 0.4867, -1.1211 -5.1601 0.6316, -1.1227 -5.1825 0.6281, -1.4009 -5.1895 0.8152, -1.4061 -5.2105 0.8079, -1.6503 -5.217 1.0302, -1.6609 -5.237 1.0196, -1.8733 -5.2438 1.2786, -1.8877 -5.2583 1.268, -2.064 -5.2654 1.5624, -2.0825 -5.2754 1.5529, -2.215 -5.2826 1.8747, -2.2386 -5.2877 1.8669, -2.3222 -5.2947 2.2064, 0.5034 -5.0322 0.3354, 0.166 -5.0391 0.286, 0.1648 -5.0517 0.3053, -0.1678 -5.0582 0.3055, -0.1664 -5.0744 0.3209, -0.4987 -5.0813 0.3699, -0.4985 -5.0821 0.3705, -0.824 -5.0893 0.4693, -0.8196 -5.1089 0.4796, -1.1258 -5.116 0.6252, -1.1224 -5.1362 0.6304, -1.4003 -5.1431 0.8174, -1.3989 -5.167 0.8184, -1.6417 -5.1736 1.0396, -1.6442 -5.1961 1.0366, -1.8543 -5.2029 1.2929, -1.8613 -5.2238 1.2875, -2.0349 -5.2309 1.5777, -2.0482 -5.2509 1.5706, -2.1784 -5.2581 1.8871, -2.1953 -5.2726 1.8813, -2.2772 -5.2797 2.2143, -2.2977 -5.2897 2.2106, -2.3297 -5.2964 2.5494, -2.3545 -5.3015 2.5488, -2.3369 -5.3081 2.8902, -0.5068 -5.0525 0.3362, -0.8373 -5.0596 0.4366, -0.8301 -5.0722 0.4545, -1.1399 -5.0794 0.6019, -1.132 -5.0957 0.6151, -1.4121 -5.1027 0.8037, -1.4117 -5.1034 0.8042, -1.6564 -5.11 1.0273, -1.648 -5.1296 1.0348, -1.8583 -5.1364 1.2917, -1.853 -5.1565 1.2949, -2.0257 -5.1636 1.5838, -2.024 -5.1875 1.5841, -2.1525 -5.1947 1.8969, -2.156 -5.2171 1.8953, -2.2363 -5.2242 2.2223, -2.245 -5.2452 2.2204, -2.2761 -5.2519 2.5514, -2.2911 -5.2719 2.5507, -2.2739 -5.2785 2.8828, -2.2916 -5.293 2.8848, -2.2243 -5.3 3.2197, -2.2443 -5.31 3.2252, -2.1261 -5.3172 3.5523, -2.1488 -5.3223 3.5623, -1.9818 -5.3294 3.8708, -1.1497 -5.0668 0.5853, -1.434 -5.0738 0.7768, -1.4219 -5.0864 0.7918, -1.6683 -5.093 1.0165, -1.6569 -5.1092 1.0269, -1.8683 -5.116 1.2852, -1.8678 -5.1168 1.2855, -2.0416 -5.1239 1.5767, -2.0314 -5.1435 1.5814, -2.1602 -5.1507 1.8953, -2.1542 -5.1708 1.8968, -2.2343 -5.1779 2.2235, -2.2326 -5.2017 2.2233, -2.2634 -5.2085 2.5525, -2.2673 -5.231 2.552, -2.2501 -5.2376 2.8807, -2.2589 -5.2585 2.8814, -2.1925 -5.2655 3.2116, -2.207 -5.2855 3.2152, -2.0906 -5.2927 3.5369, -2.107 -5.3072 3.5439, -1.9432 -5.3143 3.8464, -1.9608 -5.3243 3.8574, -1.7551 -5.3312 4.1313, -1.7738 -5.3363 4.1475, -1.5317 -5.3428 4.3873, 0.941 -5.1003 4.7638, 1.216 -5.0778 4.5408, 1.4993 -5.0992 4.355, 1.7526 -5.1158 4.134, 1.9796 -5.1277 3.8741, 1.2084 -5.0578 4.5279, 1.4879 -5.0847 4.3412, 1.7371 -5.1058 4.1202, 1.9588 -5.1226 3.8606, 1.2136 -4.9508 4.5322, 1.4767 -4.9773 4.3248, 1.7055 -5.004 4.0898, 1.904 -5.0347 3.8232, 2.0681 -5.0643 3.5288, 2.192 -5.0925 3.2134, 2.2735 -5.1194 2.8855, 2.309 -5.1406 2.5533, 2.2983 -5.1573 2.2143, 2.2398 -5.1695 1.8706, 1.7461 -4.9346 4.1235, 1.9344 -4.9541 3.8409, 2.0833 -4.9775 3.5338, 2.1987 -4.9855 3.2131, 2.2541 -5.012 2.8809, 2.2651 -5.0388 2.5522, 2.2327 -5.0694 2.2235, 2.1563 -5.0989 1.8963, 2.0358 -5.1271 1.5794, 1.8749 -5.1541 1.2808, 1.6759 -5.1754 1.0095, 1.4414 -5.192 0.7675, 1.1681 -5.2041 0.5535, 2.3178 -4.9694 2.5497, 2.267 -4.9888 2.2161, 2.1709 -5.0121 1.8897, 2.0406 -5.0201 1.5746, 1.8574 -5.0467 1.2904, 1.6427 -5.0736 1.0382, 1.3991 -5.1041 0.8186, 1.1236 -5.1336 0.6286, 0.8215 -5.1617 0.4752, 0.5006 -5.1888 0.3622, 0.1687 -5.2102 0.2952, -0.1668 -5.2268 0.2742, -0.5112 -5.2387 0.2995, 2.286 -4.9761 2.2127, 2.1854 -4.9958 1.8847, 2.0411 -5.0193 1.5744, 1.8664 -5.0272 1.2836, 1.647 -5.0535 1.0337, 1.3997 -5.0802 0.817, 1.1213 -5.1111 0.6317, 0.8179 -5.1407 0.4833, 0.497 -5.1688 0.3767, 0.1672 -5.1957 0.313, -0.1654 -5.2167 0.2949, -0.5059 -5.2336 0.3238, 1.4313 -5.0108 0.7746, 1.1373 -5.0305 0.6004, 0.822 -5.0539 0.4679, 0.4963 -5.0618 0.37, 0.1636 -5.0883 0.3325, -0.1643 -5.1149 0.3388, -0.4931 -5.1457 0.3889, -0.8169 -5.1753 0.4829, -1.1267 -5.2035 0.6202, -1.415 -5.2304 0.7959, -1.6736 -5.2515 1.0071, -1.9046 -5.2683 1.2559, -2.1046 -5.2805 1.5417, -0.1695 -5.0456 0.2863, -0.5024 -5.0651 0.3549, -0.8242 -5.0885 0.4687, -1.1317 -5.0965 0.6156, -1.4045 -5.123 0.8128, -1.6433 -5.1497 1.0388, -1.8514 -5.1804 1.2955, -2.0272 -5.2099 1.582, -2.1643 -5.2381 1.8921, -2.2597 -5.2651 2.2175, -2.3089 -5.2864 2.55, -2.3123 -5.303 2.8872, -2.2683 -5.3151 3.2318, -1.6825 -5.0804 1.0034, -1.8811 -5.0998 1.2766, -2.0422 -5.1231 1.5765, -2.171 -5.1311 1.8922, -2.2405 -5.1577 2.2229, -2.2651 -5.1846 2.5529, -2.2463 -5.2151 2.8806, -2.1838 -5.2446 3.2096, -2.0768 -5.2727 3.5311, -1.9281 -5.2998 3.8369, -1.7393 -5.3212 4.1177, -1.5155 -5.3377 4.3685, -1.2525 -5.3497 4.5928, -0.8471 -4.9506 0.401, 2.1472 -4.8396 3.5659, -0.9242 -4.8754 4.7246, -0.9329 -4.8674 4.7452, -1.2416 -4.8603 4.5827, -2.1341 -4.8328 3.56, -2.2261 -4.7982 1.875, -1.4479 -4.7706 0.7593, -1.1609 -4.7636 0.5659, 0.8419 -4.7218 0.4144, 1.9131 -4.6943 1.2498, 2.0918 -4.6872 1.5481, 2.3226 -4.6596 2.8884, 2.2544 -4.6526 3.2279, 1.2448 -4.618 4.5806, 0.7542 -4.6332 4.7638, 0.7291 -4.6438 4.7638, 0.913 -4.6476 4.6916, 0.6663 -4.7199 4.7638, 0.6748 -4.7303 4.7638, 0.9051 -4.7345 4.6777, 0.6795 -4.7346 4.7638, 0.7034 -4.7507 4.7638, 0.9082 -4.7554 4.686, 0.7055 -4.7522 4.7638, 0.7478 -4.7709 4.7638, 0.9138 -4.7754 4.6999, 0.8471 -4.7962 4.7638, 0.861 -4.7975 4.7638, 0.9288 -4.7999 4.7355, -0.8797 -5.0599 4.7638, -0.8619 -5.0571 4.7638, -0.9322 -5.0565 4.7341, -0.6795 -4.9357 4.7638, -0.6885 -4.9296 4.7638, -0.9065 -4.9246 4.6815, -0.7055 -4.9181 4.7638, -0.7252 -4.9094 4.7638, -0.9106 -4.905 4.692, -0.7478 -4.8994 4.7638, -0.7755 -4.8923 4.7638, -0.9167 -4.888 4.7068, -0.8889 -4.8702 4.7638, -0.8471 -4.8741 4.7638, -0.83 -4.8784 4.7638, -0.6622 -4.9584 4.7638, -0.6663 -4.9503 4.7638, -0.9044 -4.9447 4.6757, -0.6748 -4.94 4.7638, -0.6609 -4.9741 4.7638, -0.6605 -4.9726 4.7638, -0.9041 -4.9686 4.674, -0.6603 -4.9697 4.7638, -0.6609 -4.9628 4.7638, -0.6718 -4.9944 4.7638, -0.6694 -4.9916 4.7638, -0.6633 -4.9821 4.7638, -0.6624 -4.98 4.7638, -0.91 -5.012 4.6853, -0.7053 -5.0165 4.7638, -0.9061 -4.9911 4.6773, -0.6943 -5.0118 4.7638, -0.6902 -5.0093 4.7638, -0.9237 -5.0465 4.7151, -0.8047 -5.048 4.7638, -0.9163 -5.032 4.6988, -0.7796 -5.044 4.7638, -0.7542 -5.037 4.7638, -0.9259 -5.0613 4.7638, 0.6622 -4.7119 4.7638, 0.9039 -4.712 4.6741, 0.6609 -4.7075 4.7638, 0.6608 -4.7065 4.7638, 0.6633 -4.6882 4.7638, 0.6624 -4.6903 4.7638, 0.6605 -4.6976 4.7638, 0.6603 -4.7006 4.7638, 0.6902 -4.661 4.7638, 0.6718 -4.6759 4.7638, 0.905 -4.6881 4.6754, 0.6694 -4.6786 4.7638, 0.6668 -4.6827 4.7638, 0.9127 -4.6484 4.6911, 0.7272 -4.6446 4.7638, 0.9079 -4.668 4.6809, 0.6943 -4.6584 4.7638, 0.7728 -4.6281 4.7638, 0.8303 -4.6182 4.7638, 0.7796 -4.6263 4.7638, 0.9194 -4.6314 4.7056, 0.8888 -4.6101 4.7638, 0.8797 -4.6104 4.7638, 0.9274 -4.6187 4.7232, 0.9364 -4.6108 4.7436, 1.5223 -4.6249 4.3764, 1.763 -4.6314 4.1381, 1.9696 -4.6383 3.8631, 2.1356 -4.6454 3.5565, 2.3402 -4.6662 2.5491, 2.308 -4.6729 2.2088, 2.2249 -4.68 1.8714, 1.6961 -4.701 0.9854, 1.4449 -4.7076 0.757, 1.1576 -4.7146 0.564, 0.5081 -4.729 0.3136, 0.1674 -4.7358 0.2637, -0.1713 -4.7424 0.264, -0.5118 -4.7493 0.3144, -0.8455 -4.7564 0.4158, -1.6988 -4.7772 0.9882, -1.9153 -4.7839 1.253, -2.0935 -4.791 1.5515, -2.3402 -4.812 2.5529, -2.3222 -4.8186 2.8922, -2.2534 -4.8256 3.2316, -1.7605 -4.8468 4.141, -1.5194 -4.8534 4.3789, -0.941 -4.8653 4.7638, -1.2299 -4.8682 4.5637, -0.7271 -4.9086 4.7638, -0.9108 -4.9042 4.6925, -1.2198 -4.8808 4.5472, -1.505 -4.8613 4.3618, -1.2119 -4.8971 4.5339, -1.4927 -4.8739 4.347, -1.7438 -4.8548 4.1262, -1.9676 -4.84 3.8663, -1.2116 -4.8979 4.5334, -1.4829 -4.8902 4.3351, -1.7294 -4.8674 4.1133, -1.9489 -4.8479 3.8541, -1.206 -4.9174 4.5237, -1.4825 -4.891 4.3346, -1.718 -4.8836 4.1029, -1.9328 -4.8605 3.8434, -2.1138 -4.8408 3.5507, -1.203 -4.9376 4.5182, -1.4755 -4.9105 4.3258, -1.7176 -4.8844 4.1025, -1.92 -4.8768 3.8348, -2.0963 -4.8534 3.5425, -2.2319 -4.8336 3.2254, -1.2025 -4.9614 4.5166, -1.4718 -4.9307 4.3208, -1.7094 -4.904 4.0948, -1.9195 -4.8776 3.8344, -2.0823 -4.8696 3.5359, -2.2134 -4.8462 3.22, -2.3 -4.8266 2.8893, -1.2049 -4.9839 4.5196, -1.4711 -4.9546 4.3193, -1.705 -4.9241 4.0904, -1.9102 -4.8971 3.828, -2.0818 -4.8704 3.5356, -2.1987 -4.8624 3.2155, -2.2809 -4.8392 2.8866, -2.3179 -4.82 2.5532, -2.3087 -4.8053 2.2126, -1.21 -5.0049 4.5268, -1.4739 -4.977 4.3219, -1.704 -4.948 4.0889, -1.9053 -4.9173 3.8243, -2.0717 -4.89 3.5307, -2.1981 -4.8632 3.2153, -2.2656 -4.8554 2.8844, -2.2986 -4.8326 2.5534, -2.2866 -4.8132 2.2161, -1.2183 -5.0248 4.5393, -1.48 -4.998 4.3283, -1.7072 -4.9705 4.0911, -1.9041 -4.9411 3.823, -2.0662 -4.9101 3.5278, -2.1874 -4.8828 3.2119, -2.2651 -4.8562 2.8843, -2.2832 -4.8488 2.5534, -2.2675 -4.8258 2.2191, -2.2048 -4.8062 1.8818, -1.228 -5.0394 4.5543, -1.49 -5.0179 4.3395, -1.7141 -4.9914 4.0966, -1.9076 -4.9636 3.8247, -2.0649 -4.934 3.5267, -2.1815 -4.9029 3.2099, -2.254 -4.8758 2.8825, -2.2826 -4.8496 2.5534, -2.2523 -4.8421 2.2213, -2.1864 -4.8188 1.8875, -2.0735 -4.799 1.5614, -0.9422 -5.0616 4.7568, -1.2392 -5.0494 4.5718, -1.5018 -5.0325 4.3528, -1.7257 -5.0114 4.1062, -1.9152 -4.9846 3.8292, -2.0685 -4.9565 3.5278, -2.18 -4.9268 3.209, -2.2479 -4.8959 2.8813, -2.2713 -4.8692 2.5532, -2.2517 -4.8429 2.2214, -2.1716 -4.835 1.892, -2.0561 -4.8116 1.5698, -1.897 -4.7919 1.2657, 0.9259 -4.8036 4.7638, 0.9386 -4.805 4.7584, 1.2492 -4.8121 4.5949, 0.8062 -4.7858 4.7638, 0.9207 -4.7899 4.7164, 1.2252 -4.797 4.5561, 1.2361 -4.807 4.5738, 1.5127 -4.8139 4.3709, 1.5287 -4.819 4.3899, 1.7713 -4.8256 4.1505, 1.2024 -4.7191 4.5167, 1.204 -4.7416 4.5201, 1.4731 -4.7485 4.3226, 1.4785 -4.7694 4.3296, 1.7129 -4.776 4.0981, 1.7239 -4.796 4.1082, 1.9266 -4.8028 3.8392, 1.9414 -4.8173 3.8491, 2.1057 -4.8245 3.5469, 2.1245 -4.8345 3.5556, 2.2433 -4.8417 3.2287, 2.2672 -4.8468 3.2355, 2.3364 -4.8538 2.894, 1.2073 -4.6751 4.5229, 1.2036 -4.6952 4.5178, 1.4724 -4.7021 4.3204, 1.4709 -4.726 4.3194, 1.7039 -4.7326 4.0891, 1.7065 -4.755 4.0919, 1.907 -4.7619 3.8257, 1.9142 -4.7828 3.8308, 2.076 -4.79 3.5328, 2.0895 -4.81 3.5393, 2.2063 -4.8172 3.2178, 2.2234 -4.8317 3.2229, 2.2912 -4.8387 2.888, 2.3118 -4.8487 2.8908, 2.3298 -4.8553 2.5531, 2.3546 -4.8604 2.5527, 2.3228 -4.8671 2.2103, 1.2224 -4.6385 4.5456, 1.2139 -4.6547 4.5327, 1.4847 -4.6616 4.3335, 1.4843 -4.6624 4.3331, 1.7191 -4.669 4.1007, 1.7104 -4.6886 4.0936, 1.9111 -4.6954 3.8267, 1.9057 -4.7155 3.8237, 2.0665 -4.7227 3.5271, 2.0648 -4.7466 3.5268, 2.18 -4.7538 3.2092, 2.1835 -4.7762 3.2106, 2.25 -4.7832 2.8818, 2.2587 -4.8042 2.8833, 2.2762 -4.8108 2.5533, 2.2911 -4.8308 2.5534, 2.2601 -4.8375 2.2202, 2.2778 -4.852 2.2175, 2.1963 -4.8591 1.8844, 2.2161 -4.8691 1.8782, 2.0841 -4.8763 1.5562, 2.1064 -4.8814 1.5451, 1.9271 -4.8885 1.2447, 1.2328 -4.6259 4.5618, 1.5077 -4.6328 4.3596, 1.495 -4.6454 4.3451, 1.7314 -4.6519 4.111, 1.7196 -4.6682 4.1011, 1.9213 -4.675 3.8328, 1.9207 -4.6758 3.8325, 2.0827 -4.683 3.5335, 2.0723 -4.7026 3.5293, 2.1878 -4.7098 3.2104, 2.1817 -4.7299 3.2092, 2.2479 -4.7369 2.8806, 2.2462 -4.7608 2.8808, 2.2635 -4.7674 2.5527, 2.2673 -4.7899 2.5531, 2.2365 -4.7966 2.2233, 2.2453 -4.8175 2.2223, 2.1649 -4.8246 1.894, 2.1792 -4.8446 1.8897, 2.0494 -4.8518 1.5731, 2.0655 -4.8663 1.5653, 1.8896 -4.8734 1.2707, 1.9067 -4.8834 1.2589, 1.6911 -4.8901 0.9953, 1.7092 -4.8952 0.9783, 1.4569 -4.9018 0.7481, 1.9508 -4.6462 3.8511, 2.1152 -4.6533 3.5475, 2.0975 -4.666 3.5398, 2.2142 -4.6731 3.2171, 2.1993 -4.6894 3.2132, 2.2659 -4.6964 2.882, 2.2653 -4.6972 2.882, 2.2825 -4.7038 2.551, 2.2713 -4.7234 2.5516, 2.2403 -4.7301 2.2214, 2.2342 -4.7502 2.2228, 2.154 -4.7573 1.8961, 2.1525 -4.7812 1.8971, 2.0241 -4.7884 1.5843, 2.0277 -4.8109 1.583, 1.8549 -4.8179 1.2938, 1.8624 -4.8389 1.2891, 1.6516 -4.8456 1.0316, 1.6628 -4.8656 1.0216, 1.4172 -4.8722 0.7976, 1.4284 -4.8867 0.7838, 1.1452 -4.8937 0.593, 1.1557 -4.9037 0.575, 0.8417 -4.9109 0.4255, 0.8507 -4.916 0.4024, 0.515 -4.9231 0.3004, 2.2329 -4.6605 3.2221, 2.3005 -4.6675 2.8858, 2.2813 -4.6801 2.8836, 2.2985 -4.6868 2.5504, 2.2831 -4.703 2.551, 2.2519 -4.7097 2.219, 2.2513 -4.7105 2.2191, 2.1703 -4.7176 1.8899, 2.1597 -4.7372 1.8938, 2.0307 -4.7444 1.58, 2.0254 -4.7645 1.5831, 1.8526 -4.7716 1.2943, 1.8515 -4.7955 1.2957, 1.6419 -4.8022 1.0397, 1.6449 -4.8247 1.0374, 1.4018 -4.8313 0.8158, 1.4076 -4.8522 0.8091, 1.1284 -4.8592 0.6211, 1.1361 -4.8792 0.6083, 0.8273 -4.8864 0.4614, 0.834 -4.9009 0.4448, 0.5048 -4.908 0.3448, 0.5095 -4.9181 0.3246, 0.1704 -4.9249 0.2745, 0.1723 -4.93 0.2497, -0.1684 -4.9366 0.2494, 2.2037 -4.6879 1.8784, 2.0719 -4.6951 1.5583, 2.0548 -4.7078 1.5671, 1.8793 -4.7148 1.2741, 1.8669 -4.7311 1.2833, 1.6553 -4.7378 1.0252, 1.6548 -4.7386 1.0256, 1.4099 -4.7452 0.8028, 1.4032 -4.7648 0.8118, 1.1245 -4.7718 0.6245, 1.1217 -4.7919 0.63, 0.8163 -4.7991 0.485, 0.8161 -4.823 0.4867, 0.4933 -4.8301 0.3889, 0.4946 -4.8526 0.3853, 0.1646 -4.8595 0.3367, 0.1657 -4.8804 0.3279, -0.1638 -4.887 0.3277, -0.1644 -4.9069 0.3128, -0.4979 -4.9138 0.3616, -0.5015 -4.9284 0.3441, -0.8309 -4.9355 0.4437, -0.8382 -4.9455 0.4242, -1.1525 -4.9527 0.5732, -1.1647 -4.9578 0.5515, -1.4538 -4.9648 0.7456, 1.895 -4.7022 1.2628, 1.6801 -4.709 1.0009, 1.6662 -4.7216 1.0143, 1.4195 -4.7282 0.79, 1.4102 -4.7444 0.8023, 1.13 -4.7514 0.614, 1.1297 -4.7522 0.6145, 0.8218 -4.7594 0.4685, 0.8181 -4.779 0.4791, 0.4942 -4.7861 0.3811, 0.4932 -4.8062 0.3872, 0.1635 -4.8131 0.3388, 0.1639 -4.837 0.3405, -0.1637 -4.8436 0.3404, -0.1635 -4.866 0.3366, -0.4935 -4.8729 0.385, -0.4951 -4.8939 0.3763, -0.8197 -4.901 0.4745, -0.8247 -4.921 0.4604, -1.1337 -4.9282 0.607, -1.1423 -4.9427 0.5913, -1.4258 -4.9497 0.7817, -1.4385 -4.9597 0.7652, -1.6886 -4.9663 0.9926, -1.7065 -4.9714 0.9755, -1.9249 -4.9781 1.2415, 1.1467 -4.7226 0.5835, 0.834 -4.7297 0.4353, 0.8273 -4.7424 0.4534, 0.4994 -4.7495 0.3543, 0.4964 -4.7657 0.3694, 0.1641 -4.7726 0.3207, 0.164 -4.7734 0.3213, -0.1663 -4.78 0.3215, -0.1651 -4.7996 0.3327, -0.4957 -4.8064 0.3814, -0.494 -4.8265 0.3874, -0.817 -4.8337 0.4853, -0.8159 -4.8576 0.4867, -1.1211 -4.8648 0.6316, -1.1227 -4.8873 0.6281, -1.4009 -4.8942 0.8152, -1.4061 -4.9152 0.8079, -1.6503 -4.9218 1.0302, -1.6609 -4.9417 1.0196, -1.8733 -4.9485 1.2786, -1.8877 -4.963 1.268, -2.064 -4.9701 1.5624, -2.0825 -4.9801 1.5529, -2.215 -4.9873 1.8747, -2.2386 -4.9924 1.8669, -2.3222 -4.9995 2.2064, 0.5034 -4.7369 0.3354, 0.166 -4.7438 0.286, 0.1648 -4.7564 0.3053, -0.1678 -4.7629 0.3055, -0.1664 -4.7792 0.3209, -0.4987 -4.7861 0.3699, -0.4985 -4.7868 0.3705, -0.824 -4.794 0.4693, -0.8196 -4.8136 0.4796, -1.1258 -4.8208 0.6252, -1.1224 -4.8409 0.6304, -1.4003 -4.8479 0.8174, -1.3989 -4.8718 0.8184, -1.6417 -4.8784 1.0396, -1.6442 -4.9008 1.0366, -1.8543 -4.9076 1.2929, -1.8613 -4.9285 1.2875, -2.0349 -4.9356 1.5777, -2.0482 -4.9556 1.5706, -2.1784 -4.9628 1.8871, -2.1953 -4.9773 1.8813, -2.2772 -4.9844 2.2143, -2.2977 -4.9944 2.2106, -2.3297 -5.0011 2.5494, -2.3545 -5.0062 2.5488, -2.3369 -5.0128 2.8902, -0.5068 -4.7572 0.3362, -0.8373 -4.7643 0.4366, -0.8301 -4.777 0.4545, -1.1399 -4.7842 0.6019, -1.132 -4.8004 0.6151, -1.4121 -4.8074 0.8037, -1.4117 -4.8082 0.8042, -1.6564 -4.8148 1.0273, -1.648 -4.8344 1.0348, -1.8583 -4.8411 1.2917, -1.853 -4.8612 1.2949, -2.0257 -4.8683 1.5838, -2.024 -4.8922 1.5841, -2.1525 -4.8994 1.8969, -2.156 -4.9219 1.8953, -2.2363 -4.9289 2.2223, -2.245 -4.9499 2.2204, -2.2761 -4.9566 2.5514, -2.2911 -4.9766 2.5507, -2.2739 -4.9832 2.8828, -2.2916 -4.9977 2.8848, -2.2243 -5.0047 3.2197, -2.2443 -5.0147 3.2252, -2.1261 -5.0219 3.5523, -2.1488 -5.027 3.5623, -1.9818 -5.0341 3.8708, -1.1497 -4.7715 0.5853, -1.434 -4.7785 0.7768, -1.4219 -4.7911 0.7918, -1.6683 -4.7977 1.0165, -1.6569 -4.814 1.0269, -1.8683 -4.8207 1.2852, -1.8678 -4.8215 1.2855, -2.0416 -4.8286 1.5767, -2.0314 -4.8482 1.5814, -2.1602 -4.8554 1.8953, -2.1542 -4.8755 1.8968, -2.2343 -4.8826 2.2235, -2.2326 -4.9065 2.2233, -2.2634 -4.9132 2.5525, -2.2673 -4.9357 2.552, -2.2501 -4.9423 2.8807, -2.2589 -4.9632 2.8814, -2.1925 -4.9702 3.2116, -2.207 -4.9902 3.2152, -2.0906 -4.9974 3.5369, -2.107 -5.0119 3.5439, -1.9432 -5.0191 3.8464, -1.9608 -5.0291 3.8574, -1.7551 -5.0359 4.1313, -1.7738 -5.041 4.1475, -1.5317 -5.0476 4.3873, 0.941 -4.805 4.7638, 1.216 -4.7825 4.5408, 1.4993 -4.8039 4.355, 1.7526 -4.8205 4.134, 1.9796 -4.8324 3.8741, 1.2084 -4.7625 4.5279, 1.4879 -4.7894 4.3412, 1.7371 -4.8105 4.1202, 1.9588 -4.8273 3.8606, 1.2136 -4.6555 4.5322, 1.4767 -4.682 4.3248, 1.7055 -4.7087 4.0898, 1.904 -4.7394 3.8232, 2.0681 -4.7691 3.5288, 2.192 -4.7972 3.2134, 2.2735 -4.8242 2.8855, 2.309 -4.8453 2.5533, 2.2983 -4.862 2.2143, 2.2398 -4.8742 1.8706, 1.7461 -4.6393 4.1235, 1.9344 -4.6588 3.8409, 2.0833 -4.6822 3.5338, 2.1987 -4.6902 3.2131, 2.2541 -4.7168 2.8809, 2.2651 -4.7435 2.5522, 2.2327 -4.7741 2.2235, 2.1563 -4.8037 1.8963, 2.0358 -4.8318 1.5794, 1.8749 -4.8589 1.2808, 1.6759 -4.8801 1.0095, 1.4414 -4.8967 0.7675, 1.1681 -4.9088 0.5535, 2.3178 -4.6741 2.5497, 2.267 -4.6935 2.2161, 2.1709 -4.7168 1.8897, 2.0406 -4.7248 1.5746, 1.8574 -4.7515 1.2904, 1.6427 -4.7783 1.0382, 1.3991 -4.8088 0.8186, 1.1236 -4.8383 0.6286, 0.8215 -4.8664 0.4752, 0.5006 -4.8935 0.3622, 0.1687 -4.9149 0.2952, -0.1668 -4.9315 0.2742, -0.5112 -4.9434 0.2995, 2.286 -4.6809 2.2127, 2.1854 -4.7006 1.8847, 2.0411 -4.724 1.5744, 1.8664 -4.7319 1.2836, 1.647 -4.7582 1.0337, 1.3997 -4.7849 0.817, 1.1213 -4.8158 0.6317, 0.8179 -4.8455 0.4833, 0.497 -4.8736 0.3767, 0.1672 -4.9004 0.313, -0.1654 -4.9215 0.2949, -0.5059 -4.9384 0.3238, 1.4313 -4.7156 0.7746, 1.1373 -4.7352 0.6004, 0.822 -4.7586 0.4679, 0.4963 -4.7665 0.37, 0.1636 -4.793 0.3325, -0.1643 -4.8197 0.3388, -0.4931 -4.8504 0.3889, -0.8169 -4.8801 0.4829, -1.1267 -4.9082 0.6202, -1.415 -4.9352 0.7959, -1.6736 -4.9563 1.0071, -1.9046 -4.973 1.2559, -2.1046 -4.9852 1.5417, -0.1695 -4.7503 0.2863, -0.5024 -4.7698 0.3549, -0.8242 -4.7932 0.4687, -1.1317 -4.8012 0.6156, -1.4045 -4.8278 0.8128, -1.6433 -4.8545 1.0388, -1.8514 -4.8851 1.2955, -2.0272 -4.9147 1.582, -2.1643 -4.9428 1.8921, -2.2597 -4.9699 2.2175, -2.3089 -4.9911 2.55, -2.3123 -5.0077 2.8872, -2.2683 -5.0198 3.2318, -1.6825 -4.7851 1.0034, -1.8811 -4.8045 1.2766, -2.0422 -4.8278 1.5765, -2.171 -4.8358 1.8922, -2.2405 -4.8625 2.2229, -2.2651 -4.8893 2.5529, -2.2463 -4.9198 2.8806, -2.1838 -4.9493 3.2096, -2.0768 -4.9774 3.5311, -1.9281 -5.0045 3.8369, -1.7393 -5.0259 4.1177, -1.5155 -5.0425 4.3685, -1.2525 -5.0544 4.5928, -0.8471 -4.6553 0.401, 2.1472 -4.5443 3.5659, -0.9242 -4.5801 4.7246, -0.9329 -4.5722 4.7452, -1.2416 -4.565 4.5827, -2.1341 -4.5376 3.56, -2.2261 -4.5029 1.875, -1.4479 -4.4753 0.7593, -1.1609 -4.4683 0.5659, 0.5081 -4.4337 0.3136, 0.8419 -4.4265 0.4144, 1.9131 -4.399 1.2498, 2.0918 -4.3919 1.5481, 2.3226 -4.3643 2.8884, 2.2544 -4.3573 3.2279, 1.2448 -4.3227 4.5806, 0.7542 -4.338 4.7638, 0.7291 -4.3485 4.7638, 0.913 -4.3523 4.6916, 0.6663 -4.4247 4.7638, 0.6748 -4.435 4.7638, 0.9051 -4.4392 4.6777, 0.6795 -4.4394 4.7638, 0.7034 -4.4555 4.7638, 0.9082 -4.4601 4.686, 0.7055 -4.4569 4.7638, 0.7478 -4.4756 4.7638, 0.9138 -4.4801 4.6999, 0.8471 -4.5009 4.7638, 0.861 -4.5022 4.7638, 0.9288 -4.5046 4.7355, -0.8797 -4.7646 4.7638, -0.8619 -4.7618 4.7638, -0.9322 -4.7612 4.7341, -0.6795 -4.6404 4.7638, -0.6885 -4.6343 4.7638, -0.9065 -4.6293 4.6815, -0.7055 -4.6228 4.7638, -0.7252 -4.6141 4.7638, -0.9106 -4.6097 4.692, -0.7478 -4.6041 4.7638, -0.7755 -4.5971 4.7638, -0.9167 -4.5927 4.7068, -0.8889 -4.5749 4.7638, -0.8471 -4.5788 4.7638, -0.83 -4.5832 4.7638, -0.6622 -4.6631 4.7638, -0.6663 -4.6551 4.7638, -0.9044 -4.6494 4.6757, -0.6748 -4.6447 4.7638, -0.6609 -4.6788 4.7638, -0.6605 -4.6774 4.7638, -0.9041 -4.6733 4.674, -0.6603 -4.6744 4.7638, -0.6609 -4.6675 4.7638, -0.6718 -4.6991 4.7638, -0.6694 -4.6964 4.7638, -0.6633 -4.6868 4.7638, -0.6624 -4.6847 4.7638, -0.91 -4.7167 4.6853, -0.7053 -4.7212 4.7638, -0.9061 -4.6958 4.6773, -0.6943 -4.7166 4.7638, -0.6902 -4.7141 4.7638, -0.9237 -4.7512 4.7151, -0.8047 -4.7527 4.7638, -0.9163 -4.7367 4.6988, -0.7796 -4.7488 4.7638, -0.7542 -4.7418 4.7638, -0.9259 -4.766 4.7638, 0.6622 -4.4167 4.7638, 0.9039 -4.4167 4.6741, 0.6609 -4.4122 4.7638, 0.6608 -4.4112 4.7638, 0.6633 -4.3929 4.7638, 0.6624 -4.395 4.7638, 0.6605 -4.4024 4.7638, 0.6603 -4.4053 4.7638, 0.6902 -4.3657 4.7638, 0.6718 -4.3806 4.7638, 0.905 -4.3928 4.6754, 0.6694 -4.3834 4.7638, 0.6668 -4.3874 4.7638, 0.9127 -4.3531 4.6911, 0.7272 -4.3493 4.7638, 0.9079 -4.3727 4.6809, 0.6943 -4.3632 4.7638, 0.7728 -4.3328 4.7638, 0.8303 -4.323 4.7638, 0.7796 -4.331 4.7638, 0.9194 -4.3361 4.7056, 0.8888 -4.3148 4.7638, 0.8797 -4.3151 4.7638, 0.9274 -4.3235 4.7232, 0.9364 -4.3155 4.7436, 1.5223 -4.3296 4.3764, 1.763 -4.3361 4.1381, 1.9696 -4.343 3.8631, 2.1356 -4.3501 3.5565, 2.3402 -4.3709 2.5491, 2.308 -4.3777 2.2088, 2.2249 -4.3847 1.8714, 1.6961 -4.4058 0.9854, 1.4449 -4.4124 0.757, 1.1576 -4.4194 0.564, 0.1674 -4.4406 0.2637, -0.1713 -4.4471 0.264, -0.5118 -4.454 0.3144, -0.8455 -4.4611 0.4158, -1.6988 -4.4819 0.9882, -1.9153 -4.4887 1.253, -2.0935 -4.4957 1.5515, -2.3402 -4.5168 2.5529, -2.3222 -4.5234 2.8922, -2.2534 -4.5304 3.2316, -1.7605 -4.5516 4.141, -1.5194 -4.5581 4.3789, -0.941 -4.57 4.7638, -1.2299 -4.5729 4.5637, -0.7271 -4.6133 4.7638, -0.9108 -4.6089 4.6925, -1.2198 -4.5855 4.5472, -1.505 -4.566 4.3618, -1.2119 -4.6018 4.5339, -1.4927 -4.5787 4.347, -1.7438 -4.5595 4.1262, -1.9676 -4.5447 3.8663, -1.2116 -4.6026 4.5334, -1.4829 -4.5949 4.3351, -1.7294 -4.5721 4.1133, -1.9489 -4.5526 3.8541, -1.206 -4.6222 4.5237, -1.4825 -4.5957 4.3346, -1.718 -4.5883 4.1029, -1.9328 -4.5652 3.8434, -2.1138 -4.5455 3.5507, -1.203 -4.6423 4.5182, -1.4755 -4.6153 4.3258, -1.7176 -4.5891 4.1025, -1.92 -4.5815 3.8348, -2.0963 -4.5581 3.5425, -2.2319 -4.5383 3.2254, -1.2025 -4.6662 4.5166, -1.4718 -4.6354 4.3208, -1.7094 -4.6087 4.0948, -1.9195 -4.5823 3.8344, -2.0823 -4.5743 3.5359, -2.2134 -4.5509 3.22, -2.3 -4.5313 2.8893, -1.2049 -4.6886 4.5196, -1.4711 -4.6593 4.3193, -1.705 -4.6288 4.0904, -1.9102 -4.6019 3.828, -2.0818 -4.5751 3.5356, -2.1987 -4.5671 3.2155, -2.2809 -4.5439 2.8866, -2.3179 -4.5247 2.5532, -2.3087 -4.51 2.2126, -1.21 -4.7096 4.5268, -1.4739 -4.6818 4.3219, -1.704 -4.6527 4.0889, -1.9053 -4.622 3.8243, -2.0717 -4.5947 3.5307, -2.1981 -4.5679 3.2153, -2.2656 -4.5601 2.8844, -2.2986 -4.5373 2.5534, -2.2866 -4.518 2.2161, -1.2183 -4.7296 4.5393, -1.48 -4.7027 4.3283, -1.7072 -4.6752 4.0911, -1.9041 -4.6459 3.823, -2.0662 -4.6148 3.5278, -2.1874 -4.5875 3.2119, -2.2651 -4.5609 2.8843, -2.2832 -4.5535 2.5534, -2.2675 -4.5306 2.2191, -2.2048 -4.5109 1.8818, -1.228 -4.7441 4.5543, -1.49 -4.7227 4.3395, -1.7141 -4.6961 4.0966, -1.9076 -4.6683 3.8247, -2.0649 -4.6387 3.5267, -2.1815 -4.6076 3.2099, -2.254 -4.5805 2.8825, -2.2826 -4.5543 2.5534, -2.2523 -4.5468 2.2213, -2.1864 -4.5235 1.8875, -2.0735 -4.5037 1.5614, -0.9422 -4.7663 4.7568, -1.2392 -4.7541 4.5718, -1.5018 -4.7372 4.3528, -1.7257 -4.7161 4.1062, -1.9152 -4.6893 3.8292, -2.0685 -4.6612 3.5278, -2.18 -4.6315 3.209, -2.2479 -4.6006 2.8813, -2.2713 -4.5739 2.5532, -2.2517 -4.5476 2.2214, -2.1716 -4.5397 1.892, -2.0561 -4.5163 1.5698, -1.897 -4.4966 1.2657, 0.9259 -4.5083 4.7638, 0.9386 -4.5097 4.7584, 1.2492 -4.5169 4.5949, 0.8062 -4.4905 4.7638, 0.9207 -4.4946 4.7164, 1.2252 -4.5018 4.5561, 1.2361 -4.5118 4.5738, 1.5127 -4.5187 4.3709, 1.5287 -4.5238 4.3899, 1.7713 -4.5303 4.1505, 1.2024 -4.4239 4.5167, 1.204 -4.4463 4.5201, 1.4731 -4.4532 4.3226, 1.4785 -4.4742 4.3296, 1.7129 -4.4807 4.0981, 1.7239 -4.5007 4.1082, 1.9266 -4.5075 3.8392, 1.9414 -4.5221 3.8491, 2.1057 -4.5292 3.5469, 2.1245 -4.5392 3.5556, 2.2433 -4.5464 3.2287, 2.2672 -4.5515 3.2355, 2.3364 -4.5585 2.894, 1.2073 -4.3798 4.5229, 1.2036 -4.4 4.5178, 1.4724 -4.4069 4.3204, 1.4709 -4.4308 4.3194, 1.7039 -4.4373 4.0891, 1.7065 -4.4598 4.0919, 1.907 -4.4666 3.8257, 1.9142 -4.4876 3.8308, 2.076 -4.4947 3.5328, 2.0895 -4.5147 3.5393, 2.2063 -4.5219 3.2178, 2.2234 -4.5364 3.2229, 2.2912 -4.5434 2.888, 2.3118 -4.5534 2.8908, 2.3298 -4.56 2.5531, 2.3546 -4.5651 2.5527, 2.3228 -4.5718 2.2103, 1.2224 -4.3432 4.5456, 1.2139 -4.3595 4.5327, 1.4847 -4.3664 4.3335, 1.4843 -4.3672 4.3331, 1.7191 -4.3737 4.1007, 1.7104 -4.3933 4.0936, 1.9111 -4.4001 3.8267, 1.9057 -4.4203 3.8237, 2.0665 -4.4274 3.5271, 2.0648 -4.4513 3.5268, 2.18 -4.4585 3.2092, 2.1835 -4.481 3.2106, 2.25 -4.488 2.8818, 2.2587 -4.5089 2.8833, 2.2762 -4.5155 2.5533, 2.2911 -4.5355 2.5534, 2.2601 -4.5422 2.2202, 2.2778 -4.5567 2.2175, 2.1963 -4.5638 1.8844, 2.2161 -4.5738 1.8782, 2.0841 -4.581 1.5562, 2.1064 -4.5861 1.5451, 1.9271 -4.5932 1.2447, 1.2328 -4.3306 4.5618, 1.5077 -4.3375 4.3596, 1.495 -4.3501 4.3451, 1.7314 -4.3567 4.111, 1.7196 -4.3729 4.1011, 1.9213 -4.3798 3.8328, 1.9207 -4.3806 3.8325, 2.0827 -4.3877 3.5335, 2.0723 -4.4073 3.5293, 2.1878 -4.4145 3.2104, 2.1817 -4.4346 3.2092, 2.2479 -4.4416 2.8806, 2.2462 -4.4655 2.8808, 2.2635 -4.4721 2.5527, 2.2673 -4.4946 2.5531, 2.2365 -4.5013 2.2233, 2.2453 -4.5222 2.2223, 2.1649 -4.5293 1.894, 2.1792 -4.5493 1.8897, 2.0494 -4.5565 1.5731, 2.0655 -4.571 1.5653, 1.8896 -4.5781 1.2707, 1.9067 -4.5881 1.2589, 1.6911 -4.5949 0.9953, 1.7092 -4.5999 0.9783, 1.4569 -4.6065 0.7481, 1.9508 -4.3509 3.8511, 2.1152 -4.3581 3.5475, 2.0975 -4.3707 3.5398, 2.2142 -4.3779 3.2171, 2.1993 -4.3941 3.2132, 2.2659 -4.4011 2.882, 2.2653 -4.4019 2.882, 2.2825 -4.4085 2.551, 2.2713 -4.4281 2.5516, 2.2403 -4.4348 2.2214, 2.2342 -4.4549 2.2228, 2.154 -4.462 1.8961, 2.1525 -4.4859 1.8971, 2.0241 -4.4931 1.5843, 2.0277 -4.5156 1.583, 1.8549 -4.5227 1.2938, 1.8624 -4.5436 1.2891, 1.6516 -4.5504 1.0316, 1.6628 -4.5703 1.0216, 1.4172 -4.5769 0.7976, 1.4284 -4.5914 0.7838, 1.1452 -4.5984 0.593, 1.1557 -4.6084 0.575, 0.8417 -4.6156 0.4255, 0.8507 -4.6207 0.4024, 0.515 -4.6279 0.3004, 2.2329 -4.3653 3.2221, 2.3005 -4.3723 2.8858, 2.2813 -4.3849 2.8836, 2.2985 -4.3915 2.5504, 2.2831 -4.4077 2.551, 2.2519 -4.4144 2.219, 2.2513 -4.4152 2.2191, 2.1703 -4.4223 1.8899, 2.1597 -4.4419 1.8938, 2.0307 -4.4491 1.58, 2.0254 -4.4692 1.5831, 1.8526 -4.4763 1.2943, 1.8515 -4.5002 1.2957, 1.6419 -4.5069 1.0397, 1.6449 -4.5294 1.0374, 1.4018 -4.536 0.8158, 1.4076 -4.5569 0.8091, 1.1284 -4.5639 0.6211, 1.1361 -4.5839 0.6083, 0.8273 -4.5911 0.4614, 0.834 -4.6056 0.4448, 0.5048 -4.6128 0.3448, 0.5095 -4.6228 0.3246, 0.1704 -4.6297 0.2745, 0.1723 -4.6347 0.2497, -0.1684 -4.6413 0.2494, 2.2037 -4.3927 1.8784, 2.0719 -4.3999 1.5583, 2.0548 -4.4125 1.5671, 1.8793 -4.4196 1.2741, 1.8669 -4.4358 1.2833, 1.6553 -4.4426 1.0252, 1.6548 -4.4434 1.0256, 1.4099 -4.4499 0.8028, 1.4032 -4.4695 0.8118, 1.1245 -4.4765 0.6245, 1.1217 -4.4966 0.63, 0.8163 -4.5038 0.485, 0.8161 -4.5277 0.4867, 0.4933 -4.5349 0.3889, 0.4946 -4.5573 0.3853, 0.1646 -4.5642 0.3367, 0.1657 -4.5852 0.3279, -0.1638 -4.5917 0.3277, -0.1644 -4.6117 0.3128, -0.4979 -4.6186 0.3616, -0.5015 -4.6331 0.3441, -0.8309 -4.6402 0.4437, -0.8382 -4.6502 0.4242, -1.1525 -4.6574 0.5732, -1.1647 -4.6625 0.5515, -1.4538 -4.6695 0.7456, 1.895 -4.407 1.2628, 1.6801 -4.4137 1.0009, 1.6662 -4.4263 1.0143, 1.4195 -4.4329 0.79, 1.4102 -4.4491 0.8023, 1.13 -4.4561 0.614, 1.1297 -4.4569 0.6145, 0.8218 -4.4641 0.4685, 0.8181 -4.4837 0.4791, 0.4942 -4.4909 0.3811, 0.4932 -4.511 0.3872, 0.1635 -4.5178 0.3388, 0.1639 -4.5417 0.3405, -0.1637 -4.5483 0.3404, -0.1635 -4.5708 0.3366, -0.4935 -4.5776 0.385, -0.4951 -4.5986 0.3763, -0.8197 -4.6057 0.4745, -0.8247 -4.6257 0.4604, -1.1337 -4.6329 0.607, -1.1423 -4.6474 0.5913, -1.4258 -4.6544 0.7817, -1.4385 -4.6644 0.7652, -1.6886 -4.671 0.9926, -1.7065 -4.6761 0.9755, -1.9249 -4.6828 1.2415, 1.1467 -4.4273 0.5835, 0.834 -4.4345 0.4353, 0.8273 -4.4471 0.4534, 0.4994 -4.4542 0.3543, 0.4964 -4.4705 0.3694, 0.1641 -4.4774 0.3207, 0.164 -4.4781 0.3213, -0.1663 -4.4847 0.3215, -0.1651 -4.5043 0.3327, -0.4957 -4.5112 0.3814, -0.494 -4.5313 0.3874, -0.817 -4.5384 0.4853, -0.8159 -4.5623 0.4867, -1.1211 -4.5695 0.6316, -1.1227 -4.592 0.6281, -1.4009 -4.599 0.8152, -1.4061 -4.6199 0.8079, -1.6503 -4.6265 1.0302, -1.6609 -4.6465 1.0196, -1.8733 -4.6532 1.2786, -1.8877 -4.6677 1.268, -2.064 -4.6748 1.5624, -2.0825 -4.6848 1.5529, -2.215 -4.692 1.8747, -2.2386 -4.6971 1.8669, -2.3222 -4.7042 2.2064, 0.5034 -4.4416 0.3354, 0.166 -4.4485 0.286, 0.1648 -4.4611 0.3053, -0.1678 -4.4677 0.3055, -0.1664 -4.4839 0.3209, -0.4987 -4.4908 0.3699, -0.4985 -4.4916 0.3705, -0.824 -4.4987 0.4693, -0.8196 -4.5183 0.4796, -1.1258 -4.5255 0.6252, -1.1224 -4.5456 0.6304, -1.4003 -4.5526 0.8174, -1.3989 -4.5765 0.8184, -1.6417 -4.5831 1.0396, -1.6442 -4.6056 1.0366, -1.8543 -4.6123 1.2929, -1.8613 -4.6332 1.2875, -2.0349 -4.6403 1.5777, -2.0482 -4.6603 1.5706, -2.1784 -4.6675 1.8871, -2.1953 -4.682 1.8813, -2.2772 -4.6891 2.2143, -2.2977 -4.6991 2.2106, -2.3297 -4.7058 2.5494, -2.3545 -4.7109 2.5488, -2.3369 -4.7175 2.8902, -0.5068 -4.4619 0.3362, -0.8373 -4.4691 0.4366, -0.8301 -4.4817 0.4545, -1.1399 -4.4889 0.6019, -1.132 -4.5051 0.6151, -1.4121 -4.5121 0.8037, -1.4117 -4.5129 0.8042, -1.6564 -4.5195 1.0273, -1.648 -4.5391 1.0348, -1.8583 -4.5458 1.2917, -1.853 -4.5659 1.2949, -2.0257 -4.573 1.5838, -2.024 -4.5969 1.5841, -2.1525 -4.6041 1.8969, -2.156 -4.6266 1.8953, -2.2363 -4.6337 2.2223, -2.245 -4.6546 2.2204, -2.2761 -4.6613 2.5514, -2.2911 -4.6813 2.5507, -2.2739 -4.6879 2.8828, -2.2916 -4.7024 2.8848, -2.2243 -4.7094 3.2197, -2.2443 -4.7194 3.2252, -2.1261 -4.7266 3.5523, -2.1488 -4.7317 3.5623, -1.9818 -4.7389 3.8708, -1.1497 -4.4763 0.5853, -1.434 -4.4832 0.7768, -1.4219 -4.4959 0.7918, -1.6683 -4.5025 1.0165, -1.6569 -4.5187 1.0269, -1.8683 -4.5254 1.2852, -1.8678 -4.5262 1.2855, -2.0416 -4.5333 1.5767, -2.0314 -4.5529 1.5814, -2.1602 -4.5601 1.8953, -2.1542 -4.5802 1.8968, -2.2343 -4.5873 2.2235, -2.2326 -4.6112 2.2233, -2.2634 -4.6179 2.5525, -2.2673 -4.6404 2.552, -2.2501 -4.647 2.8807, -2.2589 -4.6679 2.8814, -2.1925 -4.6749 3.2116, -2.207 -4.6949 3.2152, -2.0906 -4.7021 3.5369, -2.107 -4.7166 3.5439, -1.9432 -4.7238 3.8464, -1.9608 -4.7338 3.8574, -1.7551 -4.7406 4.1313, -1.7738 -4.7457 4.1475, -1.5317 -4.7523 4.3873, 0.941 -4.5097 4.7638, 1.216 -4.4872 4.5408, 1.4993 -4.5087 4.355, 1.7526 -4.5252 4.134, 1.9796 -4.5372 3.8741, 1.2084 -4.4673 4.5279, 1.4879 -4.4941 4.3412, 1.7371 -4.5152 4.1202, 1.9588 -4.5321 3.8606, 1.2136 -4.3603 4.5322, 1.4767 -4.3867 4.3248, 1.7055 -4.4134 4.0898, 1.904 -4.4442 3.8232, 2.0681 -4.4738 3.5288, 2.192 -4.5019 3.2134, 2.2735 -4.5289 2.8855, 2.309 -4.55 2.5533, 2.2983 -4.5667 2.2143, 2.2398 -4.5789 1.8706, 1.7461 -4.3441 4.1235, 1.9344 -4.3635 3.8409, 2.0833 -4.3869 3.5338, 2.1987 -4.3949 3.2131, 2.2541 -4.4215 2.8809, 2.2651 -4.4482 2.5522, 2.2327 -4.4788 2.2235, 2.1563 -4.5084 1.8963, 2.0358 -4.5365 1.5794, 1.8749 -4.5636 1.2808, 1.6759 -4.5849 1.0095, 1.4414 -4.6015 0.7675, 1.1681 -4.6135 0.5535, 2.3178 -4.3789 2.5497, 2.267 -4.3982 2.2161, 2.1709 -4.4215 1.8897, 2.0406 -4.4295 1.5746, 1.8574 -4.4562 1.2904, 1.6427 -4.4831 1.0382, 1.3991 -4.5135 0.8186, 1.1236 -4.543 0.6286, 0.8215 -4.5711 0.4752, 0.5006 -4.5983 0.3622, 0.1687 -4.6197 0.2952, -0.1668 -4.6362 0.2742, -0.5112 -4.6482 0.2995, 2.286 -4.3856 2.2127, 2.1854 -4.4053 1.8847, 2.0411 -4.4287 1.5744, 1.8664 -4.4366 1.2836, 1.647 -4.4629 1.0337, 1.3997 -4.4896 0.817, 1.1213 -4.5205 0.6317, 0.8179 -4.5502 0.4833, 0.497 -4.5783 0.3767, 0.1672 -4.6051 0.313, -0.1654 -4.6262 0.2949, -0.5059 -4.6431 0.3238, 1.4313 -4.4203 0.7746, 1.1373 -4.4399 0.6004, 0.822 -4.4633 0.4679, 0.4963 -4.4713 0.37, 0.1636 -4.4977 0.3325, -0.1643 -4.5244 0.3388, -0.4931 -4.5552 0.3889, -0.8169 -4.5848 0.4829, -1.1267 -4.6129 0.6202, -1.415 -4.6399 0.7959, -1.6736 -4.661 1.0071, -1.9046 -4.6777 1.2559, -2.1046 -4.6899 1.5417, -0.1695 -4.455 0.2863, -0.5024 -4.4745 0.3549, -0.8242 -4.4979 0.4687, -1.1317 -4.5059 0.6156, -1.4045 -4.5325 0.8128, -1.6433 -4.5592 1.0388, -1.8514 -4.5898 1.2955, -2.0272 -4.6194 1.582, -2.1643 -4.6475 1.8921, -2.2597 -4.6746 2.2175, -2.3089 -4.6958 2.55, -2.3123 -4.7124 2.8872, -2.2683 -4.7245 3.2318, -1.6825 -4.4898 1.0034, -1.8811 -4.5092 1.2766, -2.0422 -4.5325 1.5765, -2.171 -4.5405 1.8922, -2.2405 -4.5672 2.2229, -2.2651 -4.594 2.5529, -2.2463 -4.6245 2.8806, -2.1838 -4.654 3.2096, -2.0768 -4.6821 3.5311, -1.9281 -4.7093 3.8369, -1.7393 -4.7306 4.1177, -1.5155 -4.7472 4.3685, -1.2525 -4.7592 4.5928, -0.8471 -4.36 0.401, 2.1472 -4.249 3.5659, -0.9242 -4.2848 4.7246, -0.9329 -4.2769 4.7452, -1.2416 -4.2697 4.5827, -2.1341 -4.2423 3.56, -2.2261 -4.2077 1.875, -1.4479 -4.18 0.7593, -1.1609 -4.1731 0.5659, 0.5081 -4.1384 0.3136, 0.8419 -4.1313 0.4144, 1.9131 -4.1038 1.2498, 2.0918 -4.0967 1.5481, 2.3226 -4.069 2.8884, 2.2544 -4.062 3.2279, 1.2448 -4.0274 4.5806, 0.7542 -4.0427 4.7638, 0.7291 -4.0533 4.7638, 0.913 -4.057 4.6916, 0.6663 -4.1294 4.7638, 0.6748 -4.1398 4.7638, 0.9051 -4.1439 4.6777, 0.6795 -4.1441 4.7638, 0.7034 -4.1602 4.7638, 0.9082 -4.1648 4.686, 0.7055 -4.1616 4.7638, 0.7478 -4.1803 4.7638, 0.9138 -4.1848 4.6999, 0.8471 -4.2057 4.7638, 0.861 -4.207 4.7638, 0.9288 -4.2093 4.7355, -0.8797 -4.4693 4.7638, -0.8619 -4.4665 4.7638, -0.9322 -4.466 4.7341, -0.6795 -4.3451 4.7638, -0.6885 -4.339 4.7638, -0.9065 -4.334 4.6815, -0.7055 -4.3276 4.7638, -0.7252 -4.3189 4.7638, -0.9106 -4.3145 4.692, -0.7478 -4.3089 4.7638, -0.7755 -4.3018 4.7638, -0.9167 -4.2974 4.7068, -0.8889 -4.2796 4.7638, -0.8471 -4.2835 4.7638, -0.83 -4.2879 4.7638, -0.6622 -4.3678 4.7638, -0.6663 -4.3598 4.7638, -0.9044 -4.3542 4.6757, -0.6748 -4.3494 4.7638, -0.6609 -4.3836 4.7638, -0.6605 -4.3821 4.7638, -0.9041 -4.378 4.674, -0.6603 -4.3791 4.7638, -0.6609 -4.3722 4.7638, -0.6718 -4.4038 4.7638, -0.6694 -4.4011 4.7638, -0.6633 -4.3915 4.7638, -0.6624 -4.3894 4.7638, -0.91 -4.4215 4.6853, -0.7053 -4.4259 4.7638, -0.9061 -4.4005 4.6773, -0.6943 -4.4213 4.7638, -0.6902 -4.4188 4.7638, -0.9237 -4.456 4.7151, -0.8047 -4.4574 4.7638, -0.9163 -4.4414 4.6988, -0.7796 -4.4535 4.7638, -0.7542 -4.4465 4.7638, -0.9259 -4.4708 4.7638, 0.6622 -4.1214 4.7638, 0.9039 -4.1214 4.6741, 0.6609 -4.117 4.7638, 0.6608 -4.1159 4.7638, 0.6633 -4.0976 4.7638, 0.6624 -4.0998 4.7638, 0.6605 -4.1071 4.7638, 0.6603 -4.1101 4.7638, 0.6902 -4.0704 4.7638, 0.6718 -4.0853 4.7638, 0.905 -4.0975 4.6754, 0.6694 -4.0881 4.7638, 0.6668 -4.0921 4.7638, 0.9127 -4.0578 4.6911, 0.7272 -4.054 4.7638, 0.9079 -4.0774 4.6809, 0.6943 -4.0679 4.7638, 0.7728 -4.0376 4.7638, 0.8303 -4.0277 4.7638, 0.7796 -4.0357 4.7638, 0.9194 -4.0408 4.7056, 0.8888 -4.0196 4.7638, 0.8797 -4.0199 4.7638, 0.9274 -4.0282 4.7232, 0.9364 -4.0203 4.7436, 1.5223 -4.0343 4.3764, 1.763 -4.0408 4.1381, 1.9696 -4.0477 3.8631, 2.1356 -4.0549 3.5565, 2.3402 -4.0757 2.5491, 2.308 -4.0824 2.2088, 2.2249 -4.0895 1.8714, 1.6961 -4.1105 0.9854, 1.4449 -4.1171 0.757, 1.1576 -4.1241 0.564, 0.1674 -4.1453 0.2637, -0.1713 -4.1518 0.264, -0.5118 -4.1587 0.3144, -0.8455 -4.1659 0.4158, -1.6988 -4.1866 0.9882, -1.9153 -4.1934 1.253, -2.0935 -4.2005 1.5515, -2.3402 -4.2215 2.5529, -2.3222 -4.2281 2.8922, -2.2534 -4.2351 3.2316, -1.7605 -4.2563 4.141, -1.5194 -4.2628 4.3789, -0.941 -4.2747 4.7638, -1.2299 -4.2777 4.5637, -0.7271 -4.318 4.7638, -0.9108 -4.3137 4.6925, -1.2198 -4.2903 4.5472, -1.505 -4.2708 4.3618, -1.2119 -4.3065 4.5339, -1.4927 -4.2834 4.347, -1.7438 -4.2642 4.1262, -1.9676 -4.2494 3.8663, -1.2116 -4.3073 4.5334, -1.4829 -4.2996 4.3351, -1.7294 -4.2768 4.1133, -1.9489 -4.2574 3.8541, -1.206 -4.3269 4.5237, -1.4825 -4.3004 4.3346, -1.718 -4.2931 4.1029, -1.9328 -4.27 3.8434, -2.1138 -4.2502 3.5507, -1.203 -4.347 4.5182, -1.4755 -4.32 4.3258, -1.7176 -4.2939 4.1025, -1.92 -4.2862 3.8348, -2.0963 -4.2628 3.5425, -2.2319 -4.243 3.2254, -1.2025 -4.3709 4.5166, -1.4718 -4.3401 4.3208, -1.7094 -4.3134 4.0948, -1.9195 -4.287 3.8344, -2.0823 -4.2791 3.5359, -2.2134 -4.2556 3.22, -2.3 -4.236 2.8893, -1.2049 -4.3934 4.5196, -1.4711 -4.364 4.3193, -1.705 -4.3336 4.0904, -1.9102 -4.3066 3.828, -2.0818 -4.2799 3.5356, -2.1987 -4.2719 3.2155, -2.2809 -4.2486 2.8866, -2.3179 -4.2294 2.5532, -2.3087 -4.2148 2.2126, -1.21 -4.4143 4.5268, -1.4739 -4.3865 4.3219, -1.704 -4.3575 4.0889, -1.9053 -4.3267 3.8243, -2.0717 -4.2994 3.5307, -2.1981 -4.2727 3.2153, -2.2656 -4.2649 2.8844, -2.2986 -4.242 2.5534, -2.2866 -4.2227 2.2161, -1.2183 -4.4343 4.5393, -1.48 -4.4074 4.3283, -1.7072 -4.3799 4.0911, -1.9041 -4.3506 3.823, -2.0662 -4.3196 3.5278, -2.1874 -4.2922 3.2119, -2.2651 -4.2657 2.8843, -2.2832 -4.2583 2.5534, -2.2675 -4.2353 2.2191, -2.2048 -4.2156 1.8818, -1.228 -4.4488 4.5543, -1.49 -4.4274 4.3395, -1.7141 -4.4009 4.0966, -1.9076 -4.3731 3.8247, -2.0649 -4.3434 3.5267, -2.1815 -4.3124 3.2099, -2.254 -4.2852 2.8825, -2.2826 -4.2591 2.5534, -2.2523 -4.2515 2.2213, -2.1864 -4.2282 1.8875, -2.0735 -4.2084 1.5614, -0.9422 -4.471 4.7568, -1.2392 -4.4588 4.5718, -1.5018 -4.4419 4.3528, -1.7257 -4.4208 4.1062, -1.9152 -4.394 3.8292, -2.0685 -4.3659 3.5278, -2.18 -4.3363 3.209, -2.2479 -4.3054 2.8813, -2.2713 -4.2786 2.5532, -2.2517 -4.2523 2.2214, -2.1716 -4.2445 1.892, -2.0561 -4.221 1.5698, -1.897 -4.2013 1.2657, 0.9259 -4.213 4.7638, 0.9386 -4.2144 4.7584, 1.2492 -4.2216 4.5949, 0.8062 -4.1952 4.7638, 0.9207 -4.1993 4.7164, 1.2252 -4.2065 4.5561, 1.2361 -4.2165 4.5738, 1.5127 -4.2234 4.3709, 1.5287 -4.2285 4.3899, 1.7713 -4.235 4.1505, 1.2024 -4.1286 4.5167, 1.204 -4.1511 4.5201, 1.4731 -4.158 4.3226, 1.4785 -4.1789 4.3296, 1.7129 -4.1854 4.0981, 1.7239 -4.2054 4.1082, 1.9266 -4.2123 3.8392, 1.9414 -4.2268 3.8491, 2.1057 -4.2339 3.5469, 2.1245 -4.2439 3.5556, 2.2433 -4.2511 3.2287, 2.2672 -4.2562 3.2355, 2.3364 -4.2632 2.894, 1.2073 -4.0846 4.5229, 1.2036 -4.1047 4.5178, 1.4724 -4.1116 4.3204, 1.4709 -4.1355 4.3194, 1.7039 -4.142 4.0891, 1.7065 -4.1645 4.0919, 1.907 -4.1714 3.8257, 1.9142 -4.1923 3.8308, 2.076 -4.1994 3.5328, 2.0895 -4.2194 3.5393, 2.2063 -4.2266 3.2178, 2.2234 -4.2411 3.2229, 2.2912 -4.2481 2.888, 2.3118 -4.2581 2.8908, 2.3298 -4.2647 2.5531, 2.3546 -4.2698 2.5527, 2.3228 -4.2766 2.2103, 1.2224 -4.048 4.5456, 1.2139 -4.0642 4.5327, 1.4847 -4.0711 4.3335, 1.4843 -4.0719 4.3331, 1.7191 -4.0784 4.1007, 1.7104 -4.098 4.0936, 1.9111 -4.1049 3.8267, 1.9057 -4.125 3.8237, 2.0665 -4.1321 3.5271, 2.0648 -4.156 3.5268, 2.18 -4.1632 3.2092, 2.1835 -4.1857 3.2106, 2.25 -4.1927 2.8818, 2.2587 -4.2136 2.8833, 2.2762 -4.2202 2.5533, 2.2911 -4.2402 2.5534, 2.2601 -4.2469 2.2202, 2.2778 -4.2615 2.2175, 2.1963 -4.2685 1.8844, 2.2161 -4.2785 1.8782, 2.0841 -4.2857 1.5562, 2.1064 -4.2908 1.5451, 1.9271 -4.2979 1.2447, 1.2328 -4.0353 4.5618, 1.5077 -4.0422 4.3596, 1.495 -4.0549 4.3451, 1.7314 -4.0614 4.111, 1.7196 -4.0776 4.1011, 1.9213 -4.0845 3.8328, 1.9207 -4.0853 3.8325, 2.0827 -4.0924 3.5335, 2.0723 -4.112 3.5293, 2.1878 -4.1192 3.2104, 2.1817 -4.1393 3.2092, 2.2479 -4.1463 2.8806, 2.2462 -4.1702 2.8808, 2.2635 -4.1768 2.5527, 2.2673 -4.1993 2.5531, 2.2365 -4.206 2.2233, 2.2453 -4.227 2.2223, 2.1649 -4.234 1.894, 2.1792 -4.254 1.8897, 2.0494 -4.2612 1.5731, 2.0655 -4.2757 1.5653, 1.8896 -4.2828 1.2707, 1.9067 -4.2928 1.2589, 1.6911 -4.2996 0.9953, 1.7092 -4.3047 0.9783, 1.4569 -4.3113 0.7481, 1.9508 -4.0556 3.8511, 2.1152 -4.0628 3.5475, 2.0975 -4.0754 3.5398, 2.2142 -4.0826 3.2171, 2.1993 -4.0988 3.2132, 2.2659 -4.1058 2.882, 2.2653 -4.1066 2.882, 2.2825 -4.1132 2.551, 2.2713 -4.1328 2.5516, 2.2403 -4.1395 2.2214, 2.2342 -4.1597 2.2228, 2.154 -4.1667 1.8961, 2.1525 -4.1906 1.8971, 2.0241 -4.1978 1.5843, 2.0277 -4.2203 1.583, 1.8549 -4.2274 1.2938, 1.8624 -4.2483 1.2891, 1.6516 -4.2551 1.0316, 1.6628 -4.2751 1.0216, 1.4172 -4.2816 0.7976, 1.4284 -4.2962 0.7838, 1.1452 -4.3032 0.593, 1.1557 -4.3132 0.575, 0.8417 -4.3204 0.4255, 0.8507 -4.3254 0.4024, 0.515 -4.3326 0.3004, 2.2329 -4.07 3.2221, 2.3005 -4.077 2.8858, 2.2813 -4.0896 2.8836, 2.2985 -4.0962 2.5504, 2.2831 -4.1124 2.551, 2.2519 -4.1192 2.219, 2.2513 -4.12 2.2191, 2.1703 -4.127 1.8899, 2.1597 -4.1466 1.8938, 2.0307 -4.1538 1.58, 2.0254 -4.1739 1.5831, 1.8526 -4.181 1.2943, 1.8515 -4.2049 1.2957, 1.6419 -4.2117 1.0397, 1.6449 -4.2341 1.0374, 1.4018 -4.2407 0.8158, 1.4076 -4.2617 0.8091, 1.1284 -4.2687 0.6211, 1.1361 -4.2886 0.6083, 0.8273 -4.2958 0.4614, 0.834 -4.3103 0.4448, 0.5048 -4.3175 0.3448, 0.5095 -4.3275 0.3246, 0.1704 -4.3344 0.2745, 0.1723 -4.3395 0.2497, -0.1684 -4.346 0.2494, 2.2037 -4.0974 1.8784, 2.0719 -4.1046 1.5583, 2.0548 -4.1172 1.5671, 1.8793 -4.1243 1.2741, 1.8669 -4.1405 1.2833, 1.6553 -4.1473 1.0252, 1.6548 -4.1481 1.0256, 1.4099 -4.1547 0.8028, 1.4032 -4.1743 0.8118, 1.1245 -4.1812 0.6245, 1.1217 -4.2014 0.63, 0.8163 -4.2085 0.485, 0.8161 -4.2324 0.4867, 0.4933 -4.2396 0.3889, 0.4946 -4.2621 0.3853, 0.1646 -4.2689 0.3367, 0.1657 -4.2899 0.3279, -0.1638 -4.2964 0.3277, -0.1644 -4.3164 0.3128, -0.4979 -4.3233 0.3616, -0.5015 -4.3378 0.3441, -0.8309 -4.3449 0.4437, -0.8382 -4.355 0.4242, -1.1525 -4.3621 0.5732, -1.1647 -4.3672 0.5515, -1.4538 -4.3742 0.7456, 1.895 -4.1117 1.2628, 1.6801 -4.1184 1.0009, 1.6662 -4.131 1.0143, 1.4195 -4.1376 0.79, 1.4102 -4.1539 0.8023, 1.13 -4.1609 0.614, 1.1297 -4.1617 0.6145, 0.8218 -4.1688 0.4685, 0.8181 -4.1884 0.4791, 0.4942 -4.1956 0.3811, 0.4932 -4.2157 0.3872, 0.1635 -4.2226 0.3388, 0.1639 -4.2465 0.3405, -0.1637 -4.253 0.3404, -0.1635 -4.2755 0.3366, -0.4935 -4.2824 0.385, -0.4951 -4.3033 0.3763, -0.8197 -4.3105 0.4745, -0.8247 -4.3304 0.4604, -1.1337 -4.3376 0.607, -1.1423 -4.3521 0.5913, -1.4258 -4.3591 0.7817, -1.4385 -4.3691 0.7652, -1.6886 -4.3757 0.9926, -1.7065 -4.3808 0.9755, -1.9249 -4.3876 1.2415, 1.1467 -4.132 0.5835, 0.834 -4.1392 0.4353, 0.8273 -4.1518 0.4534, 0.4994 -4.159 0.3543, 0.4964 -4.1752 0.3694, 0.1641 -4.1821 0.3207, 0.164 -4.1829 0.3213, -0.1663 -4.1894 0.3215, -0.1651 -4.209 0.3327, -0.4957 -4.2159 0.3814, -0.494 -4.236 0.3874, -0.817 -4.2431 0.4853, -0.8159 -4.267 0.4867, -1.1211 -4.2742 0.6316, -1.1227 -4.2967 0.6281, -1.4009 -4.3037 0.8152, -1.4061 -4.3246 0.8079, -1.6503 -4.3312 1.0302, -1.6609 -4.3512 1.0196, -1.8733 -4.3579 1.2786, -1.8877 -4.3725 1.268, -2.064 -4.3796 1.5624, -2.0825 -4.3896 1.5529, -2.215 -4.3968 1.8747, -2.2386 -4.4018 1.8669, -2.3222 -4.4089 2.2064, 0.5034 -4.1463 0.3354, 0.166 -4.1532 0.286, 0.1648 -4.1658 0.3053, -0.1678 -4.1724 0.3055, -0.1664 -4.1886 0.3209, -0.4987 -4.1955 0.3699, -0.4985 -4.1963 0.3705, -0.824 -4.2034 0.4693, -0.8196 -4.223 0.4796, -1.1258 -4.2302 0.6252, -1.1224 -4.2503 0.6304, -1.4003 -4.2573 0.8174, -1.3989 -4.2812 0.8184, -1.6417 -4.2878 1.0396, -1.6442 -4.3103 1.0366, -1.8543 -4.317 1.2929, -1.8613 -4.338 1.2875, -2.0349 -4.3451 1.5777, -2.0482 -4.365 1.5706, -2.1784 -4.3722 1.8871, -2.1953 -4.3868 1.8813, -2.2772 -4.3938 2.2143, -2.2977 -4.4038 2.2106, -2.3297 -4.4106 2.5494, -2.3545 -4.4156 2.5488, -2.3369 -4.4223 2.8902, -0.5068 -4.1666 0.3362, -0.8373 -4.1738 0.4366, -0.8301 -4.1864 0.4545, -1.1399 -4.1936 0.6019, -1.132 -4.2098 0.6151, -1.4121 -4.2168 0.8037, -1.4117 -4.2176 0.8042, -1.6564 -4.2242 1.0273, -1.648 -4.2438 1.0348, -1.8583 -4.2505 1.2917, -1.853 -4.2707 1.2949, -2.0257 -4.2777 1.5838, -2.024 -4.3016 1.5841, -2.1525 -4.3088 1.8969, -2.156 -4.3313 1.8953, -2.2363 -4.3384 2.2223, -2.245 -4.3593 2.2204, -2.2761 -4.3661 2.5514, -2.2911 -4.386 2.5507, -2.2739 -4.3926 2.8828, -2.2916 -4.4072 2.8848, -2.2243 -4.4142 3.2197, -2.2443 -4.4242 3.2252, -2.1261 -4.4314 3.5523, -2.1488 -4.4364 3.5623, -1.9818 -4.4436 3.8708, -1.1497 -4.181 0.5853, -1.434 -4.188 0.7768, -1.4219 -4.2006 0.7918, -1.6683 -4.2072 1.0165, -1.6569 -4.2234 1.0269, -1.8683 -4.2302 1.2852, -1.8678 -4.231 1.2855, -2.0416 -4.238 1.5767, -2.0314 -4.2576 1.5814, -2.1602 -4.2648 1.8953, -2.1542 -4.285 1.8968, -2.2343 -4.292 2.2235, -2.2326 -4.3159 2.2233, -2.2634 -4.3226 2.5525, -2.2673 -4.3451 2.552, -2.2501 -4.3517 2.8807, -2.2589 -4.3727 2.8814, -2.1925 -4.3797 3.2116, -2.207 -4.3996 3.2152, -2.0906 -4.4068 3.5369, -2.107 -4.4214 3.5439, -1.9432 -4.4285 3.8464, -1.9608 -4.4385 3.8574, -1.7551 -4.4454 4.1313, -1.7738 -4.4505 4.1475, -1.5317 -4.457 4.3873, 0.941 -4.2145 4.7638, 1.216 -4.192 4.5408, 1.4993 -4.2134 4.355, 1.7526 -4.2299 4.134, 1.9796 -4.2419 3.8741, 1.2084 -4.172 4.5279, 1.4879 -4.1989 4.3412, 1.7371 -4.2199 4.1202, 1.9588 -4.2368 3.8606, 1.2136 -4.065 4.5322, 1.4767 -4.0915 4.3248, 1.7055 -4.1181 4.0898, 1.904 -4.1489 3.8232, 2.0681 -4.1785 3.5288, 2.192 -4.2066 3.2134, 2.2735 -4.2336 2.8855, 2.309 -4.2547 2.5533, 2.2983 -4.2715 2.2143, 2.2398 -4.2836 1.8706, 1.7461 -4.0488 4.1235, 1.9344 -4.0683 3.8409, 2.0833 -4.0916 3.5338, 2.1987 -4.0996 3.2131, 2.2541 -4.1262 2.8809, 2.2651 -4.1529 2.5522, 2.2327 -4.1836 2.2235, 2.1563 -4.2131 1.8963, 2.0358 -4.2412 1.5794, 1.8749 -4.2683 1.2808, 1.6759 -4.2896 1.0095, 1.4414 -4.3062 0.7675, 1.1681 -4.3182 0.5535, 2.3178 -4.0836 2.5497, 2.267 -4.1029 2.2161, 2.1709 -4.1262 1.8897, 2.0406 -4.1342 1.5746, 1.8574 -4.1609 1.2904, 1.6427 -4.1878 1.0382, 1.3991 -4.2183 0.8186, 1.1236 -4.2477 0.6286, 0.8215 -4.2759 0.4752, 0.5006 -4.303 0.3622, 0.1687 -4.3244 0.2952, -0.1668 -4.3409 0.2742, -0.5112 -4.3529 0.2995, 2.286 -4.0903 2.2127, 2.1854 -4.11 1.8847, 2.0411 -4.1334 1.5744, 1.8664 -4.1413 1.2836, 1.647 -4.1677 1.0337, 1.3997 -4.1944 0.817, 1.1213 -4.2252 0.6317, 0.8179 -4.2549 0.4833, 0.497 -4.283 0.3767, 0.1672 -4.3099 0.313, -0.1654 -4.3309 0.2949, -0.5059 -4.3478 0.3238, 1.4313 -4.125 0.7746, 1.1373 -4.1446 0.6004, 0.822 -4.168 0.4679, 0.4963 -4.176 0.37, 0.1636 -4.2025 0.3325, -0.1643 -4.2291 0.3388, -0.4931 -4.2599 0.3889, -0.8169 -4.2895 0.4829, -1.1267 -4.3176 0.6202, -1.415 -4.3446 0.7959, -1.6736 -4.3657 1.0071, -1.9046 -4.3825 1.2559, -2.1046 -4.3946 1.5417, -0.1695 -4.1598 0.2863, -0.5024 -4.1793 0.3549, -0.8242 -4.2026 0.4687, -1.1317 -4.2106 0.6156, -1.4045 -4.2372 0.8128, -1.6433 -4.2639 1.0388, -1.8514 -4.2946 1.2955, -2.0272 -4.3241 1.582, -2.1643 -4.3523 1.8921, -2.2597 -4.3793 2.2175, -2.3089 -4.4006 2.55, -2.3123 -4.4172 2.8872, -2.2683 -4.4293 3.2318, -1.6825 -4.1946 1.0034, -1.8811 -4.2139 1.2766, -2.0422 -4.2373 1.5765, -2.171 -4.2453 1.8922, -2.2405 -4.2719 2.2229, -2.2651 -4.2988 2.5529, -2.2463 -4.3293 2.8806, -2.1838 -4.3587 3.2096, -2.0768 -4.3869 3.5311, -1.9281 -4.414 3.8369, -1.7393 -4.4354 4.1177, -1.5155 -4.4519 4.3685, -1.2525 -4.4639 4.5928, -0.8471 -4.0648 0.401, 2.1472 -3.9538 3.5659, -0.9242 -3.9895 4.7246, -0.9329 -3.9816 4.7452, -1.2416 -3.9744 4.5827, -2.1341 -3.947 3.56, -2.2261 -3.9124 1.875, -1.4479 -3.8848 0.7593, -1.1609 -3.8778 0.5659, 0.5081 -3.8431 0.3136, 0.8419 -3.836 0.4144, 1.9131 -3.8085 1.2498, 2.0918 -3.8014 1.5481, 2.3226 -3.7738 2.8884, 2.2544 -3.7668 3.2279, 1.2448 -3.7321 4.5806, 0.7542 -3.7474 4.7638, 0.7291 -3.758 4.7638, 0.913 -3.7618 4.6916, 0.6663 -3.8341 4.7638, 0.6748 -3.8445 4.7638, 0.9051 -3.8486 4.6777, 0.6795 -3.8488 4.7638, 0.7034 -3.8649 4.7638, 0.9082 -3.8696 4.686, 0.7055 -3.8663 4.7638, 0.7478 -3.885 4.7638, 0.9138 -3.8895 4.6999, 0.8471 -3.9104 4.7638, 0.861 -3.9117 4.7638, 0.9288 -3.9141 4.7355, -0.8797 -4.1741 4.7638, -0.8619 -4.1712 4.7638, -0.9322 -4.1707 4.7341, -0.6795 -4.0498 4.7638, -0.6885 -4.0437 4.7638, -0.9065 -4.0388 4.6815, -0.7055 -4.0323 4.7638, -0.7252 -4.0236 4.7638, -0.9106 -4.0192 4.692, -0.7478 -4.0136 4.7638, -0.7755 -4.0065 4.7638, -0.9167 -4.0021 4.7068, -0.8889 -3.9843 4.7638, -0.8471 -3.9883 4.7638, -0.83 -3.9926 4.7638, -0.6622 -4.0725 4.7638, -0.6663 -4.0645 4.7638, -0.9044 -4.0589 4.6757, -0.6748 -4.0542 4.7638, -0.6609 -4.0883 4.7638, -0.6605 -4.0868 4.7638, -0.9041 -4.0828 4.674, -0.6603 -4.0838 4.7638, -0.6609 -4.077 4.7638, -0.6718 -4.1086 4.7638, -0.6694 -4.1058 4.7638, -0.6633 -4.0963 4.7638, -0.6624 -4.0941 4.7638, -0.91 -4.1262 4.6853, -0.7053 -4.1306 4.7638, -0.9061 -4.1052 4.6773, -0.6943 -4.126 4.7638, -0.6902 -4.1235 4.7638, -0.9237 -4.1607 4.7151, -0.8047 -4.1622 4.7638, -0.9163 -4.1462 4.6988, -0.7796 -4.1582 4.7638, -0.7542 -4.1512 4.7638, -0.9259 -4.1755 4.7638, 0.6622 -3.8261 4.7638, 0.9039 -3.8262 4.6741, 0.6609 -3.8217 4.7638, 0.6608 -3.8206 4.7638, 0.6633 -3.8024 4.7638, 0.6624 -3.8045 4.7638, 0.6605 -3.8118 4.7638, 0.6603 -3.8148 4.7638, 0.6902 -3.7751 4.7638, 0.6718 -3.7901 4.7638, 0.905 -3.8023 4.6754, 0.6694 -3.7928 4.7638, 0.6668 -3.7969 4.7638, 0.9127 -3.7626 4.6911, 0.7272 -3.7587 4.7638, 0.9079 -3.7821 4.6809, 0.6943 -3.7726 4.7638, 0.7728 -3.7423 4.7638, 0.8303 -3.7324 4.7638, 0.7796 -3.7404 4.7638, 0.9194 -3.7455 4.7056, 0.8888 -3.7243 4.7638, 0.8797 -3.7246 4.7638, 0.9274 -3.7329 4.7232, 0.9364 -3.725 4.7436, 1.5223 -3.739 4.3764, 1.763 -3.7456 4.1381, 1.9696 -3.7524 3.8631, 2.1356 -3.7596 3.5565, 2.3402 -3.7804 2.5491, 2.308 -3.7871 2.2088, 2.2249 -3.7942 1.8714, 1.6961 -3.8152 0.9854, 1.4449 -3.8218 0.757, 1.1576 -3.8288 0.564, 0.1674 -3.85 0.2637, -0.1713 -3.8566 0.264, -0.5118 -3.8634 0.3144, -0.8455 -3.8706 0.4158, -1.6988 -3.8914 0.9882, -1.9153 -3.8981 1.253, -2.0935 -3.9052 1.5515, -2.3402 -3.9262 2.5529, -2.3222 -3.9328 2.8922, -2.2534 -3.9398 3.2316, -1.7605 -3.961 4.141, -1.5194 -3.9676 4.3789, -0.941 -3.9794 4.7638, -1.2299 -3.9824 4.5637, -0.7271 -4.0227 4.7638, -0.9108 -4.0184 4.6925, -1.2198 -3.995 4.5472, -1.505 -3.9755 4.3618, -1.2119 -4.0112 4.5339, -1.4927 -3.9881 4.347, -1.7438 -3.9689 4.1262, -1.9676 -3.9541 3.8663, -1.2116 -4.012 4.5334, -1.4829 -4.0043 4.3351, -1.7294 -3.9816 4.1133, -1.9489 -3.9621 3.8541, -1.206 -4.0316 4.5237, -1.4825 -4.0051 4.3346, -1.718 -3.9978 4.1029, -1.9328 -3.9747 3.8434, -2.1138 -3.9549 3.5507, -1.203 -4.0517 4.5182, -1.4755 -4.0247 4.3258, -1.7176 -3.9986 4.1025, -1.92 -3.9909 3.8348, -2.0963 -3.9675 3.5425, -2.2319 -3.9477 3.2254, -1.2025 -4.0756 4.5166, -1.4718 -4.0448 4.3208, -1.7094 -4.0182 4.0948, -1.9195 -3.9917 3.8344, -2.0823 -3.9838 3.5359, -2.2134 -3.9604 3.22, -2.3 -3.9407 2.8893, -1.2049 -4.0981 4.5196, -1.4711 -4.0687 4.3193, -1.705 -4.0383 4.0904, -1.9102 -4.0113 3.828, -2.0818 -3.9846 3.5356, -2.1987 -3.9766 3.2155, -2.2809 -3.9534 2.8866, -2.3179 -3.9341 2.5532, -2.3087 -3.9195 2.2126, -1.21 -4.119 4.5268, -1.4739 -4.0912 4.3219, -1.704 -4.0622 4.0889, -1.9053 -4.0314 3.8243, -2.0717 -4.0042 3.5307, -2.1981 -3.9774 3.2153, -2.2656 -3.9696 2.8844, -2.2986 -3.9468 2.5534, -2.2866 -3.9274 2.2161, -1.2183 -4.139 4.5393, -1.48 -4.1121 4.3283, -1.7072 -4.0847 4.0911, -1.9041 -4.0553 3.823, -2.0662 -4.0243 3.5278, -2.1874 -3.997 3.2119, -2.2651 -3.9704 2.8843, -2.2832 -3.963 2.5534, -2.2675 -3.94 2.2191, -2.2048 -3.9203 1.8818, -1.228 -4.1535 4.5543, -1.49 -4.1321 4.3395, -1.7141 -4.1056 4.0966, -1.9076 -4.0778 3.8247, -2.0649 -4.0482 3.5267, -2.1815 -4.0171 3.2099, -2.254 -3.99 2.8825, -2.2826 -3.9638 2.5534, -2.2523 -3.9563 2.2213, -2.1864 -3.9329 1.8875, -2.0735 -3.9131 1.5614, -0.9422 -4.1758 4.7568, -1.2392 -4.1635 4.5718, -1.5018 -4.1466 4.3528, -1.7257 -4.1256 4.1062, -1.9152 -4.0987 3.8292, -2.0685 -4.0706 3.5278, -2.18 -4.041 3.209, -2.2479 -4.0101 2.8813, -2.2713 -3.9834 2.5532, -2.2517 -3.9571 2.2214, -2.1716 -3.9492 1.892, -2.0561 -3.9257 1.5698, -1.897 -3.906 1.2657, 0.9259 -3.9178 4.7638, 0.9386 -3.9192 4.7584, 1.2492 -3.9263 4.5949, 0.8062 -3.8999 4.7638, 0.9207 -3.9041 4.7164, 1.2252 -3.9112 4.5561, 1.2361 -3.9212 4.5738, 1.5127 -3.9281 4.3709, 1.5287 -3.9332 4.3899, 1.7713 -3.9397 4.1505, 1.2024 -3.8333 4.5167, 1.204 -3.8558 4.5201, 1.4731 -3.8627 4.3226, 1.4785 -3.8836 4.3296, 1.7129 -3.8902 4.0981, 1.7239 -3.9101 4.1082, 1.9266 -3.917 3.8392, 1.9414 -3.9315 3.8491, 2.1057 -3.9387 3.5469, 2.1245 -3.9487 3.5556, 2.2433 -3.9559 3.2287, 2.2672 -3.9609 3.2355, 2.3364 -3.9679 2.894, 1.2073 -3.7893 4.5229, 1.2036 -3.8094 4.5178, 1.4724 -3.8163 4.3204, 1.4709 -3.8402 4.3194, 1.7039 -3.8467 4.0891, 1.7065 -3.8692 4.0919, 1.907 -3.8761 3.8257, 1.9142 -3.897 3.8308, 2.076 -3.9042 3.5328, 2.0895 -3.9241 3.5393, 2.2063 -3.9313 3.2178, 2.2234 -3.9459 3.2229, 2.2912 -3.9529 2.888, 2.3118 -3.9629 2.8908, 2.3298 -3.9695 2.5531, 2.3546 -3.9745 2.5527, 2.3228 -3.9813 2.2103, 1.2224 -3.7527 4.5456, 1.2139 -3.7689 4.5327, 1.4847 -3.7758 4.3335, 1.4843 -3.7766 4.3331, 1.7191 -3.7832 4.1007, 1.7104 -3.8027 4.0936, 1.9111 -3.8096 3.8267, 1.9057 -3.8297 3.8237, 2.0665 -3.8369 3.5271, 2.0648 -3.8608 3.5268, 2.18 -3.8679 3.2092, 2.1835 -3.8904 3.2106, 2.25 -3.8974 2.8818, 2.2587 -3.9184 2.8833, 2.2762 -3.925 2.5533, 2.2911 -3.9449 2.5534, 2.2601 -3.9517 2.2202, 2.2778 -3.9662 2.2175, 2.1963 -3.9733 1.8844, 2.2161 -3.9833 1.8782, 2.0841 -3.9905 1.5562, 2.1064 -3.9956 1.5451, 1.9271 -4.0026 1.2447, 1.2328 -3.7401 4.5618, 1.5077 -3.747 4.3596, 1.495 -3.7596 4.3451, 1.7314 -3.7661 4.111, 1.7196 -3.7824 4.1011, 1.9213 -3.7892 3.8328, 1.9207 -3.79 3.8325, 2.0827 -3.7972 3.5335, 2.0723 -3.8167 3.5293, 2.1878 -3.8239 3.2104, 2.1817 -3.844 3.2092, 2.2479 -3.8511 2.8806, 2.2462 -3.8749 2.8808, 2.2635 -3.8815 2.5527, 2.2673 -3.904 2.5531, 2.2365 -3.9108 2.2233, 2.2453 -3.9317 2.2223, 2.1649 -3.9388 1.894, 2.1792 -3.9587 1.8897, 2.0494 -3.9659 1.5731, 2.0655 -3.9805 1.5653, 1.8896 -3.9876 1.2707, 1.9067 -3.9976 1.2589, 1.6911 -4.0043 0.9953, 1.7092 -4.0094 0.9783, 1.4569 -4.016 0.7481, 1.9508 -3.7604 3.8511, 2.1152 -3.7675 3.5475, 2.0975 -3.7801 3.5398, 2.2142 -3.7873 3.2171, 2.1993 -3.8036 3.2132, 2.2659 -3.8106 2.882, 2.2653 -3.8114 2.882, 2.2825 -3.818 2.551, 2.2713 -3.8375 2.5516, 2.2403 -3.8443 2.2214, 2.2342 -3.8644 2.2228, 2.154 -3.8715 1.8961, 2.1525 -3.8954 1.8971, 2.0241 -3.9026 1.5843, 2.0277 -3.925 1.583, 1.8549 -3.9321 1.2938, 1.8624 -3.9531 1.2891, 1.6516 -3.9598 1.0316, 1.6628 -3.9798 1.0216, 1.4172 -3.9864 0.7976, 1.4284 -4.0009 0.7838, 1.1452 -4.0079 0.593, 1.1557 -4.0179 0.575, 0.8417 -4.0251 0.4255, 0.8507 -4.0302 0.4024, 0.515 -4.0373 0.3004, 2.2329 -3.7747 3.2221, 2.3005 -3.7817 2.8858, 2.2813 -3.7943 2.8836, 2.2985 -3.8009 2.5504, 2.2831 -3.8172 2.551, 2.2519 -3.8239 2.219, 2.2513 -3.8247 2.2191, 2.1703 -3.8318 1.8899, 2.1597 -3.8513 1.8938, 2.0307 -3.8585 1.58, 2.0254 -3.8787 1.5831, 1.8526 -3.8858 1.2943, 1.8515 -3.9096 1.2957, 1.6419 -3.9164 1.0397, 1.6449 -3.9389 1.0374, 1.4018 -3.9455 0.8158, 1.4076 -3.9664 0.8091, 1.1284 -3.9734 0.6211, 1.1361 -3.9934 0.6083, 0.8273 -4.0006 0.4614, 0.834 -4.0151 0.4448, 0.5048 -4.0222 0.3448, 0.5095 -4.0322 0.3246, 0.1704 -4.0391 0.2745, 0.1723 -4.0442 0.2497, -0.1684 -4.0507 0.2494, 2.2037 -3.8021 1.8784, 2.0719 -3.8093 1.5583, 2.0548 -3.8219 1.5671, 1.8793 -3.829 1.2741, 1.8669 -3.8453 1.2833, 1.6553 -3.852 1.0252, 1.6548 -3.8528 1.0256, 1.4099 -3.8594 0.8028, 1.4032 -3.879 0.8118, 1.1245 -3.886 0.6245, 1.1217 -3.9061 0.63, 0.8163 -3.9133 0.485, 0.8161 -3.9372 0.4867, 0.4933 -3.9443 0.3889, 0.4946 -3.9668 0.3853, 0.1646 -3.9737 0.3367, 0.1657 -3.9946 0.3279, -0.1638 -4.0011 0.3277, -0.1644 -4.0211 0.3128, -0.4979 -4.028 0.3616, -0.5015 -4.0425 0.3441, -0.8309 -4.0497 0.4437, -0.8382 -4.0597 0.4242, -1.1525 -4.0669 0.5732, -1.1647 -4.0719 0.5515, -1.4538 -4.0789 0.7456, 1.895 -3.8164 1.2628, 1.6801 -3.8232 1.0009, 1.6662 -3.8358 1.0143, 1.4195 -3.8424 0.79, 1.4102 -3.8586 0.8023, 1.13 -3.8656 0.614, 1.1297 -3.8664 0.6145, 0.8218 -3.8736 0.4685, 0.8181 -3.8932 0.4791, 0.4942 -3.9003 0.3811, 0.4932 -3.9204 0.3872, 0.1635 -3.9273 0.3388, 0.1639 -3.9512 0.3405, -0.1637 -3.9577 0.3404, -0.1635 -3.9802 0.3366, -0.4935 -3.9871 0.385, -0.4951 -4.008 0.3763, -0.8197 -4.0152 0.4745, -0.8247 -4.0352 0.4604, -1.1337 -4.0423 0.607, -1.1423 -4.0569 0.5913, -1.4258 -4.0639 0.7817, -1.4385 -4.0739 0.7652, -1.6886 -4.0804 0.9926, -1.7065 -4.0855 0.9755, -1.9249 -4.0923 1.2415, 1.1467 -3.8367 0.5835, 0.834 -3.8439 0.4353, 0.8273 -3.8565 0.4534, 0.4994 -3.8637 0.3543, 0.4964 -3.8799 0.3694, 0.1641 -3.8868 0.3207, 0.164 -3.8876 0.3213, -0.1663 -3.8941 0.3215, -0.1651 -3.9137 0.3327, -0.4957 -3.9206 0.3814, -0.494 -3.9407 0.3874, -0.817 -3.9479 0.4853, -0.8159 -3.9718 0.4867, -1.1211 -3.9789 0.6316, -1.1227 -4.0014 0.6281, -1.4009 -4.0084 0.8152, -1.4061 -4.0294 0.8079, -1.6503 -4.0359 1.0302, -1.6609 -4.0559 1.0196, -1.8733 -4.0627 1.2786, -1.8877 -4.0772 1.268, -2.064 -4.0843 1.5624, -2.0825 -4.0943 1.5529, -2.215 -4.1015 1.8747, -2.2386 -4.1066 1.8669, -2.3222 -4.1136 2.2064, 0.5034 -3.8511 0.3354, 0.166 -3.8579 0.286, 0.1648 -3.8706 0.3053, -0.1678 -3.8771 0.3055, -0.1664 -3.8933 0.3209, -0.4987 -3.9002 0.3699, -0.4985 -3.901 0.3705, -0.824 -3.9082 0.4693, -0.8196 -3.9278 0.4796, -1.1258 -3.9349 0.6252, -1.1224 -3.9551 0.6304, -1.4003 -3.962 0.8174, -1.3989 -3.9859 0.8184, -1.6417 -3.9925 1.0396, -1.6442 -4.015 1.0366, -1.8543 -4.0218 1.2929, -1.8613 -4.0427 1.2875, -2.0349 -4.0498 1.5777, -2.0482 -4.0698 1.5706, -2.1784 -4.077 1.8871, -2.1953 -4.0915 1.8813, -2.2772 -4.0986 2.2143, -2.2977 -4.1086 2.2106, -2.3297 -4.1153 2.5494, -2.3545 -4.1204 2.5488, -2.3369 -4.127 2.8902, -0.5068 -3.8714 0.3362, -0.8373 -3.8785 0.4366, -0.8301 -3.8911 0.4545, -1.1399 -3.8983 0.6019, -1.132 -3.9146 0.6151, -1.4121 -3.9216 0.8037, -1.4117 -3.9223 0.8042, -1.6564 -3.9289 1.0273, -1.648 -3.9485 1.0348, -1.8583 -3.9553 1.2917, -1.853 -3.9754 1.2949, -2.0257 -3.9825 1.5838, -2.024 -4.0064 1.5841, -2.1525 -4.0136 1.8969, -2.156 -4.036 1.8953, -2.2363 -4.0431 2.2223, -2.245 -4.0641 2.2204, -2.2761 -4.0708 2.5514, -2.2911 -4.0908 2.5507, -2.2739 -4.0974 2.8828, -2.2916 -4.1119 2.8848, -2.2243 -4.1189 3.2197, -2.2443 -4.1289 3.2252, -2.1261 -4.1361 3.5523, -2.1488 -4.1412 3.5623, -1.9818 -4.1483 3.8708, -1.1497 -3.8857 0.5853, -1.434 -3.8927 0.7768, -1.4219 -3.9053 0.7918, -1.6683 -3.9119 1.0165, -1.6569 -3.9281 1.0269, -1.8683 -3.9349 1.2852, -1.8678 -3.9357 1.2855, -2.0416 -3.9428 1.5767, -2.0314 -3.9624 1.5814, -2.1602 -3.9696 1.8953, -2.1542 -3.9897 1.8968, -2.2343 -3.9968 2.2235, -2.2326 -4.0206 2.2233, -2.2634 -4.0274 2.5525, -2.2673 -4.0499 2.552, -2.2501 -4.0565 2.8807, -2.2589 -4.0774 2.8814, -2.1925 -4.0844 3.2116, -2.207 -4.1044 3.2152, -2.0906 -4.1116 3.5369, -2.107 -4.1261 3.5439, -1.9432 -4.1332 3.8464, -1.9608 -4.1432 3.8574, -1.7551 -4.1501 4.1313, -1.7738 -4.1552 4.1475, -1.5317 -4.1617 4.3873, 0.941 -3.9192 4.7638, 1.216 -3.8967 4.5408, 1.4993 -3.9181 4.355, 1.7526 -3.9347 4.134, 1.9796 -3.9466 3.8741, 1.2084 -3.8767 4.5279, 1.4879 -3.9036 4.3412, 1.7371 -3.9247 4.1202, 1.9588 -3.9415 3.8606, 1.2136 -3.7697 4.5322, 1.4767 -3.7962 4.3248, 1.7055 -3.8229 4.0898, 1.904 -3.8536 3.8232, 2.0681 -3.8832 3.5288, 2.192 -3.9114 3.2134, 2.2735 -3.9383 2.8855, 2.309 -3.9595 2.5533, 2.2983 -3.9762 2.2143, 2.2398 -3.9884 1.8706, 1.7461 -3.7535 4.1235, 1.9344 -3.773 3.8409, 2.0833 -3.7964 3.5338, 2.1987 -3.8044 3.2131, 2.2541 -3.8309 2.8809, 2.2651 -3.8577 2.5522, 2.2327 -3.8883 2.2235, 2.1563 -3.9178 1.8963, 2.0358 -3.946 1.5794, 1.8749 -3.973 1.2808, 1.6759 -3.9943 1.0095, 1.4414 -4.0109 0.7675, 1.1681 -4.023 0.5535, 2.3178 -3.7883 2.5497, 2.267 -3.8077 2.2161, 2.1709 -3.831 1.8897, 2.0406 -3.839 1.5746, 1.8574 -3.8656 1.2904, 1.6427 -3.8925 1.0382, 1.3991 -3.923 0.8186, 1.1236 -3.9524 0.6286, 0.8215 -3.9806 0.4752, 0.5006 -4.0077 0.3622, 0.1687 -4.0291 0.2952, -0.1668 -4.0456 0.2742, -0.5112 -4.0576 0.2995, 2.286 -3.795 2.2127, 2.1854 -3.8147 1.8847, 2.0411 -3.8382 1.5744, 1.8664 -3.8461 1.2836, 1.647 -3.8724 1.0337, 1.3997 -3.8991 0.817, 1.1213 -3.93 0.6317, 0.8179 -3.9596 0.4833, 0.497 -3.9877 0.3767, 0.1672 -4.0146 0.313, -0.1654 -4.0356 0.2949, -0.5059 -4.0525 0.3238, 1.4313 -3.8297 0.7746, 1.1373 -3.8494 0.6004, 0.822 -3.8728 0.4679, 0.4963 -3.8807 0.37, 0.1636 -3.9072 0.3325, -0.1643 -3.9338 0.3388, -0.4931 -3.9646 0.3889, -0.8169 -3.9942 0.4829, -1.1267 -4.0224 0.6202, -1.415 -4.0493 0.7959, -1.6736 -4.0704 1.0071, -1.9046 -4.0872 1.2559, -2.1046 -4.0994 1.5417, -0.1695 -3.8645 0.2863, -0.5024 -3.884 0.3549, -0.8242 -3.9074 0.4687, -1.1317 -3.9154 0.6156, -1.4045 -3.9419 0.8128, -1.6433 -3.9686 1.0388, -1.8514 -3.9993 1.2955, -2.0272 -4.0288 1.582, -2.1643 -4.057 1.8921, -2.2597 -4.084 2.2175, -2.3089 -4.1053 2.55, -2.3123 -4.1219 2.8872, -2.2683 -4.134 3.2318, -1.6825 -3.8993 1.0034, -1.8811 -3.9187 1.2766, -2.0422 -3.942 1.5765, -2.171 -3.95 1.8922, -2.2405 -3.9766 2.2229, -2.2651 -4.0035 2.5529, -2.2463 -4.034 2.8806, -2.1838 -4.0635 3.2096, -2.0768 -4.0916 3.5311, -1.9281 -4.1187 3.8369, -1.7393 -4.1401 4.1177, -1.5155 -4.1566 4.3685, -1.2525 -4.1686 4.5928, -0.8471 -3.7695 0.401, 2.1472 -3.6585 3.5659, -0.9242 -3.6943 4.7246, -0.9329 -3.6863 4.7452, -1.2416 -3.6792 4.5827, -2.1341 -3.6517 3.56, -2.2261 -3.6171 1.875, -1.4479 -3.5895 0.7593, -1.1609 -3.5825 0.5659, 0.8419 -3.5407 0.4144, 1.9131 -3.5132 1.2498, 2.0918 -3.5061 1.5481, 2.3226 -3.4785 2.8884, 2.2544 -3.4715 3.2279, 1.2448 -3.4369 4.5806, 0.7542 -3.4521 4.7638, 0.7291 -3.4627 4.7638, 0.913 -3.4665 4.6916, 0.6663 -3.5388 4.7638, 0.6748 -3.5492 4.7638, 0.9051 -3.5534 4.6777, 0.6795 -3.5535 4.7638, 0.7034 -3.5696 4.7638, 0.9082 -3.5743 4.686, 0.7055 -3.5711 4.7638, 0.7478 -3.5898 4.7638, 0.9138 -3.5943 4.6999, 0.8471 -3.6151 4.7638, 0.861 -3.6164 4.7638, 0.9288 -3.6188 4.7355, -0.8797 -3.8788 4.7638, -0.8619 -3.876 4.7638, -0.9322 -3.8754 4.7341, -0.6795 -3.7546 4.7638, -0.6885 -3.7485 4.7638, -0.9065 -3.7435 4.6815, -0.7055 -3.737 4.7638, -0.7252 -3.7283 4.7638, -0.9106 -3.7239 4.692, -0.7478 -3.7183 4.7638, -0.7755 -3.7112 4.7638, -0.9167 -3.7069 4.7068, -0.8889 -3.6891 4.7638, -0.8471 -3.693 4.7638, -0.83 -3.6973 4.7638, -0.6622 -3.7772 4.7638, -0.6663 -3.7692 4.7638, -0.9044 -3.7636 4.6757, -0.6748 -3.7589 4.7638, -0.6609 -3.793 4.7638, -0.6605 -3.7915 4.7638, -0.9041 -3.7875 4.674, -0.6603 -3.7886 4.7638, -0.6609 -3.7817 4.7638, -0.6718 -3.8133 4.7638, -0.6694 -3.8105 4.7638, -0.6633 -3.801 4.7638, -0.6624 -3.7989 4.7638, -0.91 -3.8309 4.6853, -0.7053 -3.8354 4.7638, -0.9061 -3.81 4.6773, -0.6943 -3.8307 4.7638, -0.6902 -3.8282 4.7638, -0.9237 -3.8654 4.7151, -0.8047 -3.8669 4.7638, -0.9163 -3.8509 4.6988, -0.7796 -3.8629 4.7638, -0.7542 -3.8559 4.7638, -0.9259 -3.8802 4.7638, 0.6622 -3.5308 4.7638, 0.9039 -3.5309 4.6741, 0.6609 -3.5264 4.7638, 0.6608 -3.5254 4.7638, 0.6633 -3.5071 4.7638, 0.6624 -3.5092 4.7638, 0.6605 -3.5165 4.7638, 0.6603 -3.5195 4.7638, 0.6902 -3.4799 4.7638, 0.6718 -3.4948 4.7638, 0.905 -3.507 4.6754, 0.6694 -3.4975 4.7638, 0.6668 -3.5016 4.7638, 0.9127 -3.4673 4.6911, 0.7272 -3.4635 4.7638, 0.9079 -3.4869 4.6809, 0.6943 -3.4773 4.7638, 0.7728 -3.447 4.7638, 0.8303 -3.4371 4.7638, 0.7796 -3.4452 4.7638, 0.9194 -3.4503 4.7056, 0.8888 -3.429 4.7638, 0.8797 -3.4293 4.7638, 0.9274 -3.4376 4.7232, 0.9364 -3.4297 4.7436, 1.5223 -3.4438 4.3764, 1.763 -3.4503 4.1381, 1.9696 -3.4572 3.8631, 2.1356 -3.4643 3.5565, 2.3402 -3.4851 2.5491, 2.308 -3.4918 2.2088, 2.2249 -3.4989 1.8714, 1.6961 -3.5199 0.9854, 1.4449 -3.5265 0.757, 1.1576 -3.5335 0.564, 0.5081 -3.5479 0.3136, 0.1674 -3.5547 0.2637, -0.1713 -3.5613 0.264, -0.5118 -3.5682 0.3144, -0.8455 -3.5753 0.4158, -1.6988 -3.5961 0.9882, -1.9153 -3.6028 1.253, -2.0935 -3.6099 1.5515, -2.3402 -3.6309 2.5529, -2.3222 -3.6375 2.8922, -2.2534 -3.6445 3.2316, -1.7605 -3.6657 4.141, -1.5194 -3.6723 4.3789, -0.941 -3.6842 4.7638, -1.2299 -3.6871 4.5637, -0.7271 -3.7275 4.7638, -0.9108 -3.7231 4.6925, -1.2198 -3.6997 4.5472, -1.505 -3.6802 4.3618, -1.2119 -3.716 4.5339, -1.4927 -3.6928 4.347, -1.7438 -3.6737 4.1262, -1.9676 -3.6589 3.8663, -1.2116 -3.7168 4.5334, -1.4829 -3.7091 4.3351, -1.7294 -3.6863 4.1133, -1.9489 -3.6668 3.8541, -1.206 -3.7363 4.5237, -1.4825 -3.7099 4.3346, -1.718 -3.7025 4.1029, -1.9328 -3.6794 3.8434, -2.1138 -3.6597 3.5507, -1.203 -3.7565 4.5182, -1.4755 -3.7294 4.3258, -1.7176 -3.7033 4.1025, -1.92 -3.6957 3.8348, -2.0963 -3.6723 3.5425, -2.2319 -3.6525 3.2254, -1.2025 -3.7803 4.5166, -1.4718 -3.7496 4.3208, -1.7094 -3.7229 4.0948, -1.9195 -3.6964 3.8344, -2.0823 -3.6885 3.5359, -2.2134 -3.6651 3.22, -2.3 -3.6455 2.8893, -1.2049 -3.8028 4.5196, -1.4711 -3.7734 4.3193, -1.705 -3.743 4.0904, -1.9102 -3.716 3.828, -2.0818 -3.6893 3.5356, -2.1987 -3.6813 3.2155, -2.2809 -3.6581 2.8866, -2.3179 -3.6389 2.5532, -2.3087 -3.6242 2.2126, -1.21 -3.8238 4.5268, -1.4739 -3.7959 4.3219, -1.704 -3.7669 4.0889, -1.9053 -3.7361 3.8243, -2.0717 -3.7089 3.5307, -2.1981 -3.6821 3.2153, -2.2656 -3.6743 2.8844, -2.2986 -3.6515 2.5534, -2.2866 -3.6321 2.2161, -1.2183 -3.8437 4.5393, -1.48 -3.8169 4.3283, -1.7072 -3.7894 4.0911, -1.9041 -3.76 3.823, -2.0662 -3.729 3.5278, -2.1874 -3.7017 3.2119, -2.2651 -3.6751 2.8843, -2.2832 -3.6677 2.5534, -2.2675 -3.6447 2.2191, -2.2048 -3.6251 1.8818, -1.228 -3.8583 4.5543, -1.49 -3.8368 4.3395, -1.7141 -3.8103 4.0966, -1.9076 -3.7825 3.8247, -2.0649 -3.7529 3.5267, -2.1815 -3.7218 3.2099, -2.254 -3.6947 2.8825, -2.2826 -3.6685 2.5534, -2.2523 -3.661 2.2213, -2.1864 -3.6377 1.8875, -2.0735 -3.6178 1.5614, -0.9422 -3.8805 4.7568, -1.2392 -3.8683 4.5718, -1.5018 -3.8514 4.3528, -1.7257 -3.8303 4.1062, -1.9152 -3.8035 3.8292, -2.0685 -3.7754 3.5278, -2.18 -3.7457 3.209, -2.2479 -3.7148 2.8813, -2.2713 -3.6881 2.5532, -2.2517 -3.6618 2.2214, -2.1716 -3.6539 1.892, -2.0561 -3.6305 1.5698, -1.897 -3.6108 1.2657, 0.9259 -3.6225 4.7638, 0.9386 -3.6239 4.7584, 1.2492 -3.631 4.5949, 0.8062 -3.6047 4.7638, 0.9207 -3.6088 4.7164, 1.2252 -3.6159 4.5561, 1.2361 -3.6259 4.5738, 1.5127 -3.6328 4.3709, 1.5287 -3.6379 4.3899, 1.7713 -3.6445 4.1505, 1.2024 -3.538 4.5167, 1.204 -3.5605 4.5201, 1.4731 -3.5674 4.3226, 1.4785 -3.5883 4.3296, 1.7129 -3.5949 4.0981, 1.7239 -3.6149 4.1082, 1.9266 -3.6217 3.8392, 1.9414 -3.6362 3.8491, 2.1057 -3.6434 3.5469, 2.1245 -3.6534 3.5556, 2.2433 -3.6606 3.2287, 2.2672 -3.6657 3.2355, 2.3364 -3.6727 2.894, 1.2073 -3.494 4.5229, 1.2036 -3.5141 4.5178, 1.4724 -3.521 4.3204, 1.4709 -3.5449 4.3194, 1.7039 -3.5515 4.0891, 1.7065 -3.5739 4.0919, 1.907 -3.5808 3.8257, 1.9142 -3.6017 3.8308, 2.076 -3.6089 3.5328, 2.0895 -3.6289 3.5393, 2.2063 -3.6361 3.2178, 2.2234 -3.6506 3.2229, 2.2912 -3.6576 2.888, 2.3118 -3.6676 2.8908, 2.3298 -3.6742 2.5531, 2.3546 -3.6793 2.5527, 2.3228 -3.686 2.2103, 1.2224 -3.4574 4.5456, 1.2139 -3.4736 4.5327, 1.4847 -3.4805 4.3335, 1.4843 -3.4813 4.3331, 1.7191 -3.4879 4.1007, 1.7104 -3.5075 4.0936, 1.9111 -3.5143 3.8267, 1.9057 -3.5344 3.8237, 2.0665 -3.5416 3.5271, 2.0648 -3.5655 3.5268, 2.18 -3.5727 3.2092, 2.1835 -3.5951 3.2106, 2.25 -3.6021 2.8818, 2.2587 -3.6231 2.8833, 2.2762 -3.6297 2.5533, 2.2911 -3.6497 2.5534, 2.2601 -3.6564 2.2202, 2.2778 -3.6709 2.2175, 2.1963 -3.678 1.8844, 2.2161 -3.688 1.8782, 2.0841 -3.6952 1.5562, 2.1064 -3.7003 1.5451, 1.9271 -3.7074 1.2447, 1.2328 -3.4448 4.5618, 1.5077 -3.4517 4.3596, 1.495 -3.4643 4.3451, 1.7314 -3.4708 4.111, 1.7196 -3.4871 4.1011, 1.9213 -3.4939 3.8328, 1.9207 -3.4947 3.8325, 2.0827 -3.5019 3.5335, 2.0723 -3.5215 3.5293, 2.1878 -3.5287 3.2104, 2.1817 -3.5488 3.2092, 2.2479 -3.5558 2.8806, 2.2462 -3.5797 2.8808, 2.2635 -3.5863 2.5527, 2.2673 -3.6087 2.5531, 2.2365 -3.6155 2.2233, 2.2453 -3.6364 2.2223, 2.1649 -3.6435 1.894, 2.1792 -3.6635 1.8897, 2.0494 -3.6707 1.5731, 2.0655 -3.6852 1.5653, 1.8896 -3.6923 1.2707, 1.9067 -3.7023 1.2589, 1.6911 -3.709 0.9953, 1.7092 -3.7141 0.9783, 1.4569 -3.7207 0.7481, 1.9508 -3.4651 3.8511, 2.1152 -3.4722 3.5475, 2.0975 -3.4849 3.5398, 2.2142 -3.492 3.2171, 2.1993 -3.5083 3.2132, 2.2659 -3.5153 2.882, 2.2653 -3.5161 2.882, 2.2825 -3.5227 2.551, 2.2713 -3.5423 2.5516, 2.2403 -3.549 2.2214, 2.2342 -3.5691 2.2228, 2.154 -3.5762 1.8961, 2.1525 -3.6001 1.8971, 2.0241 -3.6073 1.5843, 2.0277 -3.6298 1.583, 1.8549 -3.6368 1.2938, 1.8624 -3.6578 1.2891, 1.6516 -3.6645 1.0316, 1.6628 -3.6845 1.0216, 1.4172 -3.6911 0.7976, 1.4284 -3.7056 0.7838, 1.1452 -3.7126 0.593, 1.1557 -3.7226 0.575, 0.8417 -3.7298 0.4255, 0.8507 -3.7349 0.4024, 0.515 -3.742 0.3004, 2.2329 -3.4794 3.2221, 2.3005 -3.4864 2.8858, 2.2813 -3.499 2.8836, 2.2985 -3.5056 2.5504, 2.2831 -3.5219 2.551, 2.2519 -3.5286 2.219, 2.2513 -3.5294 2.2191, 2.1703 -3.5365 1.8899, 2.1597 -3.5561 1.8938, 2.0307 -3.5633 1.58, 2.0254 -3.5834 1.5831, 1.8526 -3.5905 1.2943, 1.8515 -3.6144 1.2957, 1.6419 -3.6211 1.0397, 1.6449 -3.6436 1.0374, 1.4018 -3.6502 0.8158, 1.4076 -3.6711 0.8091, 1.1284 -3.6781 0.6211, 1.1361 -3.6981 0.6083, 0.8273 -3.7053 0.4614, 0.834 -3.7198 0.4448, 0.5048 -3.7269 0.3448, 0.5095 -3.737 0.3246, 0.1704 -3.7438 0.2745, 0.1723 -3.7489 0.2497, -0.1684 -3.7555 0.2494, 2.2037 -3.5068 1.8784, 2.0719 -3.514 1.5583, 2.0548 -3.5267 1.5671, 1.8793 -3.5337 1.2741, 1.8669 -3.55 1.2833, 1.6553 -3.5567 1.0252, 1.6548 -3.5575 1.0256, 1.4099 -3.5641 0.8028, 1.4032 -3.5837 0.8118, 1.1245 -3.5907 0.6245, 1.1217 -3.6108 0.63, 0.8163 -3.618 0.485, 0.8161 -3.6419 0.4867, 0.4933 -3.649 0.3889, 0.4946 -3.6715 0.3853, 0.1646 -3.6784 0.3367, 0.1657 -3.6993 0.3279, -0.1638 -3.7059 0.3277, -0.1644 -3.7258 0.3128, -0.4979 -3.7327 0.3616, -0.5015 -3.7472 0.3441, -0.8309 -3.7544 0.4437, -0.8382 -3.7644 0.4242, -1.1525 -3.7716 0.5732, -1.1647 -3.7767 0.5515, -1.4538 -3.7837 0.7456, 1.895 -3.5211 1.2628, 1.6801 -3.5279 1.0009, 1.6662 -3.5405 1.0143, 1.4195 -3.5471 0.79, 1.4102 -3.5633 0.8023, 1.13 -3.5703 0.614, 1.1297 -3.5711 0.6145, 0.8218 -3.5783 0.4685, 0.8181 -3.5979 0.4791, 0.4942 -3.605 0.3811, 0.4932 -3.6251 0.3872, 0.1635 -3.632 0.3388, 0.1639 -3.6559 0.3405, -0.1637 -3.6625 0.3404, -0.1635 -3.6849 0.3366, -0.4935 -3.6918 0.385, -0.4951 -3.7127 0.3763, -0.8197 -3.7199 0.4745, -0.8247 -3.7399 0.4604, -1.1337 -3.7471 0.607, -1.1423 -3.7616 0.5913, -1.4258 -3.7686 0.7817, -1.4385 -3.7786 0.7652, -1.6886 -3.7852 0.9926, -1.7065 -3.7903 0.9755, -1.9249 -3.797 1.2415, 1.1467 -3.5415 0.5835, 0.834 -3.5486 0.4353, 0.8273 -3.5613 0.4534, 0.4994 -3.5684 0.3543, 0.4964 -3.5846 0.3694, 0.1641 -3.5915 0.3207, 0.164 -3.5923 0.3213, -0.1663 -3.5989 0.3215, -0.1651 -3.6184 0.3327, -0.4957 -3.6253 0.3814, -0.494 -3.6454 0.3874, -0.817 -3.6526 0.4853, -0.8159 -3.6765 0.4867, -1.1211 -3.6837 0.6316, -1.1227 -3.7061 0.6281, -1.4009 -3.7131 0.8152, -1.4061 -3.7341 0.8079, -1.6503 -3.7407 1.0302, -1.6609 -3.7606 1.0196, -1.8733 -3.7674 1.2786, -1.8877 -3.7819 1.268, -2.064 -3.789 1.5624, -2.0825 -3.799 1.5529, -2.215 -3.8062 1.8747, -2.2386 -3.8113 1.8669, -2.3222 -3.8184 2.2064, 0.5034 -3.5558 0.3354, 0.166 -3.5627 0.286, 0.1648 -3.5753 0.3053, -0.1678 -3.5818 0.3055, -0.1664 -3.5981 0.3209, -0.4987 -3.6049 0.3699, -0.4985 -3.6057 0.3705, -0.824 -3.6129 0.4693, -0.8196 -3.6325 0.4796, -1.1258 -3.6397 0.6252, -1.1224 -3.6598 0.6304, -1.4003 -3.6668 0.8174, -1.3989 -3.6907 0.8184, -1.6417 -3.6973 1.0396, -1.6442 -3.7197 1.0366, -1.8543 -3.7265 1.2929, -1.8613 -3.7474 1.2875, -2.0349 -3.7545 1.5777, -2.0482 -3.7745 1.5706, -2.1784 -3.7817 1.8871, -2.1953 -3.7962 1.8813, -2.2772 -3.8033 2.2143, -2.2977 -3.8133 2.2106, -2.3297 -3.82 2.5494, -2.3545 -3.8251 2.5488, -2.3369 -3.8317 2.8902, -0.5068 -3.5761 0.3362, -0.8373 -3.5832 0.4366, -0.8301 -3.5959 0.4545, -1.1399 -3.6031 0.6019, -1.132 -3.6193 0.6151, -1.4121 -3.6263 0.8037, -1.4117 -3.6271 0.8042, -1.6564 -3.6337 1.0273, -1.648 -3.6532 1.0348, -1.8583 -3.66 1.2917, -1.853 -3.6801 1.2949, -2.0257 -3.6872 1.5838, -2.024 -3.7111 1.5841, -2.1525 -3.7183 1.8969, -2.156 -3.7408 1.8953, -2.2363 -3.7478 2.2223, -2.245 -3.7688 2.2204, -2.2761 -3.7755 2.5514, -2.2911 -3.7955 2.5507, -2.2739 -3.8021 2.8828, -2.2916 -3.8166 2.8848, -2.2243 -3.8236 3.2197, -2.2443 -3.8336 3.2252, -2.1261 -3.8408 3.5523, -2.1488 -3.8459 3.5623, -1.9818 -3.853 3.8708, -1.1497 -3.5904 0.5853, -1.434 -3.5974 0.7768, -1.4219 -3.61 0.7918, -1.6683 -3.6166 1.0165, -1.6569 -3.6329 1.0269, -1.8683 -3.6396 1.2852, -1.8678 -3.6404 1.2855, -2.0416 -3.6475 1.5767, -2.0314 -3.6671 1.5814, -2.1602 -3.6743 1.8953, -2.1542 -3.6944 1.8968, -2.2343 -3.7015 2.2235, -2.2326 -3.7254 2.2233, -2.2634 -3.7321 2.5525, -2.2673 -3.7546 2.552, -2.2501 -3.7612 2.8807, -2.2589 -3.7821 2.8814, -2.1925 -3.7891 3.2116, -2.207 -3.8091 3.2152, -2.0906 -3.8163 3.5369, -2.107 -3.8308 3.5439, -1.9432 -3.838 3.8464, -1.9608 -3.848 3.8574, -1.7551 -3.8548 4.1313, -1.7738 -3.8599 4.1475, -1.5317 -3.8664 4.3873, 0.941 -3.6239 4.7638, 1.216 -3.6014 4.5408, 1.4993 -3.6228 4.355, 1.7526 -3.6394 4.134, 1.9796 -3.6513 3.8741, 1.2084 -3.5814 4.5279, 1.4879 -3.6083 4.3412, 1.7371 -3.6294 4.1202, 1.9588 -3.6462 3.8606, 1.2136 -3.4744 4.5322, 1.4767 -3.5009 4.3248, 1.7055 -3.5276 4.0898, 1.904 -3.5583 3.8232, 2.0681 -3.588 3.5288, 2.192 -3.6161 3.2134, 2.2735 -3.6431 2.8855, 2.309 -3.6642 2.5533, 2.2983 -3.6809 2.2143, 2.2398 -3.6931 1.8706, 1.7461 -3.4582 4.1235, 1.9344 -3.4777 3.8409, 2.0833 -3.5011 3.5338, 2.1987 -3.5091 3.2131, 2.2541 -3.5357 2.8809, 2.2651 -3.5624 2.5522, 2.2327 -3.593 2.2235, 2.1563 -3.6226 1.8963, 2.0358 -3.6507 1.5794, 1.8749 -3.6778 1.2808, 1.6759 -3.699 1.0095, 1.4414 -3.7156 0.7675, 1.1681 -3.7277 0.5535, 2.3178 -3.493 2.5497, 2.267 -3.5124 2.2161, 2.1709 -3.5357 1.8897, 2.0406 -3.5437 1.5746, 1.8574 -3.5704 1.2904, 1.6427 -3.5972 1.0382, 1.3991 -3.6277 0.8186, 1.1236 -3.6572 0.6286, 0.8215 -3.6853 0.4752, 0.5006 -3.7124 0.3622, 0.1687 -3.7338 0.2952, -0.1668 -3.7504 0.2742, -0.5112 -3.7623 0.2995, 2.286 -3.4998 2.2127, 2.1854 -3.5195 1.8847, 2.0411 -3.5429 1.5744, 1.8664 -3.5508 1.2836, 1.647 -3.5771 1.0337, 1.3997 -3.6038 0.817, 1.1213 -3.6347 0.6317, 0.8179 -3.6644 0.4833, 0.497 -3.6924 0.3767, 0.1672 -3.7193 0.313, -0.1654 -3.7404 0.2949, -0.5059 -3.7573 0.3238, 1.4313 -3.5345 0.7746, 1.1373 -3.5541 0.6004, 0.822 -3.5775 0.4679, 0.4963 -3.5854 0.37, 0.1636 -3.6119 0.3325, -0.1643 -3.6386 0.3388, -0.4931 -3.6693 0.3889, -0.8169 -3.699 0.4829, -1.1267 -3.7271 0.6202, -1.415 -3.7541 0.7959, -1.6736 -3.7752 1.0071, -1.9046 -3.7919 1.2559, -2.1046 -3.8041 1.5417, -0.1695 -3.5692 0.2863, -0.5024 -3.5887 0.3549, -0.8242 -3.6121 0.4687, -1.1317 -3.6201 0.6156, -1.4045 -3.6467 0.8128, -1.6433 -3.6734 1.0388, -1.8514 -3.704 1.2955, -2.0272 -3.7336 1.582, -2.1643 -3.7617 1.8921, -2.2597 -3.7888 2.2175, -2.3089 -3.81 2.55, -2.3123 -3.8266 2.8872, -2.2683 -3.8387 3.2318, -1.6825 -3.604 1.0034, -1.8811 -3.6234 1.2766, -2.0422 -3.6467 1.5765, -2.171 -3.6547 1.8922, -2.2405 -3.6814 2.2229, -2.2651 -3.7082 2.5529, -2.2463 -3.7387 2.8806, -2.1838 -3.7682 3.2096, -2.0768 -3.7963 3.5311, -1.9281 -3.8234 3.8369, -1.7393 -3.8448 4.1177, -1.5155 -3.8614 4.3685, -1.2525 -3.8733 4.5928, -0.8471 -3.4742 0.401, 2.1472 -3.3632 3.5659, -0.9242 -3.399 4.7246, -0.9329 -3.3911 4.7452, -1.2416 -3.3839 4.5827, -2.2261 -3.3218 1.875, -1.4479 -3.2942 0.7593, -1.1609 -3.2872 0.5659, 0.5081 -3.2526 0.3136, 1.9131 -3.2179 1.2498, 2.2544 -3.1762 3.2279, 0.7542 -3.1569 4.7638, 0.7291 -3.1674 4.7638, 0.913 -3.1712 4.6916, 0.6663 -3.2436 4.7638, 0.6748 -3.2539 4.7638, 0.9051 -3.2581 4.6777, 0.6795 -3.2583 4.7638, 0.7034 -3.2744 4.7638, 0.9082 -3.279 4.686, 0.7055 -3.2758 4.7638, 0.7478 -3.2945 4.7638, 0.9138 -3.299 4.6999, 0.8471 -3.3198 4.7638, 0.861 -3.3211 4.7638, 0.9288 -3.3235 4.7355, -0.8797 -3.5835 4.7638, -0.8619 -3.5807 4.7638, -0.9322 -3.5801 4.7341, -0.6795 -3.4593 4.7638, -0.6885 -3.4532 4.7638, -0.9065 -3.4482 4.6815, -0.7055 -3.4417 4.7638, -0.7252 -3.433 4.7638, -0.9106 -3.4286 4.692, -0.7478 -3.423 4.7638, -0.7755 -3.416 4.7638, -0.9167 -3.4116 4.7068, 1.2448 -3.1416 4.5806, 0.9364 -3.1344 4.7436, 1.5223 -3.1485 4.3764, 1.763 -3.155 4.1381, -0.8889 -3.3938 4.7638, -0.8471 -3.3977 4.7638, -0.83 -3.4021 4.7638, -0.6622 -3.482 4.7638, -0.6663 -3.474 4.7638, -0.9044 -3.4683 4.6757, -0.6748 -3.4636 4.7638, -0.6609 -3.4977 4.7638, -0.6605 -3.4963 4.7638, -0.9041 -3.4922 4.674, -0.6603 -3.4933 4.7638, -0.6609 -3.4864 4.7638, -0.6718 -3.518 4.7638, -0.6694 -3.5153 4.7638, -0.6633 -3.5057 4.7638, -0.6624 -3.5036 4.7638, -0.91 -3.5356 4.6853, -0.7053 -3.5401 4.7638, -0.9061 -3.5147 4.6773, -0.6943 -3.5355 4.7638, -0.6902 -3.533 4.7638, -0.9237 -3.5701 4.7151, -0.8047 -3.5716 4.7638, -0.9163 -3.5556 4.6988, -0.7796 -3.5676 4.7638, -0.7542 -3.5607 4.7638, -0.9259 -3.5849 4.7638, 0.6622 -3.2356 4.7638, 0.9039 -3.2356 4.6741, 0.6609 -3.2311 4.7638, 0.6608 -3.2301 4.7638, 0.6633 -3.2118 4.7638, 0.6624 -3.2139 4.7638, 0.6605 -3.2213 4.7638, 0.6603 -3.2242 4.7638, 0.6902 -3.1846 4.7638, 0.6718 -3.1995 4.7638, 0.905 -3.2117 4.6754, 0.6694 -3.2023 4.7638, 0.6668 -3.2063 4.7638, 0.9127 -3.172 4.6911, 0.7272 -3.1682 4.7638, 0.9079 -3.1916 4.6809, 0.6943 -3.1821 4.7638, 0.7728 -3.1517 4.7638, 0.8303 -3.1418 4.7638, 0.7796 -3.1499 4.7638, 0.9194 -3.155 4.7056, 0.8888 -3.1335 4.7638, 0.8787 -3.1341 4.7638, 0.9274 -3.1424 4.7232, 1.9696 -3.1619 3.8631, 2.1356 -3.169 3.5565, 2.3226 -3.1832 2.8884, 2.3402 -3.1898 2.5491, 2.308 -3.1966 2.2088, 2.2249 -3.2036 1.8714, 2.0918 -3.2108 1.5481, 1.6961 -3.2247 0.9854, 1.4449 -3.2313 0.757, 1.1576 -3.2383 0.564, 0.8419 -3.2454 0.4144, -0.1713 -3.266 0.264, -0.5118 -3.2729 0.3144, -0.8455 -3.28 0.4158, -1.6988 -3.3008 0.9882, -1.9153 -3.3076 1.253, -2.0935 -3.3146 1.5515, -2.3402 -3.3357 2.5529, -2.3222 -3.3423 2.8922, -2.2534 -3.3493 3.2316, -1.9676 -3.3636 3.8663, -1.7605 -3.3705 4.141, -1.5194 -3.377 4.3789, -0.941 -3.3889 4.7638, -1.2299 -3.3918 4.5637, -0.7271 -3.4322 4.7638, -0.9108 -3.4278 4.6925, -1.2198 -3.4044 4.5472, -1.505 -3.3849 4.3618, -1.2119 -3.4207 4.5339, -1.4927 -3.3975 4.347, -1.7438 -3.3784 4.1262, -1.2116 -3.4215 4.5334, -1.4829 -3.4138 4.3351, -1.7294 -3.391 4.1133, -1.9489 -3.3715 3.8541, -2.1341 -3.3565 3.56, -1.206 -3.4411 4.5237, -1.4825 -3.4146 4.3346, -1.718 -3.4072 4.1029, -1.9328 -3.3841 3.8434, -2.1138 -3.3644 3.5507, -1.203 -3.4612 4.5182, -1.4755 -3.4342 4.3258, -1.7176 -3.408 4.1025, -1.92 -3.4004 3.8348, -2.0963 -3.377 3.5425, -2.2319 -3.3572 3.2254, -1.2025 -3.4851 4.5166, -1.4718 -3.4543 4.3208, -1.7094 -3.4276 4.0948, -1.9195 -3.4012 3.8344, -2.0823 -3.3932 3.5359, -2.2134 -3.3698 3.22, -2.3 -3.3502 2.8893, -1.2049 -3.5075 4.5196, -1.4711 -3.4782 4.3193, -1.705 -3.4477 4.0904, -1.9102 -3.4208 3.828, -2.0818 -3.394 3.5356, -2.1987 -3.386 3.2155, -2.2809 -3.3628 2.8866, -2.3179 -3.3436 2.5532, -2.3087 -3.3289 2.2126, -1.21 -3.5285 4.5268, -1.4739 -3.5006 4.3219, -1.704 -3.4716 4.0889, -1.9053 -3.4409 3.8243, -2.0717 -3.4136 3.5307, -2.1981 -3.3868 3.2153, -2.2656 -3.379 2.8844, -2.2986 -3.3562 2.5534, -2.2866 -3.3369 2.2161, -1.2183 -3.5485 4.5393, -1.48 -3.5216 4.3283, -1.7072 -3.4941 4.0911, -1.9041 -3.4648 3.823, -2.0662 -3.4337 3.5278, -2.1874 -3.4064 3.2119, -2.2651 -3.3798 2.8843, -2.2832 -3.3724 2.5534, -2.2675 -3.3495 2.2191, -2.2048 -3.3298 1.8818, -1.228 -3.563 4.5543, -1.49 -3.5416 4.3395, -1.7141 -3.515 4.0966, -1.9076 -3.4872 3.8247, -2.0649 -3.4576 3.5267, -2.1815 -3.4265 3.2099, -2.254 -3.3994 2.8825, -2.2826 -3.3732 2.5534, -2.2523 -3.3657 2.2213, -2.1864 -3.3424 1.8875, -2.0735 -3.3226 1.5614, -0.9422 -3.5852 4.7568, -1.2392 -3.573 4.5718, -1.5018 -3.5561 4.3528, -1.7257 -3.535 4.1062, -1.9152 -3.5082 3.8292, -2.0685 -3.4801 3.5278, -2.18 -3.4504 3.209, -2.2479 -3.4195 2.8813, -2.2713 -3.3928 2.5532, -2.2517 -3.3665 2.2214, -2.1716 -3.3586 1.892, -2.0561 -3.3352 1.5698, -1.897 -3.3155 1.2657, 0.9259 -3.3272 4.7638, 0.9386 -3.3286 4.7584, 1.2492 -3.3358 4.5949, 0.8062 -3.3094 4.7638, 0.9207 -3.3135 4.7164, 1.2252 -3.3207 4.5561, 1.2361 -3.3307 4.5738, 1.5127 -3.3376 4.3709, 1.5287 -3.3426 4.3899, 1.7713 -3.3492 4.1505, 1.2024 -3.2428 4.5167, 1.204 -3.2652 4.5201, 1.4731 -3.2721 4.3226, 1.4785 -3.2931 4.3296, 1.7129 -3.2996 4.0981, 1.7239 -3.3196 4.1082, 1.9266 -3.3264 3.8392, 1.9414 -3.341 3.8491, 2.1057 -3.3481 3.5469, 2.1245 -3.3581 3.5556, 2.2433 -3.3653 3.2287, 2.2672 -3.3704 3.2355, 2.3364 -3.3774 2.894, 1.2073 -3.1987 4.5229, 1.2036 -3.2189 4.5178, 1.4724 -3.2258 4.3204, 1.4709 -3.2496 4.3194, 1.7039 -3.2562 4.0891, 1.7065 -3.2787 4.0919, 1.907 -3.2855 3.8257, 1.9142 -3.3065 3.8308, 2.076 -3.3136 3.5328, 2.0895 -3.3336 3.5393, 2.2063 -3.3408 3.2178, 2.2234 -3.3553 3.2229, 2.2912 -3.3623 2.888, 2.3118 -3.3723 2.8908, 2.3298 -3.3789 2.5531, 2.3546 -3.384 2.5527, 2.3228 -3.3907 2.2103, 1.2224 -3.1621 4.5456, 1.2139 -3.1784 4.5327, 1.4847 -3.1853 4.3335, 1.4843 -3.1861 4.3331, 1.7191 -3.1926 4.1007, 1.7104 -3.2122 4.0936, 1.9111 -3.219 3.8267, 1.9057 -3.2392 3.8237, 2.0665 -3.2463 3.5271, 2.0648 -3.2702 3.5268, 2.18 -3.2774 3.2092, 2.1835 -3.2999 3.2106, 2.25 -3.3069 2.8818, 2.2587 -3.3278 2.8833, 2.2762 -3.3344 2.5533, 2.2911 -3.3544 2.5534, 2.2601 -3.3611 2.2202, 2.2778 -3.3756 2.2175, 2.1963 -3.3827 1.8844, 2.2161 -3.3927 1.8782, 2.0841 -3.3999 1.5562, 2.1064 -3.405 1.5451, 1.9271 -3.4121 1.2447, 1.2328 -3.1495 4.5618, 1.5077 -3.1564 4.3596, 1.495 -3.169 4.3451, 1.7314 -3.1756 4.111, 1.7196 -3.1918 4.1011, 1.9213 -3.1987 3.8328, 1.9207 -3.1995 3.8325, 2.0827 -3.2066 3.5335, 2.0723 -3.2262 3.5293, 2.1878 -3.2334 3.2104, 2.1817 -3.2535 3.2092, 2.2479 -3.2605 2.8806, 2.2462 -3.2844 2.8808, 2.2635 -3.291 2.5527, 2.2673 -3.3135 2.5531, 2.2365 -3.3202 2.2233, 2.2453 -3.3411 2.2223, 2.1649 -3.3482 1.894, 2.1792 -3.3682 1.8897, 2.0494 -3.3754 1.5731, 2.0655 -3.3899 1.5653, 1.8896 -3.397 1.2707, 1.9067 -3.407 1.2589, 1.6911 -3.4138 0.9953, 1.7092 -3.4188 0.9783, 1.4569 -3.4254 0.7481, 1.9508 -3.1698 3.8511, 2.1152 -3.177 3.5475, 2.0975 -3.1896 3.5398, 2.2142 -3.1968 3.2171, 2.1993 -3.213 3.2132, 2.2659 -3.22 2.882, 2.2653 -3.2208 2.882, 2.2825 -3.2274 2.551, 2.2713 -3.247 2.5516, 2.2403 -3.2537 2.2214, 2.2342 -3.2738 2.2228, 2.154 -3.2809 1.8961, 2.1525 -3.3048 1.8971, 2.0241 -3.312 1.5843, 2.0277 -3.3345 1.583, 1.8549 -3.3416 1.2938, 1.8624 -3.3625 1.2891, 1.6516 -3.3693 1.0316, 1.6628 -3.3892 1.0216, 1.4172 -3.3958 0.7976, 1.4284 -3.4103 0.7838, 1.1452 -3.4173 0.593, 1.1557 -3.4273 0.575, 0.8417 -3.4345 0.4255, 0.8507 -3.4396 0.4024, 0.515 -3.4468 0.3004, 2.2329 -3.1841 3.2221, 2.3005 -3.1912 2.8858, 2.2813 -3.2038 2.8836, 2.2985 -3.2104 2.5504, 2.2831 -3.2266 2.551, 2.2519 -3.2333 2.219, 2.2513 -3.2341 2.2191, 2.1703 -3.2412 1.8899, 2.1597 -3.2608 1.8938, 2.0307 -3.268 1.58, 2.0254 -3.2881 1.5831, 1.8526 -3.2952 1.2943, 1.8515 -3.3191 1.2957, 1.6419 -3.3258 1.0397, 1.6449 -3.3483 1.0374, 1.4018 -3.3549 0.8158, 1.4076 -3.3758 0.8091, 1.1284 -3.3828 0.6211, 1.1361 -3.4028 0.6083, 0.8273 -3.41 0.4614, 0.834 -3.4245 0.4448, 0.5048 -3.4317 0.3448, 0.5095 -3.4417 0.3246, 0.1704 -3.4486 0.2745, 0.1723 -3.4536 0.2497, -0.1684 -3.4602 0.2494, 2.2037 -3.2116 1.8784, 2.0719 -3.2188 1.5583, 2.0548 -3.2314 1.5671, 1.8793 -3.2385 1.2741, 1.8669 -3.2547 1.2833, 1.6553 -3.2615 1.0252, 1.6548 -3.2622 1.0256, 1.4099 -3.2688 0.8028, 1.4032 -3.2884 0.8118, 1.1245 -3.2954 0.6245, 1.1217 -3.3155 0.63, 0.8163 -3.3227 0.485, 0.8161 -3.3466 0.4867, 0.4933 -3.3538 0.3889, 0.4946 -3.3762 0.3853, 0.1646 -3.3831 0.3367, 0.1657 -3.4041 0.3279, -0.1638 -3.4106 0.3277, -0.1644 -3.4306 0.3128, -0.4979 -3.4374 0.3616, -0.5015 -3.452 0.3441, -0.8309 -3.4591 0.4437, -0.8382 -3.4691 0.4242, -1.1525 -3.4763 0.5732, -1.1647 -3.4814 0.5515, -1.4538 -3.4884 0.7456, 1.895 -3.2259 1.2628, 1.6801 -3.2326 1.0009, 1.6662 -3.2452 1.0143, 1.4195 -3.2518 0.79, 1.4102 -3.268 0.8023, 1.13 -3.275 0.614, 1.1297 -3.2758 0.6145, 0.8218 -3.283 0.4685, 0.8181 -3.3026 0.4791, 0.4942 -3.3098 0.3811, 0.4932 -3.3299 0.3872, 0.1635 -3.3367 0.3388, 0.1639 -3.3606 0.3405, -0.1637 -3.3672 0.3404, -0.1635 -3.3897 0.3366, -0.4935 -3.3965 0.385, -0.4951 -3.4175 0.3763, -0.8197 -3.4246 0.4745, -0.8247 -3.4446 0.4604, -1.1337 -3.4518 0.607, -1.1423 -3.4663 0.5913, -1.4258 -3.4733 0.7817, -1.4385 -3.4833 0.7652, -1.6886 -3.4899 0.9926, -1.7065 -3.495 0.9755, -1.9249 -3.5017 1.2415, 1.1467 -3.2462 0.5835, 0.834 -3.2534 0.4353, 0.8273 -3.266 0.4534, 0.4994 -3.2731 0.3543, 0.4964 -3.2894 0.3694, 0.1641 -3.2962 0.3207, 0.164 -3.297 0.3213, -0.1663 -3.3036 0.3215, -0.1651 -3.3232 0.3327, -0.4957 -3.3301 0.3814, -0.494 -3.3502 0.3874, -0.817 -3.3573 0.4853, -0.8159 -3.3812 0.4867, -1.1211 -3.3884 0.6316, -1.1227 -3.4109 0.6281, -1.4009 -3.4179 0.8152, -1.4061 -3.4388 0.8079, -1.6503 -3.4454 1.0302, -1.6609 -3.4654 1.0196, -1.8733 -3.4721 1.2786, -1.8877 -3.4866 1.268, -2.064 -3.4937 1.5624, -2.0825 -3.5037 1.5529, -2.215 -3.5109 1.8747, -2.2386 -3.516 1.8669, -2.3222 -3.5231 2.2064, 0.5034 -3.2605 0.3354, 0.166 -3.2674 0.286, 0.1648 -3.28 0.3053, -0.1678 -3.2866 0.3055, -0.1664 -3.3028 0.3209, -0.4987 -3.3097 0.3699, -0.4985 -3.3105 0.3705, -0.824 -3.3176 0.4693, -0.8196 -3.3372 0.4796, -1.1258 -3.3444 0.6252, -1.1224 -3.3645 0.6304, -1.4003 -3.3715 0.8174, -1.3989 -3.3954 0.8184, -1.6417 -3.402 1.0396, -1.6442 -3.4245 1.0366, -1.8543 -3.4312 1.2929, -1.8613 -3.4521 1.2875, -2.0349 -3.4592 1.5777, -2.0482 -3.4792 1.5706, -2.1784 -3.4864 1.8871, -2.1953 -3.5009 1.8813, -2.2772 -3.508 2.2143, -2.2977 -3.518 2.2106, -2.3297 -3.5247 2.5494, -2.3545 -3.5298 2.5488, -2.3369 -3.5364 2.8902, -0.5068 -3.2808 0.3362, -0.8373 -3.288 0.4366, -0.8301 -3.3006 0.4545, -1.1399 -3.3078 0.6019, -1.132 -3.324 0.6151, -1.4121 -3.331 0.8037, -1.4117 -3.3318 0.8042, -1.6564 -3.3384 1.0273, -1.648 -3.358 1.0348, -1.8583 -3.3647 1.2917, -1.853 -3.3848 1.2949, -2.0257 -3.3919 1.5838, -2.024 -3.4158 1.5841, -2.1525 -3.423 1.8969, -2.156 -3.4455 1.8953, -2.2363 -3.4526 2.2223, -2.245 -3.4735 2.2204, -2.2761 -3.4802 2.5514, -2.2911 -3.5002 2.5507, -2.2739 -3.5068 2.8828, -2.2916 -3.5213 2.8848, -2.2243 -3.5283 3.2197, -2.2443 -3.5383 3.2252, -2.1261 -3.5455 3.5523, -2.1488 -3.5506 3.5623, -1.9818 -3.5578 3.8708, -1.1497 -3.2952 0.5853, -1.434 -3.3021 0.7768, -1.4219 -3.3148 0.7918, -1.6683 -3.3214 1.0165, -1.6569 -3.3376 1.0269, -1.8683 -3.3443 1.2852, -1.8678 -3.3451 1.2855, -2.0416 -3.3522 1.5767, -2.0314 -3.3718 1.5814, -2.1602 -3.379 1.8953, -2.1542 -3.3991 1.8968, -2.2343 -3.4062 2.2235, -2.2326 -3.4301 2.2233, -2.2634 -3.4368 2.5525, -2.2673 -3.4593 2.552, -2.2501 -3.4659 2.8807, -2.2589 -3.4868 2.8814, -2.1925 -3.4938 3.2116, -2.207 -3.5138 3.2152, -2.0906 -3.521 3.5369, -2.107 -3.5355 3.5439, -1.9432 -3.5427 3.8464, -1.9608 -3.5527 3.8574, -1.7551 -3.5595 4.1313, -1.7738 -3.5646 4.1475, -1.5317 -3.5712 4.3873, 0.941 -3.3286 4.7638, 1.216 -3.3061 4.5408, 1.4993 -3.3276 4.355, 1.7526 -3.3441 4.134, 1.9796 -3.3561 3.8741, 1.2084 -3.2862 4.5279, 1.4879 -3.313 4.3412, 1.7371 -3.3341 4.1202, 1.9588 -3.351 3.8606, 1.2136 -3.1792 4.5322, 1.4767 -3.2056 4.3248, 1.7055 -3.2323 4.0898, 1.904 -3.2631 3.8232, 2.0681 -3.2927 3.5288, 2.192 -3.3208 3.2134, 2.2735 -3.3478 2.8855, 2.309 -3.3689 2.5533, 2.2983 -3.3856 2.2143, 2.2398 -3.3978 1.8706, 1.7461 -3.163 4.1235, 1.9344 -3.1824 3.8409, 2.0833 -3.2058 3.5338, 2.1987 -3.2138 3.2131, 2.2541 -3.2404 2.8809, 2.2651 -3.2671 2.5522, 2.2327 -3.2977 2.2235, 2.1563 -3.3273 1.8963, 2.0358 -3.3554 1.5794, 1.8749 -3.3825 1.2808, 1.6759 -3.4038 1.0095, 1.4414 -3.4203 0.7675, 1.1681 -3.4324 0.5535, 2.3178 -3.1978 2.5497, 2.267 -3.2171 2.2161, 2.1709 -3.2404 1.8897, 2.0406 -3.2484 1.5746, 1.8574 -3.2751 1.2904, 1.6427 -3.3019 1.0382, 1.3991 -3.3324 0.8186, 1.1236 -3.3619 0.6286, 0.8215 -3.39 0.4752, 0.5006 -3.4171 0.3622, 0.1687 -3.4385 0.2952, -0.1668 -3.4551 0.2742, -0.5112 -3.4671 0.2995, 2.286 -3.2045 2.2127, 2.1854 -3.2242 1.8847, 2.0411 -3.2476 1.5744, 1.8664 -3.2555 1.2836, 1.647 -3.2818 1.0337, 1.3997 -3.3085 0.817, 1.1213 -3.3394 0.6317, 0.8179 -3.3691 0.4833, 0.497 -3.3972 0.3767, 0.1672 -3.424 0.313, -0.1654 -3.4451 0.2949, -0.5059 -3.462 0.3238, 1.4313 -3.2392 0.7746, 1.1373 -3.2588 0.6004, 0.822 -3.2822 0.4679, 0.4963 -3.2902 0.37, 0.1636 -3.3166 0.3325, -0.1643 -3.3433 0.3388, -0.4931 -3.3741 0.3889, -0.8169 -3.4037 0.4829, -1.1267 -3.4318 0.6202, -1.415 -3.4588 0.7959, -1.6736 -3.4799 1.0071, -1.9046 -3.4966 1.2559, -2.1046 -3.5088 1.5417, 0.1674 -3.2595 0.2637, -0.1695 -3.2739 0.2863, -0.5024 -3.2934 0.3549, -0.8242 -3.3168 0.4687, -1.1317 -3.3248 0.6156, -1.4045 -3.3514 0.8128, -1.6433 -3.3781 1.0388, -1.8514 -3.4087 1.2955, -2.0272 -3.4383 1.582, -2.1643 -3.4664 1.8921, -2.2597 -3.4935 2.2175, -2.3089 -3.5147 2.55, -2.3123 -3.5313 2.8872, -2.2683 -3.5434 3.2318, -1.6825 -3.3087 1.0034, -1.8811 -3.3281 1.2766, -2.0422 -3.3514 1.5765, -2.171 -3.3594 1.8922, -2.2405 -3.3861 2.2229, -2.2651 -3.4129 2.5529, -2.2463 -3.4434 2.8806, -2.1838 -3.4729 3.2096, -2.0768 -3.501 3.5311, -1.9281 -3.5282 3.8369, -1.7393 -3.5495 4.1177, -1.5155 -3.5661 4.3685, -1.2525 -3.5781 4.5928, -1.8741 -3.2029 1.1966, -0.6902 -3.2377 4.7638, -0.6861 -3.2343 4.7638, -0.9322 -3.2287 4.6695, -1.5995 -3.0709 0.9901, 0.9345 -3.1402 0.4527, 0.6016 -3.1474 0.3367, 1.2457 -3.1329 0.6171, 1.5112 -3.1183 0.8399, 1.7512 -3.1116 1.0788, 1.9404 -3.0922 1.365, 2.0704 -3.0798 1.6146, 2.0731 -3.0797 1.6203, 1.9269 -3.0755 1.3732, 2.0562 -3.0797 1.587, 1.7243 -3.0825 1.1015, 1.7148 -3.0609 1.1092, 1.4796 -3.0675 0.8753, 1.208 -3.0745 0.6751, 0.9025 -3.06 0.5223, 1.2036 -3.054 0.6813, 0.5808 -3.0672 0.4091, 0.2488 -3.0742 0.3471, -0.0828 -3.0561 0.3357, -0.4153 -3.063 0.3726, -0.7437 -3.0701 0.4599, -1.0567 -3.0774 0.5959, -1.3456 -3.0641 0.7741, -1.0579 -3.0579 0.5943, -1.8178 -3.0776 1.2418, -1.9999 -3.0847 1.5281, -2.0075 -3.0649 1.5245, -2.1453 -3.072 1.8387, -2.236 -3.0793 2.1682, -2.275 -3.0862 2.5026, -2.256 -3.1126 2.8341, -2.2646 -3.0928 2.8354, -2.2722 -3.0793 2.8365, -2.2129 -3.0868 3.1718, -2.1017 -3.094 3.4976, -1.943 -3.1012 3.8027, -1.7552 -3.0925 4.0881, -1.5194 -3.0991 4.328, -1.2469 -3.106 4.5337, -0.9428 -3.1133 4.6987, -0.7844 -3.1178 4.7638, -0.7478 -3.1278 4.7638, -0.9364 -3.129 4.6838, -0.7343 -3.1337 4.7638, -0.9329 -3.142 4.6755, -0.7055 -3.1465 4.7638, -0.6795 -3.164 4.7638, -0.9297 -3.1619 4.6674, -0.6755 -3.1676 4.7638, -0.6748 -3.1683 4.7638, -0.9284 -3.1822 4.6635, -0.6663 -3.1787 4.7638, -0.6605 -3.201 4.7638, -0.6603 -3.198 4.7638, -0.6694 -3.22 4.7638, -0.6649 -3.213 4.7638, -0.9292 -3.2069 4.6641, -0.6633 -3.2104 4.7638, -0.6624 -3.2083 4.7638, -0.6609 -3.1911 4.7638, -0.6622 -3.1867 4.7638, -0.6718 -3.2227 4.7638, -0.9376 -3.2503 4.6805, -0.9444 -3.2669 4.6948, -0.7735 -3.2707 4.7638, -0.7542 -3.2654 4.7638, -0.7286 -3.2546 4.7638, -0.6943 -3.2402 4.7638, -0.9525 -3.2795 4.7124, -0.9616 -3.2872 4.7321, -0.888 -3.2885 4.7638, -0.8797 -3.2882 4.7638, -0.8311 -3.2805 4.7638, -0.7796 -3.2724 4.7638, -2.252 -3.133 2.8333, -2.2662 -3.106 2.5026, -2.2042 -3.0998 3.1693, -2.1959 -3.1197 3.1667, -2.1921 -3.14 3.1653, -2.193 -3.1648 3.1651, -2.0935 -3.1071 3.4938, -2.0857 -3.1269 3.49, -2.0821 -3.1473 3.488, -2.0831 -3.172 3.4879, -2.0889 -3.1938 3.49, -1.9355 -3.1143 3.7978, -1.9283 -3.1341 3.7928, -1.9251 -3.1545 3.7904, -1.9261 -3.1792 3.7904, -1.9315 -3.201 3.7933, -1.9422 -3.2226 3.7993, -1.7431 -3.1082 4.0775, -1.7363 -3.1213 4.0714, -1.73 -3.1411 4.0655, -1.7271 -3.1615 4.0625, -1.7281 -3.1862 4.0627, -1.7331 -3.208 4.0664, -1.7427 -3.2295 4.074, -1.755 -3.2462 4.084, 1.7365 -3.0991 1.0913, -1.509 -3.1148 4.3156, -1.5032 -3.1279 4.3087, -1.4978 -3.1477 4.3019, -1.4954 -3.1681 4.2985, -1.4963 -3.1928 4.2989, -1.5007 -3.2146 4.3032, -1.5091 -3.2361 4.3121, -1.5198 -3.2528 4.3238, -1.5328 -3.2653 4.3381, 1.4984 -3.1057 0.8544, 1.234 -3.1252 0.6355, -1.2384 -3.1217 4.5199, -1.2337 -3.1348 4.5122, -1.2294 -3.1546 4.5047, -1.2275 -3.175 4.501, -1.2284 -3.1997 4.5015, -1.2321 -3.2215 4.5064, -1.2391 -3.2431 4.5165, -1.2479 -3.2597 4.5296, -1.2586 -3.2722 4.5457, -1.2705 -3.28 4.5639, 1.4879 -3.0891 0.8662, 1.2236 -3.1127 0.6517, 0.9257 -3.1324 0.4726, 1.2149 -3.096 0.665, 0.9177 -3.1199 0.4902, 0.5959 -3.1397 0.3577, 0.2586 -3.1544 0.2724, 0.9058 -3.0817 0.5157, 0.5828 -3.089 0.4033, 0.5863 -3.1105 0.3915, 0.2517 -3.1175 0.3289, 0.2537 -3.1342 0.3132, -0.0824 -3.1408 0.3006, -0.0828 -3.1534 0.2813, -0.4234 -3.1602 0.3188, -0.4272 -3.1679 0.2974, -0.7667 -3.1751 0.3872, 0.2499 -3.096 0.341, -0.0821 -3.1026 0.3287, -0.0821 -3.1242 0.3164, -0.4175 -3.131 0.3535, -0.4201 -3.1476 0.3378, -0.7536 -3.1548 0.4262, -0.7597 -3.1674 0.4078, -1.0803 -3.1746 0.5469, -1.0904 -3.1824 0.5276, -1.3872 -3.1895 0.7135, -0.7435 -3.0949 0.4589, -1.0566 -3.1021 0.5949, -1.0591 -3.1239 0.5893, -1.3471 -3.131 0.7699, -1.3541 -3.1526 0.7597, -1.609 -3.1593 0.9781, -1.6199 -3.1759 0.9667, -1.8414 -3.1827 1.2215, -1.8568 -3.1952 1.2098, -2.0432 -3.2023 1.5023, -2.0623 -3.21 1.4919, -2.2051 -3.2173 1.8144, -1.3437 -3.0845 0.7761, -1.3438 -3.1092 0.7751, -1.5966 -3.116 0.9918, -1.6007 -3.1378 0.9871, -1.8194 -3.1445 1.2389, -1.829 -3.166 1.2313, -2.0124 -3.1731 1.5194, -2.0262 -3.1898 1.5117, -2.1666 -3.197 1.8285, -2.1847 -3.2096 1.8218, -2.2763 -3.2168 2.1576, -2.2977 -3.2245 2.1533, -2.3382 -3.2314 2.4971, -1.8143 -3.098 1.2439, -1.9961 -3.1051 1.5297, -1.9966 -3.1298 1.5289, -2.1347 -3.1371 1.8411, -2.1403 -3.1589 1.8386, -2.23 -3.1661 2.1676, -2.2419 -3.1876 2.1648, -2.2814 -3.1944 2.5002, -2.2971 -3.2111 2.4992, -2.2871 -3.2177 2.8353, -2.3063 -3.2303 2.837, -2.2452 -3.2373 3.1771, -2.2664 -3.245 3.1824, -2.153 -3.2522 3.5161, -2.138 -3.092 1.8408, -2.134 -3.1123 1.8418, -2.2233 -3.1195 2.1698, -2.224 -3.1443 2.1692, -2.263 -3.1511 2.5019, -2.2691 -3.1729 2.5012, -2.2591 -3.1795 2.8331, -2.2713 -3.2011 2.8339, -2.2111 -3.2081 3.1688, -2.2265 -3.2247 3.1725, -2.115 -3.232 3.5003, -2.1329 -3.2445 3.5076, -1.9724 -3.2517 3.8173, -1.9909 -3.2595 3.8287, -1.7866 -3.2664 4.1102, 0.9111 -3.1032 0.5046, 0.5907 -3.1271 0.3763, 0.2561 -3.1467 0.294, -0.0835 -3.1611 0.2595, -0.0823 -3.0808 0.3349, -0.4157 -3.1095 0.3656, -0.7487 -3.1382 0.4412, -1.0715 -3.1621 0.5641, -1.3744 -3.1818 0.7311, -1.6486 -3.1962 0.9373, -0.415 -3.0877 0.3717, -0.7451 -3.1167 0.4529, -1.0644 -3.1455 0.5782, -1.3632 -3.1692 0.7468, -1.6334 -3.1885 0.9528, -1.5964 -3.0912 0.9928, -1.8147 -3.1227 1.243, -2.0018 -3.1516 1.5256, -2.1517 -3.1804 1.8341, -2.2574 -3.2042 2.1615, -2.3164 -3.2236 2.4981, -2.328 -3.238 2.8391, -2.2273 -3.0992 2.1695, -2.2622 -3.1264 2.5024, -2.2529 -3.1577 2.8329, -2.1991 -3.1866 3.1662, -2.1004 -3.2153 3.4944, -1.9558 -3.2392 3.8074, -1.7699 -3.2587 4.0963, -1.5473 -3.2731 4.3544, 1.7259 -6.4719 1.0173, 1.9349 -6.4652 1.2813, 2.1061 -6.4582 1.5771, 2.3404 -6.4376 2.5618, 2.3218 -6.4311 2.895, 1.9762 -6.4102 3.8527, 1.7749 -6.4034 4.1243, 0.6783 -6.4414 4.7638, 0.6671 -6.4534 4.7638, 0.9385 -6.4605 4.6605, 0.6607 -6.478 4.7638, 0.6607 -6.4781 4.7638, 0.9374 -6.4844 4.6592, 1.8534 -6.4961 3.8989, 1.9091 -6.4961 3.8121, 1.9109 -6.4873 3.813, 2.2468 -6.4961 2.2469, 2.2454 -6.4961 2.2394, 2.2543 -6.4818 2.2377, 1.9131 -6.4961 1.344, 1.891 -6.4961 1.3119, 1.9007 -6.4857 1.305, 0.6816 -6.4961 0.3544, 0.6423 -6.4961 0.3364, 0.6284 -6.4961 0.329, 0.622 -6.4961 0.3248, 0.6199 -6.4961 0.3231, 0.6181 -6.4961 0.3211, 0.6175 -6.4961 0.3201, 0.6172 -6.4961 0.3193, 0.6172 -6.4961 0.3191, 0.6172 -6.4961 0.3186, 0.6172 -6.4961 0.3184, 0.7272 -6.4961 0.374, 0.9015 -6.4921 0.4383, 0.7671 -6.4961 0.3912, 0.8944 -6.4961 0.4494, 1.2394 -6.4961 0.6482, 1.1921 -6.4961 0.6186, 1.1959 -6.493 0.6123, 1.0681 -6.4961 0.541, 1.2073 -6.4851 0.5931, 1.0644 -6.4961 0.5387, 0.8965 -6.4961 0.4505, 1.5403 -6.4961 0.8906, 1.459 -6.4961 0.8198, 1.4702 -6.4862 0.8059, 1.3899 -6.4961 0.7596, 1.7095 -6.4798 1.0325, 1.6955 -6.4924 1.0457, 1.5633 -6.4961 0.9143, 1.8051 -6.4961 1.1872, 1.6919 -6.4961 1.049, 1.6788 -6.4961 1.0331, 2.0104 -6.4961 1.5136, 2.1778 -6.4887 1.914, 2.1721 -6.4961 1.9159, 2.1612 -6.4961 1.8763, 2.0932 -6.4961 1.6911, 2.0525 -6.4961 1.6038, 2.0541 -6.4953 1.603, 2.0468 -6.4961 1.5917, 2.055 -6.495 1.6026, 2.0308 -6.4961 1.5573, 2.0688 -6.4788 1.5956, 2.2106 -6.4961 2.0555, 2.2668 -6.4961 2.441, 2.2523 -6.4882 2.8872, 2.2486 -6.4961 2.8869, 2.2579 -6.4961 2.8249, 2.2703 -6.4961 2.6375, 2.269 -6.4961 2.564, 2.2703 -6.4938 2.564, 2.2679 -6.4961 2.4996, 2.2828 -6.4752 2.5634, 2.1226 -6.4961 3.3913, 2.1826 -6.4961 3.2097, 2.1877 -6.4814 3.2108, 2.184 -6.4961 3.2054, 2.2291 -6.4961 3.0165, 2.0747 -6.4743 3.524, 2.0678 -6.4939 3.5214, 2.0971 -6.4961 3.4512, 1.9583 -6.4961 3.7355, 2.0489 -6.4961 3.5642, 2.0673 -6.4961 3.5212, 1.6007 -6.4961 4.1992, 1.7147 -6.4961 4.0749, 1.717 -6.4807 4.0765, 1.7339 -6.4961 4.054, 1.4091 -6.4961 4.3687, 1.4411 -6.4961 4.3444, 1.4903 -6.4743 4.3049, 1.4876 -6.4961 4.3025, 1.5853 -6.4961 4.2145, 0.9374 -6.4961 4.6598, 0.955 -6.4961 4.6524, 1.1271 -6.4961 4.5625, 1.2269 -6.4961 4.4992, 1.2279 -6.4914 4.5004, 0.6695 -6.4961 4.7638, 0.7745 -6.4961 4.7279, 0.6636 -6.4868 4.7638, 0.6629 -6.4853 4.7638, 0.6615 -6.4645 4.7638, 0.6607 -6.468 4.7638, 0.6603 -6.475 4.7638, 0.6652 -6.4562 4.7638, 0.7237 -6.4158 4.7638, 0.7167 -6.4187 4.7638, 0.9414 -6.4404 4.666, 0.6886 -6.4347 4.7638, 0.6816 -6.4387 4.7638, 0.9465 -6.4208 4.676, 0.9467 -6.42 4.6766, 0.7256 -6.415 4.7638, 0.8285 -6.3885 4.7638, 0.8221 -6.3892 4.7638, 0.9534 -6.4038 4.6905, 0.7762 -6.4009 4.7638, 0.7334 -6.4119 4.7638, 0.9072 -6.3804 4.7638, 0.8892 -6.3823 4.7638, 0.971 -6.3832 4.7282, 0.9616 -6.3912 4.7079, 1.2712 -6.3903 4.5638, 2.1381 -6.4172 3.551, 2.3112 -6.4442 2.2279, 1.4843 -6.4783 0.7885, 1.9165 -6.4731 1.294, 2.0861 -6.4661 1.5869, 2.2891 -6.4521 2.2315, 2.3181 -6.4455 2.5623, 2.2701 -6.4647 2.2348, 2.2988 -6.4582 2.5628, 2.2549 -6.481 2.2376, 2.2833 -6.4744 2.5634, 2.2328 -6.4511 1.896, 2.2115 -6.4591 1.9028, 2.1932 -6.4717 1.9089, 2.1786 -6.4879 1.9138, 2.2543 -6.4242 3.2283, 2.2328 -6.4322 3.2224, 2.1176 -6.4251 3.5421, 2.2141 -6.4448 3.2175, 2.0999 -6.4377 3.5344, 2.1992 -6.461 3.2136, 2.0857 -6.454 3.5284, 2.1986 -6.4618 3.2135, 2.0851 -6.4548 3.5282, 2.2996 -6.4391 2.8923, 2.2805 -6.4517 2.8901, 2.2651 -6.4679 2.8885, 2.2645 -6.4687 2.8884, 1.5408 -6.397 4.3604, 1.526 -6.4049 4.3437, 1.2589 -6.3982 4.5452, 1.5131 -6.4175 4.3293, 1.2483 -6.4108 4.5291, 1.5027 -6.4338 4.3179, 1.2396 -6.427 4.5163, 1.5023 -6.4346 4.3175, 1.2393 -6.4278 4.5158, 1.4947 -6.4541 4.3093, 1.2329 -6.4474 4.5066, 1.2292 -6.4675 4.5016, 1.2906 -6.4961 4.4587, 1.7579 -6.4113 4.1099, 1.7431 -6.424 4.0975, 1.7312 -6.4402 4.0876, 1.7308 -6.441 4.0873, 1.722 -6.4606 4.0802, 1.9573 -6.4181 3.8409, 1.9409 -6.4307 3.8307, 1.9277 -6.4469 3.8227, 1.9272 -6.4477 3.8224, 1.9175 -6.4673 3.8167, 2.8937 -6.4961 4.5669, 2.8937 -12.2047 4.17, 2.8937 -12.2047 3.557, 2.8937 -9.117 0.2362, 2.8937 -8.6319 0.2362, 2.8937 -6.4961 0.2362, 2.8937 -12.2047 1.6399, 2.8937 -12.2047 1.0268, 2.8937 -10.2658 0.2362, 2.8937 -9.34 0.2362, 2.8937 -9.1408 0.2362, 2.8937 -11.5453 0.2362, -2.8937 -6.4961 4.5669, 0.046 -6.4961 0.2362, 2.841 -6.4961 4.7638, 2.8803 -6.4961 4.6688, -2.4016 -6.4961 0.2362, -0.6768 -6.4961 0.2362, -0.2828 -6.4961 0.2362, -0.098 -6.4961 0.2362, 2.5 -6.4961 4.9606, -2.8937 -6.4961 0.2362, -2.5 -6.4961 4.9606, 2.6019 -6.4961 4.9472, 2.6969 -6.4961 4.9079, 2.7784 -6.4961 4.8453, -2.6019 -6.4961 4.9472, -2.6969 -6.4961 4.9079, -2.7784 -6.4961 4.8453, -2.8803 -6.4961 4.6688, -2.841 -6.4961 4.7638, 1.2598 -6.4961 0.2362, 0.6076 -6.4961 0.2362, 0.2201 -6.4961 0.2362, -2.8937 -8.6319 0.2362, -2.8937 -12.2047 3.557, -2.8937 -12.2047 4.17, -2.8937 -9.117 0.2362, -2.8937 -9.1408 0.2362, -2.8937 -9.34 0.2362, -2.8937 -12.2047 1.6399, -2.8937 -12.2047 1.0268, -2.8937 -10.2658 0.2362, -2.8937 -11.5453 0.2362, -0.502 -11.9685 1.1058, -0.7874 -11.9685 1.2346, -0.7874 -11.9685 0.2362, -0.1969 -11.9685 0.2362, -0.1969 -11.9685 1.036, -0.2828 -11.9685 0.2362, -0.6768 -11.9685 0.2362
            ]
        }
        coordIndex [
            0,1,2,-1,2,1,3,-1,4,5,6,-1,7,8,9,-1,10,11,12,-1,12,11,13,-1,13,14,15,-1,16,17,18,-1,7,19,8,-1,8,19,20,-1,8,20,21,-1,21,20,22,-1,21,22,23,-1,23,22,24,-1,23,24,25,-1,25,24,26,-1,25,26,27,-1,3,28,2,-1,2,28,29,-1,2,29,30,-1,30,29,31,-1,30,31,32,-1,32,31,33,-1,6,5,34,-1,34,5,35,-1,34,35,18,-1,18,35,36,-1,18,36,16,-1,37,38,39,-1,39,38,40,-1,41,42,6,-1,6,42,43,-1,6,43,4,-1,44,45,36,-1,36,45,46,-1,36,46,16,-1,47,48,10,-1,10,48,49,-1,10,49,11,-1,15,50,13,-1,13,50,51,-1,13,51,52,-1,27,53,2,-1,2,53,54,-1,2,54,0,-1,55,56,57,-1,57,56,58,-1,57,58,59,-1,59,58,37,-1,59,37,60,-1,60,37,39,-1,61,62,63,-1,63,62,64,-1,63,64,65,-1,52,66,13,-1,13,66,67,-1,13,67,12,-1,26,68,27,-1,27,68,69,-1,27,69,53,-1,53,69,70,-1,53,70,44,-1,44,70,71,-1,44,71,45,-1,72,73,74,-1,74,73,75,-1,74,75,76,-1,76,75,77,-1,76,77,78,-1,65,64,79,-1,79,64,80,-1,79,80,81,-1,57,82,10,-1,10,82,7,-1,10,7,47,-1,47,7,9,-1,38,83,40,-1,40,83,84,-1,40,84,85,-1,85,84,86,-1,85,86,87,-1,87,86,88,-1,87,88,89,-1,89,88,79,-1,89,79,90,-1,90,79,81,-1,81,91,90,-1,90,91,92,-1,90,92,93,-1,94,95,96,-1,96,95,93,-1,96,93,97,-1,97,93,92,-1,94,98,95,-1,95,98,99,-1,95,99,74,-1,74,99,100,-1,74,100,72,-1,55,57,101,-1,101,57,10,-1,101,10,102,-1,102,103,101,-1,101,103,104,-1,101,104,105,-1,105,106,101,-1,101,106,107,-1,101,107,108,-1,109,16,110,-1,110,16,46,-1,110,46,111,-1,111,46,45,-1,111,45,112,-1,112,45,71,-1,112,71,113,-1,113,71,70,-1,113,70,114,-1,114,70,69,-1,114,69,115,-1,115,69,68,-1,115,68,116,-1,116,68,26,-1,116,26,117,-1,117,26,24,-1,117,24,118,-1,118,24,22,-1,118,22,119,-1,119,22,20,-1,119,20,120,-1,120,20,19,-1,120,19,121,-1,121,19,7,-1,121,7,122,-1,122,7,82,-1,122,82,123,-1,123,82,57,-1,123,57,124,-1,124,57,59,-1,124,59,125,-1,125,59,60,-1,125,60,126,-1,126,60,39,-1,126,39,127,-1,127,39,40,-1,127,40,128,-1,128,40,85,-1,128,85,129,-1,129,85,87,-1,129,87,130,-1,130,87,89,-1,130,89,131,-1,131,89,90,-1,131,90,132,-1,132,90,93,-1,132,93,133,-1,133,93,95,-1,134,135,136,-1,137,138,139,-1,137,139,140,-1,140,139,141,-1,140,141,142,-1,142,141,143,-1,142,143,144,-1,144,143,145,-1,144,145,146,-1,146,145,147,-1,146,147,148,-1,148,147,149,-1,148,149,150,-1,150,149,151,-1,150,151,152,-1,152,151,153,-1,152,153,154,-1,154,153,155,-1,154,155,156,-1,156,155,157,-1,156,157,158,-1,158,157,159,-1,158,159,160,-1,160,159,161,-1,160,161,162,-1,162,161,163,-1,162,163,164,-1,164,163,165,-1,164,165,166,-1,166,165,167,-1,166,167,168,-1,168,167,169,-1,168,169,170,-1,170,169,171,-1,170,171,172,-1,172,171,173,-1,172,173,174,-1,174,173,175,-1,174,175,176,-1,176,175,177,-1,176,177,178,-1,178,177,179,-1,178,179,180,-1,180,179,181,-1,180,181,182,-1,182,181,183,-1,182,183,184,-1,184,183,185,-1,184,185,186,-1,186,185,187,-1,186,187,188,-1,188,187,189,-1,188,189,190,-1,190,189,191,-1,190,191,192,-1,192,191,193,-1,192,193,194,-1,194,193,195,-1,194,195,196,-1,196,195,197,-1,196,197,198,-1,198,197,199,-1,198,199,200,-1,200,199,201,-1,200,201,202,-1,202,201,203,-1,202,203,204,-1,204,203,205,-1,204,205,206,-1,206,205,207,-1,206,207,208,-1,208,207,209,-1,208,209,210,-1,134,136,211,-1,209,212,210,-1,210,212,213,-1,210,213,214,-1,214,213,215,-1,214,215,216,-1,216,215,217,-1,216,217,218,-1,218,217,219,-1,218,219,220,-1,220,219,221,-1,220,221,222,-1,222,221,223,-1,222,223,224,-1,224,223,211,-1,224,211,225,-1,225,211,136,-1,226,227,228,-1,228,227,229,-1,228,229,230,-1,230,229,231,-1,230,231,232,-1,232,231,233,-1,232,233,234,-1,234,233,235,-1,234,235,236,-1,236,235,237,-1,236,237,238,-1,238,237,239,-1,238,239,240,-1,240,239,241,-1,240,241,135,-1,135,241,242,-1,135,242,136,-1,243,244,245,-1,245,244,246,-1,245,246,247,-1,247,246,248,-1,247,248,249,-1,249,248,250,-1,249,250,251,-1,251,250,252,-1,251,252,253,-1,253,252,254,-1,253,254,255,-1,255,254,256,-1,255,256,226,-1,226,256,257,-1,226,257,227,-1,258,259,260,-1,258,260,261,-1,261,260,262,-1,261,262,263,-1,263,262,264,-1,263,264,265,-1,265,264,266,-1,265,266,267,-1,267,266,268,-1,267,268,269,-1,269,268,270,-1,269,270,271,-1,271,270,272,-1,271,272,273,-1,273,272,274,-1,273,274,275,-1,275,274,276,-1,275,276,277,-1,277,276,278,-1,277,278,279,-1,279,278,280,-1,279,280,281,-1,281,280,282,-1,281,282,283,-1,283,282,284,-1,283,284,285,-1,285,284,286,-1,285,286,287,-1,287,286,288,-1,287,288,289,-1,289,288,290,-1,289,290,291,-1,291,290,292,-1,291,292,293,-1,293,292,294,-1,293,294,295,-1,295,294,296,-1,295,296,297,-1,297,296,298,-1,297,298,299,-1,299,298,300,-1,299,300,301,-1,301,300,302,-1,301,302,303,-1,303,302,304,-1,303,304,305,-1,305,304,306,-1,305,306,307,-1,307,306,308,-1,307,308,309,-1,309,308,310,-1,309,310,311,-1,311,310,312,-1,311,312,313,-1,313,312,314,-1,313,314,315,-1,315,314,316,-1,315,316,317,-1,317,316,318,-1,317,318,319,-1,319,318,320,-1,319,320,321,-1,321,320,322,-1,321,322,323,-1,323,322,324,-1,323,324,325,-1,325,324,326,-1,325,326,327,-1,327,326,328,-1,327,328,329,-1,329,328,330,-1,329,330,331,-1,331,330,332,-1,331,332,333,-1,333,332,334,-1,333,334,335,-1,335,334,336,-1,335,336,337,-1,337,336,338,-1,337,338,339,-1,339,338,340,-1,339,340,341,-1,341,340,342,-1,341,342,343,-1,343,342,344,-1,343,344,345,-1,345,344,346,-1,345,346,347,-1,347,346,348,-1,347,348,349,-1,349,348,350,-1,349,350,351,-1,351,350,352,-1,351,352,353,-1,353,352,354,-1,353,354,355,-1,355,354,356,-1,355,356,357,-1,357,356,358,-1,357,358,359,-1,359,358,360,-1,359,360,361,-1,361,360,362,-1,361,362,363,-1,363,362,364,-1,363,364,365,-1,365,364,366,-1,365,366,367,-1,367,366,368,-1,367,368,369,-1,369,368,370,-1,369,370,371,-1,371,370,372,-1,371,372,373,-1,373,372,374,-1,373,374,375,-1,375,374,376,-1,375,376,377,-1,377,376,378,-1,377,378,379,-1,379,378,380,-1,379,380,381,-1,381,380,382,-1,381,382,383,-1,383,382,384,-1,383,384,385,-1,385,384,386,-1,385,386,387,-1,387,386,388,-1,387,388,389,-1,389,388,390,-1,389,390,391,-1,391,390,392,-1,391,392,393,-1,394,395,396,-1,394,396,397,-1,397,396,398,-1,397,398,399,-1,399,398,400,-1,399,400,401,-1,401,400,402,-1,401,402,403,-1,403,402,404,-1,403,404,405,-1,405,404,406,-1,405,406,407,-1,407,406,408,-1,407,408,409,-1,409,408,410,-1,409,410,411,-1,411,410,412,-1,411,412,413,-1,413,412,414,-1,413,414,415,-1,415,414,416,-1,415,416,417,-1,417,416,418,-1,417,418,419,-1,419,418,420,-1,419,420,421,-1,421,420,422,-1,421,422,423,-1,423,422,424,-1,423,424,425,-1,425,424,426,-1,425,426,427,-1,427,426,428,-1,427,428,429,-1,429,428,430,-1,429,430,431,-1,431,430,432,-1,431,432,433,-1,433,432,434,-1,433,434,435,-1,435,434,436,-1,435,436,437,-1,437,436,438,-1,437,438,439,-1,439,438,440,-1,439,440,441,-1,441,440,442,-1,441,442,443,-1,443,442,444,-1,443,444,445,-1,445,444,446,-1,445,446,447,-1,447,446,448,-1,447,448,449,-1,449,448,450,-1,449,450,451,-1,451,450,452,-1,451,452,453,-1,453,452,454,-1,453,454,455,-1,455,454,456,-1,455,456,457,-1,457,456,458,-1,457,458,459,-1,459,458,460,-1,459,460,461,-1,461,460,462,-1,461,462,463,-1,463,462,464,-1,463,464,465,-1,465,464,466,-1,465,466,467,-1,467,466,468,-1,467,468,469,-1,469,468,470,-1,469,470,471,-1,471,470,472,-1,471,472,473,-1,473,472,474,-1,473,474,475,-1,475,474,476,-1,475,476,477,-1,477,476,478,-1,477,478,479,-1,479,478,480,-1,479,480,481,-1,481,480,482,-1,481,482,483,-1,483,482,484,-1,483,484,485,-1,485,484,486,-1,485,486,487,-1,487,486,488,-1,487,488,489,-1,489,488,490,-1,489,490,491,-1,491,490,492,-1,491,492,493,-1,493,492,494,-1,493,494,495,-1,495,494,496,-1,495,496,497,-1,497,496,498,-1,497,498,499,-1,499,498,500,-1,499,500,501,-1,501,500,502,-1,501,502,503,-1,503,502,504,-1,503,504,505,-1,505,504,506,-1,505,506,507,-1,507,506,508,-1,507,508,509,-1,509,508,510,-1,509,510,511,-1,511,510,512,-1,511,512,513,-1,513,512,514,-1,513,514,515,-1,515,514,516,-1,515,516,517,-1,517,516,518,-1,517,518,519,-1,519,518,520,-1,519,520,521,-1,521,520,522,-1,521,522,523,-1,523,522,524,-1,523,524,525,-1,525,524,526,-1,525,526,527,-1,527,526,528,-1,527,528,529,-1,530,531,532,-1,530,532,533,-1,533,532,534,-1,533,534,535,-1,535,534,536,-1,535,536,537,-1,537,536,538,-1,537,538,539,-1,539,538,540,-1,539,540,541,-1,541,540,542,-1,541,542,543,-1,543,542,544,-1,543,544,545,-1,545,544,546,-1,545,546,547,-1,547,546,548,-1,547,548,549,-1,549,548,550,-1,549,550,551,-1,551,550,552,-1,551,552,553,-1,553,552,554,-1,553,554,555,-1,555,554,556,-1,555,556,557,-1,557,556,558,-1,557,558,559,-1,559,558,560,-1,559,560,561,-1,561,560,562,-1,561,562,563,-1,563,562,564,-1,563,564,565,-1,565,564,566,-1,565,566,567,-1,567,566,568,-1,567,568,569,-1,569,568,570,-1,569,570,571,-1,571,570,572,-1,571,572,573,-1,573,572,574,-1,573,574,575,-1,575,574,576,-1,575,576,577,-1,577,576,578,-1,577,578,579,-1,579,578,580,-1,579,580,581,-1,581,580,582,-1,581,582,583,-1,583,582,584,-1,583,584,585,-1,585,584,586,-1,585,586,587,-1,587,586,588,-1,587,588,589,-1,589,588,590,-1,589,590,591,-1,591,590,592,-1,591,592,593,-1,593,592,594,-1,593,594,595,-1,595,594,596,-1,595,596,597,-1,597,596,598,-1,597,598,599,-1,599,598,600,-1,599,600,601,-1,601,600,602,-1,601,602,603,-1,603,602,604,-1,603,604,605,-1,605,604,606,-1,605,606,607,-1,607,606,608,-1,607,608,609,-1,609,608,610,-1,609,610,611,-1,611,610,612,-1,611,612,613,-1,613,612,614,-1,613,614,615,-1,615,614,616,-1,615,616,617,-1,617,616,618,-1,617,618,619,-1,619,618,620,-1,619,620,621,-1,621,620,622,-1,621,622,623,-1,623,622,624,-1,623,624,625,-1,625,624,626,-1,625,626,627,-1,627,626,628,-1,627,628,629,-1,629,628,630,-1,629,630,631,-1,631,630,632,-1,631,632,633,-1,633,632,634,-1,633,634,635,-1,635,634,636,-1,635,636,637,-1,637,636,638,-1,637,638,639,-1,639,638,640,-1,639,640,641,-1,641,640,642,-1,641,642,643,-1,643,642,644,-1,643,644,645,-1,645,644,646,-1,645,646,647,-1,647,646,648,-1,647,648,649,-1,649,648,650,-1,649,650,651,-1,651,650,652,-1,651,652,653,-1,653,652,654,-1,653,654,655,-1,655,654,656,-1,655,656,657,-1,657,656,658,-1,657,658,659,-1,659,658,660,-1,659,660,661,-1,661,660,662,-1,661,662,663,-1,663,662,664,-1,663,664,665,-1,666,667,668,-1,666,668,669,-1,669,668,670,-1,669,670,671,-1,671,670,672,-1,671,672,673,-1,673,672,674,-1,673,674,675,-1,675,674,676,-1,675,676,677,-1,677,676,678,-1,677,678,679,-1,679,678,680,-1,679,680,681,-1,681,680,682,-1,681,682,683,-1,683,682,684,-1,683,684,685,-1,685,684,686,-1,685,686,687,-1,687,686,688,-1,687,688,689,-1,689,688,690,-1,689,690,691,-1,691,690,692,-1,691,692,693,-1,693,692,694,-1,693,694,695,-1,695,694,696,-1,695,696,697,-1,697,696,698,-1,697,698,699,-1,699,698,700,-1,699,700,701,-1,701,700,702,-1,701,702,703,-1,703,702,704,-1,703,704,705,-1,705,704,706,-1,705,706,707,-1,707,706,708,-1,707,708,709,-1,709,708,710,-1,709,710,711,-1,711,710,712,-1,711,712,713,-1,713,712,714,-1,713,714,715,-1,715,714,716,-1,715,716,717,-1,717,716,718,-1,717,718,719,-1,719,718,720,-1,719,720,721,-1,721,720,722,-1,721,722,723,-1,723,722,724,-1,723,724,725,-1,725,724,726,-1,725,726,727,-1,727,726,728,-1,727,728,729,-1,729,728,730,-1,729,730,731,-1,731,730,732,-1,731,732,733,-1,733,732,734,-1,733,734,735,-1,735,734,736,-1,735,736,737,-1,737,736,738,-1,737,738,739,-1,739,738,740,-1,739,740,741,-1,741,740,742,-1,741,742,743,-1,743,742,744,-1,743,744,745,-1,745,744,746,-1,745,746,747,-1,747,746,748,-1,747,748,749,-1,749,748,750,-1,749,750,751,-1,751,750,752,-1,751,752,753,-1,753,752,754,-1,753,754,755,-1,755,754,756,-1,755,756,757,-1,757,756,758,-1,757,758,759,-1,759,758,760,-1,759,760,761,-1,761,760,762,-1,761,762,763,-1,763,762,764,-1,763,764,765,-1,765,764,766,-1,765,766,767,-1,767,766,768,-1,767,768,769,-1,769,768,770,-1,769,770,771,-1,771,770,772,-1,771,772,773,-1,773,772,774,-1,773,774,775,-1,775,774,776,-1,775,776,777,-1,777,776,778,-1,777,778,779,-1,779,778,780,-1,779,780,781,-1,781,780,782,-1,781,782,783,-1,783,782,784,-1,783,784,785,-1,785,784,786,-1,785,786,787,-1,787,786,788,-1,787,788,789,-1,789,788,790,-1,789,790,791,-1,791,790,792,-1,791,792,793,-1,793,792,794,-1,793,794,795,-1,795,794,796,-1,795,796,797,-1,797,796,798,-1,797,798,799,-1,799,798,800,-1,799,800,801,-1,802,803,804,-1,802,804,805,-1,805,804,806,-1,805,806,807,-1,807,806,808,-1,807,808,809,-1,809,808,810,-1,809,810,811,-1,811,810,812,-1,811,812,813,-1,813,812,814,-1,813,814,815,-1,815,814,816,-1,815,816,817,-1,817,816,818,-1,817,818,819,-1,819,818,820,-1,819,820,821,-1,821,820,822,-1,821,822,823,-1,823,822,824,-1,823,824,825,-1,825,824,826,-1,825,826,827,-1,827,826,828,-1,827,828,829,-1,829,828,830,-1,829,830,831,-1,831,830,832,-1,831,832,833,-1,833,832,834,-1,833,834,835,-1,835,834,836,-1,835,836,837,-1,837,836,838,-1,837,838,839,-1,839,838,840,-1,839,840,841,-1,841,840,842,-1,841,842,843,-1,843,842,844,-1,843,844,845,-1,845,844,846,-1,845,846,847,-1,847,846,848,-1,847,848,849,-1,849,848,850,-1,849,850,851,-1,851,850,852,-1,851,852,853,-1,853,852,854,-1,853,854,855,-1,855,854,856,-1,855,856,857,-1,857,856,858,-1,857,858,859,-1,859,858,860,-1,859,860,861,-1,861,860,862,-1,861,862,863,-1,863,862,864,-1,863,864,865,-1,865,864,866,-1,865,866,867,-1,867,866,868,-1,867,868,869,-1,869,868,870,-1,869,870,871,-1,871,870,872,-1,871,872,873,-1,873,872,874,-1,873,874,875,-1,875,874,876,-1,875,876,877,-1,877,876,878,-1,877,878,879,-1,879,878,880,-1,879,880,881,-1,881,880,882,-1,881,882,883,-1,883,882,884,-1,883,884,885,-1,885,884,886,-1,885,886,887,-1,887,886,888,-1,887,888,889,-1,889,888,890,-1,889,890,891,-1,891,890,892,-1,891,892,893,-1,893,892,894,-1,893,894,895,-1,895,894,896,-1,895,896,897,-1,897,896,898,-1,897,898,899,-1,899,898,900,-1,899,900,901,-1,901,900,902,-1,901,902,903,-1,903,902,904,-1,903,904,905,-1,905,904,906,-1,905,906,907,-1,907,906,908,-1,907,908,909,-1,909,908,910,-1,909,910,911,-1,911,910,912,-1,911,912,913,-1,913,912,914,-1,913,914,915,-1,915,914,916,-1,915,916,917,-1,917,916,918,-1,917,918,919,-1,919,918,920,-1,919,920,921,-1,921,920,922,-1,921,922,923,-1,923,922,924,-1,923,924,925,-1,925,924,926,-1,925,926,927,-1,927,926,928,-1,927,928,929,-1,929,928,930,-1,929,930,931,-1,931,930,932,-1,931,932,933,-1,933,932,934,-1,933,934,935,-1,935,934,936,-1,935,936,937,-1,938,939,940,-1,938,940,941,-1,941,940,942,-1,941,942,943,-1,943,942,944,-1,943,944,945,-1,945,944,946,-1,945,946,947,-1,947,946,948,-1,947,948,949,-1,949,948,950,-1,949,950,951,-1,951,950,952,-1,951,952,953,-1,953,952,954,-1,953,954,955,-1,955,954,956,-1,955,956,957,-1,957,956,958,-1,957,958,959,-1,959,958,960,-1,959,960,961,-1,961,960,962,-1,961,962,963,-1,963,962,964,-1,963,964,965,-1,965,964,966,-1,965,966,967,-1,967,966,968,-1,967,968,969,-1,969,968,970,-1,969,970,971,-1,971,970,972,-1,971,972,973,-1,973,972,974,-1,973,974,975,-1,975,974,976,-1,975,976,977,-1,977,976,978,-1,977,978,979,-1,979,978,980,-1,979,980,981,-1,981,980,982,-1,981,982,983,-1,983,982,984,-1,983,984,985,-1,985,984,986,-1,985,986,987,-1,987,986,988,-1,987,988,989,-1,989,988,990,-1,989,990,991,-1,991,990,992,-1,991,992,993,-1,993,992,994,-1,993,994,995,-1,995,994,996,-1,995,996,997,-1,997,996,998,-1,997,998,999,-1,999,998,1000,-1,999,1000,1001,-1,1001,1000,1002,-1,1001,1002,1003,-1,1003,1002,1004,-1,1003,1004,1005,-1,1005,1004,1006,-1,1005,1006,1007,-1,1007,1006,1008,-1,1007,1008,1009,-1,1009,1008,1010,-1,1009,1010,1011,-1,1011,1010,1012,-1,1011,1012,1013,-1,1013,1012,1014,-1,1013,1014,1015,-1,1015,1014,1016,-1,1015,1016,1017,-1,1017,1016,1018,-1,1017,1018,1019,-1,1019,1018,1020,-1,1019,1020,1021,-1,1021,1020,1022,-1,1021,1022,1023,-1,1023,1022,1024,-1,1023,1024,1025,-1,1025,1024,1026,-1,1025,1026,1027,-1,1027,1026,1028,-1,1027,1028,1029,-1,1029,1028,1030,-1,1029,1030,1031,-1,1031,1030,1032,-1,1031,1032,1033,-1,1033,1032,1034,-1,1033,1034,1035,-1,1035,1034,1036,-1,1035,1036,1037,-1,1037,1036,1038,-1,1037,1038,1039,-1,1039,1038,1040,-1,1039,1040,1041,-1,1041,1040,1042,-1,1041,1042,1043,-1,1043,1042,1044,-1,1043,1044,1045,-1,1045,1044,1046,-1,1045,1046,1047,-1,1047,1046,1048,-1,1047,1048,1049,-1,1049,1048,1050,-1,1049,1050,1051,-1,1051,1050,1052,-1,1051,1052,1053,-1,1053,1052,1054,-1,1053,1054,1055,-1,1055,1054,1056,-1,1055,1056,1057,-1,1057,1056,1058,-1,1057,1058,1059,-1,1059,1058,1060,-1,1059,1060,1061,-1,1061,1060,1062,-1,1061,1062,1063,-1,1063,1062,1064,-1,1063,1064,1065,-1,1065,1064,1066,-1,1065,1066,1067,-1,1067,1066,1068,-1,1067,1068,1069,-1,1069,1068,1070,-1,1069,1070,1071,-1,1071,1070,1072,-1,1071,1072,1073,-1,1074,1075,1076,-1,1074,1076,1077,-1,1077,1076,1078,-1,1077,1078,1079,-1,1079,1078,1080,-1,1079,1080,1081,-1,1081,1080,1082,-1,1081,1082,1083,-1,1083,1082,1084,-1,1083,1084,1085,-1,1085,1084,1086,-1,1085,1086,1087,-1,1087,1086,1088,-1,1087,1088,1089,-1,1089,1088,1090,-1,1089,1090,1091,-1,1091,1090,1092,-1,1091,1092,1093,-1,1093,1092,1094,-1,1093,1094,1095,-1,1095,1094,1096,-1,1095,1096,1097,-1,1097,1096,1098,-1,1097,1098,1099,-1,1099,1098,1100,-1,1099,1100,1101,-1,1101,1100,1102,-1,1101,1102,1103,-1,1103,1102,1104,-1,1103,1104,1105,-1,1105,1104,1106,-1,1105,1106,1107,-1,1107,1106,1108,-1,1107,1108,1109,-1,1109,1108,1110,-1,1109,1110,1111,-1,1111,1110,1112,-1,1111,1112,1113,-1,1113,1112,1114,-1,1113,1114,1115,-1,1115,1114,1116,-1,1115,1116,1117,-1,1117,1116,1118,-1,1117,1118,1119,-1,1119,1118,1120,-1,1119,1120,1121,-1,1121,1120,1122,-1,1121,1122,1123,-1,1123,1122,1124,-1,1123,1124,1125,-1,1125,1124,1126,-1,1125,1126,1127,-1,1127,1126,1128,-1,1127,1128,1129,-1,1129,1128,1130,-1,1129,1130,1131,-1,1131,1130,1132,-1,1131,1132,1133,-1,1133,1132,1134,-1,1133,1134,1135,-1,1135,1134,1136,-1,1135,1136,1137,-1,1137,1136,1138,-1,1137,1138,1139,-1,1139,1138,1140,-1,1139,1140,1141,-1,1141,1140,1142,-1,1141,1142,1143,-1,1143,1142,1144,-1,1143,1144,1145,-1,1145,1144,1146,-1,1145,1146,1147,-1,1147,1146,1148,-1,1147,1148,1149,-1,1149,1148,1150,-1,1149,1150,1151,-1,1151,1150,1152,-1,1151,1152,1153,-1,1153,1152,1154,-1,1153,1154,1155,-1,1155,1154,1156,-1,1155,1156,1157,-1,1157,1156,1158,-1,1157,1158,1159,-1,1159,1158,1160,-1,1159,1160,1161,-1,1161,1160,1162,-1,1161,1162,1163,-1,1163,1162,1164,-1,1163,1164,1165,-1,1165,1164,1166,-1,1165,1166,1167,-1,1167,1166,1168,-1,1167,1168,1169,-1,1169,1168,1170,-1,1169,1170,1171,-1,1171,1170,1172,-1,1171,1172,1173,-1,1173,1172,1174,-1,1173,1174,1175,-1,1175,1174,1176,-1,1175,1176,1177,-1,1177,1176,1178,-1,1177,1178,1179,-1,1179,1178,1180,-1,1179,1180,1181,-1,1181,1180,1182,-1,1181,1182,1183,-1,1183,1182,1184,-1,1183,1184,1185,-1,1185,1184,1186,-1,1185,1186,1187,-1,1187,1186,1188,-1,1187,1188,1189,-1,1189,1188,1190,-1,1189,1190,1191,-1,1191,1190,1192,-1,1191,1192,1193,-1,1193,1192,1194,-1,1193,1194,1195,-1,1195,1194,1196,-1,1195,1196,1197,-1,1197,1196,1198,-1,1197,1198,1199,-1,1199,1198,1200,-1,1199,1200,1201,-1,1201,1200,1202,-1,1201,1202,1203,-1,1203,1202,1204,-1,1203,1204,1205,-1,1205,1204,1206,-1,1205,1206,1207,-1,1207,1206,1208,-1,1207,1208,1209,-1,1210,1211,1212,-1,1210,1212,1213,-1,1213,1212,1214,-1,1213,1214,1215,-1,1215,1214,1216,-1,1215,1216,1217,-1,1217,1216,1218,-1,1217,1218,1219,-1,1219,1218,1220,-1,1219,1220,1221,-1,1221,1220,1222,-1,1221,1222,1223,-1,1223,1222,1224,-1,1223,1224,1225,-1,1225,1224,1226,-1,1225,1226,1227,-1,1227,1226,1228,-1,1227,1228,1229,-1,1229,1228,1230,-1,1229,1230,1231,-1,1231,1230,1232,-1,1231,1232,1233,-1,1233,1232,1234,-1,1233,1234,1235,-1,1235,1234,1236,-1,1235,1236,1237,-1,1237,1236,1238,-1,1237,1238,1239,-1,1239,1238,1240,-1,1239,1240,1241,-1,1241,1240,1242,-1,1241,1242,1243,-1,1243,1242,1244,-1,1243,1244,1245,-1,1245,1244,1246,-1,1245,1246,1247,-1,1247,1246,1248,-1,1247,1248,1249,-1,1249,1248,1250,-1,1249,1250,1251,-1,1251,1250,1252,-1,1251,1252,1253,-1,1253,1252,1254,-1,1253,1254,1255,-1,1255,1254,1256,-1,1255,1256,1257,-1,1257,1256,1258,-1,1257,1258,1259,-1,1259,1258,1260,-1,1259,1260,1261,-1,1261,1260,1262,-1,1261,1262,1263,-1,1263,1262,1264,-1,1263,1264,1265,-1,1265,1264,1266,-1,1265,1266,1267,-1,1267,1266,1268,-1,1267,1268,1269,-1,1269,1268,1270,-1,1269,1270,1271,-1,1271,1270,1272,-1,1271,1272,1273,-1,1273,1272,1274,-1,1273,1274,1275,-1,1275,1274,1276,-1,1275,1276,1277,-1,1277,1276,1278,-1,1277,1278,1279,-1,1279,1278,1280,-1,1279,1280,1281,-1,1281,1280,1282,-1,1281,1282,1283,-1,1283,1282,1284,-1,1283,1284,1285,-1,1285,1284,1286,-1,1285,1286,1287,-1,1287,1286,1288,-1,1287,1288,1289,-1,1289,1288,1290,-1,1289,1290,1291,-1,1291,1290,1292,-1,1291,1292,1293,-1,1293,1292,1294,-1,1293,1294,1295,-1,1295,1294,1296,-1,1295,1296,1297,-1,1297,1296,1298,-1,1297,1298,1299,-1,1299,1298,1300,-1,1299,1300,1301,-1,1301,1300,1302,-1,1301,1302,1303,-1,1303,1302,1304,-1,1303,1304,1305,-1,1305,1304,1306,-1,1305,1306,1307,-1,1307,1306,1308,-1,1307,1308,1309,-1,1309,1308,1310,-1,1309,1310,1311,-1,1311,1310,1312,-1,1311,1312,1313,-1,1313,1312,1314,-1,1313,1314,1315,-1,1315,1314,1316,-1,1315,1316,1317,-1,1317,1316,1318,-1,1317,1318,1319,-1,1319,1318,1320,-1,1319,1320,1321,-1,1321,1320,1322,-1,1321,1322,1323,-1,1323,1322,1324,-1,1323,1324,1325,-1,1325,1324,1326,-1,1325,1326,1327,-1,1327,1326,1328,-1,1327,1328,1329,-1,1329,1328,1330,-1,1329,1330,1331,-1,1331,1330,1332,-1,1331,1332,1333,-1,1333,1332,1334,-1,1333,1334,1335,-1,1335,1334,1336,-1,1335,1336,1337,-1,1337,1336,1338,-1,1337,1338,1339,-1,1339,1338,1340,-1,1339,1340,1341,-1,1341,1340,1342,-1,1341,1342,1343,-1,1343,1342,1344,-1,1343,1344,1345,-1,1346,1347,1348,-1,1346,1348,1349,-1,1349,1348,1350,-1,1349,1350,1351,-1,1351,1350,1352,-1,1351,1352,1353,-1,1353,1352,1354,-1,1353,1354,1355,-1,1355,1354,1356,-1,1355,1356,1357,-1,1357,1356,1358,-1,1357,1358,1359,-1,1359,1358,1360,-1,1359,1360,1361,-1,1361,1360,1362,-1,1361,1362,1363,-1,1363,1362,1364,-1,1363,1364,1365,-1,1365,1364,1366,-1,1365,1366,1367,-1,1367,1366,1368,-1,1367,1368,1369,-1,1369,1368,1370,-1,1369,1370,1371,-1,1371,1370,1372,-1,1371,1372,1373,-1,1373,1372,1374,-1,1373,1374,1375,-1,1375,1374,1376,-1,1375,1376,1377,-1,1377,1376,1378,-1,1377,1378,1379,-1,1379,1378,1380,-1,1379,1380,1381,-1,1381,1380,1382,-1,1381,1382,1383,-1,1383,1382,1384,-1,1383,1384,1385,-1,1385,1384,1386,-1,1385,1386,1387,-1,1387,1386,1388,-1,1387,1388,1389,-1,1389,1388,1390,-1,1389,1390,1391,-1,1391,1390,1392,-1,1391,1392,1393,-1,1393,1392,1394,-1,1393,1394,1395,-1,1395,1394,1396,-1,1395,1396,1397,-1,1397,1396,1398,-1,1397,1398,1399,-1,1399,1398,1400,-1,1399,1400,1401,-1,1401,1400,1402,-1,1401,1402,1403,-1,1403,1402,1404,-1,1403,1404,1405,-1,1405,1404,1406,-1,1405,1406,1407,-1,1407,1406,1408,-1,1407,1408,1409,-1,1409,1408,1410,-1,1409,1410,1411,-1,1411,1410,1412,-1,1411,1412,1413,-1,1413,1412,1414,-1,1413,1414,1415,-1,1415,1414,1416,-1,1415,1416,1417,-1,1417,1416,1418,-1,1417,1418,1419,-1,1419,1418,1420,-1,1419,1420,1421,-1,1421,1420,1422,-1,1421,1422,1423,-1,1423,1422,1424,-1,1423,1424,1425,-1,1425,1424,1426,-1,1425,1426,1427,-1,1427,1426,1428,-1,1427,1428,1429,-1,1429,1428,1430,-1,1429,1430,1431,-1,1431,1430,1432,-1,1431,1432,1433,-1,1433,1432,1434,-1,1433,1434,1435,-1,1435,1434,1436,-1,1435,1436,1437,-1,1437,1436,1438,-1,1437,1438,1439,-1,1439,1438,1440,-1,1439,1440,1441,-1,1441,1440,1442,-1,1441,1442,1443,-1,1443,1442,1444,-1,1443,1444,1445,-1,1445,1444,1446,-1,1445,1446,1447,-1,1447,1446,1448,-1,1447,1448,1449,-1,1449,1448,1450,-1,1449,1450,1451,-1,1451,1450,1452,-1,1451,1452,1453,-1,1453,1452,1454,-1,1453,1454,1455,-1,1455,1454,1456,-1,1455,1456,1457,-1,1457,1456,1458,-1,1457,1458,1459,-1,1459,1458,1460,-1,1459,1460,1461,-1,1461,1460,1462,-1,1461,1462,1463,-1,1463,1462,1464,-1,1463,1464,1465,-1,1465,1464,1466,-1,1465,1466,1467,-1,1467,1466,1468,-1,1467,1468,1469,-1,1469,1468,1470,-1,1469,1470,1471,-1,1471,1470,1472,-1,1471,1472,1473,-1,1473,1472,1474,-1,1473,1474,1475,-1,1475,1474,1476,-1,1475,1476,1477,-1,1477,1476,1478,-1,1477,1478,1479,-1,1479,1478,1480,-1,1479,1480,1481,-1,1482,1483,1484,-1,1482,1484,1485,-1,1485,1484,1486,-1,1485,1486,1487,-1,1487,1486,1488,-1,1487,1488,1489,-1,1489,1488,1490,-1,1489,1490,1491,-1,1491,1490,1492,-1,1491,1492,1493,-1,1493,1492,1494,-1,1493,1494,1495,-1,1495,1494,1496,-1,1495,1496,1497,-1,1497,1496,1498,-1,1497,1498,1499,-1,1499,1498,1500,-1,1499,1500,1501,-1,1501,1500,1502,-1,1501,1502,1503,-1,1503,1502,1504,-1,1503,1504,1505,-1,1505,1504,1506,-1,1505,1506,1507,-1,1507,1506,1508,-1,1507,1508,1509,-1,1509,1508,1510,-1,1509,1510,1511,-1,1511,1510,1512,-1,1511,1512,1513,-1,1513,1512,1514,-1,1513,1514,1515,-1,1515,1514,1516,-1,1515,1516,1517,-1,1517,1516,1518,-1,1517,1518,1519,-1,1519,1518,1520,-1,1519,1520,1521,-1,1521,1520,1522,-1,1521,1522,1523,-1,1523,1522,1524,-1,1523,1524,1525,-1,1525,1524,1526,-1,1525,1526,1527,-1,1527,1526,1528,-1,1527,1528,1529,-1,1529,1528,1530,-1,1529,1530,1531,-1,1531,1530,1532,-1,1531,1532,1533,-1,1533,1532,1534,-1,1533,1534,1535,-1,1535,1534,1536,-1,1535,1536,1537,-1,1537,1536,1538,-1,1537,1538,1539,-1,1539,1538,1540,-1,1539,1540,1541,-1,1541,1540,1542,-1,1541,1542,1543,-1,1543,1542,1544,-1,1543,1544,1545,-1,1545,1544,1546,-1,1545,1546,1547,-1,1547,1546,1548,-1,1547,1548,1549,-1,1549,1548,1550,-1,1549,1550,1551,-1,1551,1550,1552,-1,1551,1552,1553,-1,1553,1552,1554,-1,1553,1554,1555,-1,1555,1554,1556,-1,1555,1556,1557,-1,1557,1556,1558,-1,1557,1558,1559,-1,1559,1558,1560,-1,1559,1560,1561,-1,1561,1560,1562,-1,1561,1562,1563,-1,1563,1562,1564,-1,1563,1564,1565,-1,1565,1564,1566,-1,1565,1566,1567,-1,1567,1566,1568,-1,1567,1568,1569,-1,1569,1568,1570,-1,1569,1570,1571,-1,1571,1570,1572,-1,1571,1572,1573,-1,1573,1572,1574,-1,1573,1574,1575,-1,1575,1574,1576,-1,1575,1576,1577,-1,1577,1576,1578,-1,1577,1578,1579,-1,1579,1578,1580,-1,1579,1580,1581,-1,1581,1580,1582,-1,1581,1582,1583,-1,1583,1582,1584,-1,1583,1584,1585,-1,1585,1584,1586,-1,1585,1586,1587,-1,1587,1586,1588,-1,1587,1588,1589,-1,1589,1588,1590,-1,1589,1590,1591,-1,1591,1590,1592,-1,1591,1592,1593,-1,1593,1592,1594,-1,1593,1594,1595,-1,1595,1594,1596,-1,1595,1596,1597,-1,1597,1596,1598,-1,1597,1598,1599,-1,1599,1598,1600,-1,1599,1600,1601,-1,1601,1600,1602,-1,1601,1602,1603,-1,1603,1602,1604,-1,1603,1604,1605,-1,1605,1604,1606,-1,1605,1606,1607,-1,1607,1606,1608,-1,1607,1608,1609,-1,1609,1608,1610,-1,1609,1610,1611,-1,1611,1610,1612,-1,1611,1612,1613,-1,1613,1612,1614,-1,1613,1614,1615,-1,1615,1614,1616,-1,1615,1616,1617,-1,1618,1619,1620,-1,1621,1622,1623,-1,1624,1625,1626,-1,1624,1626,1627,-1,1627,1626,1628,-1,1627,1628,1629,-1,1629,1628,1630,-1,1629,1630,1631,-1,1631,1630,1632,-1,1631,1632,1633,-1,1633,1632,1634,-1,1633,1634,1635,-1,1635,1634,1636,-1,1635,1636,1637,-1,1637,1636,1638,-1,1637,1638,1639,-1,1639,1638,1640,-1,1639,1640,1641,-1,1641,1640,1642,-1,1641,1642,1643,-1,1643,1642,1644,-1,1643,1644,1645,-1,1645,1644,1646,-1,1645,1646,1647,-1,1647,1646,1648,-1,1647,1648,1649,-1,1649,1648,1650,-1,1649,1650,1651,-1,1651,1650,1652,-1,1651,1652,1653,-1,1653,1652,1654,-1,1653,1654,1655,-1,1655,1654,1656,-1,1655,1656,1657,-1,1657,1656,1658,-1,1657,1658,1659,-1,1659,1658,1660,-1,1659,1660,1661,-1,1621,1623,1662,-1,1662,1623,1663,-1,1662,1663,1664,-1,1664,1663,1665,-1,1664,1665,1666,-1,1666,1665,1667,-1,1666,1667,1668,-1,1668,1667,1669,-1,1668,1669,1670,-1,1670,1669,1671,-1,1670,1671,1672,-1,1672,1671,1673,-1,1672,1673,1674,-1,1674,1673,1675,-1,1674,1675,1625,-1,1625,1675,1676,-1,1625,1676,1626,-1,1620,1619,1677,-1,1619,1678,1677,-1,1677,1678,1679,-1,1677,1679,1680,-1,1680,1679,1681,-1,1680,1681,1682,-1,1682,1681,1683,-1,1682,1683,1684,-1,1684,1683,1685,-1,1684,1685,1686,-1,1686,1685,1687,-1,1686,1687,1688,-1,1688,1687,1689,-1,1688,1689,1622,-1,1622,1689,1690,-1,1622,1690,1623,-1,1618,1620,1691,-1,1691,1620,1692,-1,1691,1692,1693,-1,1693,1692,1694,-1,1694,1692,1695,-1,1694,1695,1696,-1,1696,1695,1697,-1,1697,1695,1698,-1,1697,1698,1699,-1,1700,1701,1698,-1,1698,1701,1702,-1,1698,1702,1699,-1,1703,1704,1700,-1,1700,1704,1705,-1,1700,1705,1701,-1,1706,1707,1703,-1,1703,1707,1708,-1,1703,1708,1704,-1,1709,1710,1706,-1,1706,1710,1711,-1,1706,1711,1707,-1,1712,1713,1709,-1,1709,1713,1714,-1,1709,1714,1710,-1,1715,1716,1712,-1,1712,1716,1717,-1,1712,1717,1713,-1,1718,1719,1720,-1,1721,1722,1723,-1,1724,1725,1726,-1,1727,1728,1729,-1,1730,1731,1732,-1,1733,1734,1735,-1,1736,1737,1738,-1,1739,1740,1741,-1,1741,1740,243,-1,1741,243,1742,-1,1743,1744,1745,-1,1745,1744,1746,-1,1745,1746,1741,-1,1741,1746,1747,-1,1741,1747,1739,-1,1748,1749,1750,-1,1750,1751,1748,-1,1748,1751,1752,-1,1748,1752,1745,-1,1745,1752,1753,-1,1745,1753,1743,-1,1737,1754,1755,-1,1755,1754,1756,-1,1755,1756,1748,-1,1748,1756,1757,-1,1748,1757,1749,-1,1734,1758,1735,-1,1735,1758,1759,-1,1735,1759,1738,-1,1738,1759,1760,-1,1738,1760,1736,-1,1761,1762,1763,-1,1763,1762,1764,-1,1763,1764,1735,-1,1735,1764,1765,-1,1735,1765,1733,-1,1731,1766,1732,-1,1732,1766,1767,-1,1732,1767,1763,-1,1763,1767,1768,-1,1763,1768,1761,-1,1769,1770,1771,-1,1771,1770,1732,-1,1732,1770,1772,-1,1732,1772,1730,-1,1773,1774,1771,-1,1771,1774,1775,-1,1771,1775,1769,-1,1776,1777,1778,-1,1778,1777,1779,-1,1778,1779,1771,-1,1771,1779,1780,-1,1771,1780,1773,-1,1781,1782,1783,-1,1783,1782,1784,-1,1783,1784,1778,-1,1778,1784,1785,-1,1778,1785,1776,-1,1786,1787,1788,-1,1788,1787,1789,-1,1788,1789,1783,-1,1783,1789,1790,-1,1783,1790,1781,-1,1791,1792,1793,-1,1793,1794,1791,-1,1791,1794,1795,-1,1791,1795,1788,-1,1788,1795,1796,-1,1788,1796,1786,-1,1797,1798,1799,-1,1799,1798,1791,-1,1791,1798,1800,-1,1791,1800,1792,-1,1801,1802,1799,-1,1799,1802,1803,-1,1799,1803,1804,-1,1804,1805,1799,-1,1799,1805,1806,-1,1799,1806,1797,-1,1807,1808,1801,-1,1801,1808,1809,-1,1801,1809,1802,-1,1728,1810,1729,-1,1729,1810,1811,-1,1729,1811,1801,-1,1801,1811,1812,-1,1801,1812,1807,-1,1813,1814,1815,-1,1815,1814,1816,-1,1815,1816,1729,-1,1729,1816,1817,-1,1729,1817,1727,-1,1725,1818,1726,-1,1726,1818,1819,-1,1726,1819,1815,-1,1815,1819,1820,-1,1815,1820,1813,-1,1722,1821,1723,-1,1723,1821,1822,-1,1723,1822,1726,-1,1726,1822,1823,-1,1726,1823,1724,-1,1824,1825,1826,-1,1826,1825,1827,-1,1826,1827,1723,-1,1723,1827,1828,-1,1723,1828,1721,-1,1719,1829,1720,-1,1720,1829,1830,-1,1720,1830,1826,-1,1826,1830,1831,-1,1826,1831,1824,-1,1832,1833,1834,-1,1834,1833,1720,-1,1720,1833,1835,-1,1720,1835,1718,-1,1836,1837,1838,-1,1838,1837,1839,-1,1838,1839,1834,-1,1834,1839,1840,-1,1834,1840,1841,-1,1841,1842,1834,-1,1834,1842,1843,-1,1834,1843,1832,-1,1844,1845,1838,-1,1838,1845,1846,-1,1838,1846,1836,-1,1847,1848,1844,-1,1844,1848,1849,-1,1844,1849,1845,-1,1850,1851,1852,-1,1852,1851,1853,-1,1852,1853,1844,-1,1844,1853,1854,-1,1844,1854,1847,-1,1855,1856,1857,-1,1857,1856,1858,-1,1858,1859,1857,-1,1857,1859,1860,-1,1857,1860,1852,-1,1852,1860,1861,-1,1852,1861,1850,-1,1862,1863,1864,-1,1864,1863,1865,-1,1864,1865,1857,-1,1857,1865,1866,-1,1857,1866,1855,-1,238,1867,1868,-1,1869,236,1870,-1,1870,236,238,-1,1870,238,1871,-1,1871,238,1868,-1,1869,1872,236,-1,236,1872,1873,-1,236,1873,1874,-1,1874,1875,236,-1,236,1875,1876,-1,236,1876,234,-1,1877,1878,1879,-1,1879,1878,1880,-1,1879,1880,1881,-1,1881,1882,1879,-1,1879,1882,1883,-1,1879,1883,1864,-1,1883,1884,1864,-1,1864,1884,1885,-1,1864,1885,1886,-1,1886,1887,1864,-1,1864,1887,1888,-1,1864,1888,1862,-1,135,134,1889,-1,1889,1890,135,-1,135,1890,1891,-1,135,1891,240,-1,1891,1892,240,-1,240,1892,1893,-1,240,1893,238,-1,238,1893,1894,-1,238,1894,1867,-1,1895,134,211,-1,1895,1896,134,-1,134,1896,1897,-1,134,1897,1889,-1,1898,1899,221,-1,221,1899,1900,-1,221,1900,223,-1,223,1900,1901,-1,1901,1902,223,-1,223,1902,1903,-1,223,1903,211,-1,211,1903,1904,-1,211,1904,1895,-1,1898,221,1905,-1,1905,221,219,-1,1905,219,1906,-1,1906,219,217,-1,1906,217,1907,-1,213,1908,215,-1,215,1908,1909,-1,215,1909,217,-1,217,1909,1910,-1,217,1910,1907,-1,243,245,1742,-1,1742,245,247,-1,1742,247,1911,-1,247,249,1911,-1,1911,249,251,-1,1911,251,1912,-1,251,253,1912,-1,1912,253,255,-1,1912,255,1913,-1,255,226,1913,-1,1913,226,228,-1,1913,228,1914,-1,1876,1877,234,-1,234,1877,1879,-1,234,1879,232,-1,232,1879,1914,-1,232,1914,230,-1,230,1914,228,-1,1717,1716,1915,-1,1714,1713,1916,-1,1623,1690,1917,-1,1918,1919,1920,-1,1487,1489,1921,-1,1491,1493,1922,-1,1505,1507,1923,-1,1509,1511,1924,-1,1523,1525,1925,-1,1527,1529,1926,-1,1541,1543,1927,-1,1545,1547,1928,-1,1549,1551,1929,-1,1553,1555,1930,-1,1557,1559,1919,-1,1575,1577,1931,-1,1593,1595,1932,-1,1611,1613,1933,-1,1934,1935,1936,-1,1937,1938,1939,-1,1940,1941,1942,-1,1943,1944,1945,-1,1946,1947,1948,-1,1949,1950,1951,-1,1952,1953,1954,-1,1955,1956,1957,-1,1958,1959,1960,-1,1482,1485,1961,-1,1960,1959,1962,-1,1962,1959,1963,-1,1962,1963,1964,-1,1964,1963,1965,-1,1964,1965,1966,-1,1966,1965,1967,-1,1967,1965,1968,-1,1967,1968,1969,-1,1969,1968,1970,-1,1969,1970,1971,-1,1971,1970,1972,-1,1972,1970,1973,-1,1972,1973,1974,-1,1974,1973,1975,-1,1975,1973,1976,-1,1975,1976,1977,-1,1978,1979,1980,-1,1979,1981,1980,-1,1980,1981,1982,-1,1980,1982,1976,-1,1976,1982,1983,-1,1976,1983,1977,-1,1984,1985,1980,-1,1980,1985,1986,-1,1980,1986,1978,-1,1957,1956,1980,-1,1980,1956,1987,-1,1980,1987,1984,-1,1988,1989,1990,-1,1990,1989,1991,-1,1991,1952,1990,-1,1990,1952,1954,-1,1990,1954,1957,-1,1957,1954,1992,-1,1957,1992,1955,-1,1993,1994,1995,-1,1995,1994,1996,-1,1950,1997,1951,-1,1951,1997,1998,-1,1951,1998,1999,-1,2000,2001,2002,-1,2002,2001,2003,-1,1948,1947,2004,-1,2004,1947,2005,-1,2004,2005,2006,-1,2007,2008,1948,-1,1948,2008,2009,-1,1948,2009,1946,-1,2010,2011,2012,-1,2012,2011,2013,-1,1948,2014,2007,-1,2007,2014,2012,-1,2007,2012,2015,-1,2015,2012,2013,-1,1716,1715,1915,-1,1915,1715,2016,-1,1915,2016,2017,-1,2017,2018,1915,-1,1915,2018,2019,-1,1915,2019,2020,-1,2020,2021,1915,-1,1915,2021,2022,-1,1915,2022,2023,-1,2024,2025,1660,-1,2024,1660,2026,-1,2027,2028,2029,-1,2030,2031,2032,-1,2033,2034,2035,-1,2035,2034,2036,-1,2037,2038,2034,-1,2038,2039,2034,-1,2034,2039,2040,-1,2034,2040,2036,-1,2041,2042,2043,-1,2043,2042,2044,-1,2043,2044,2045,-1,2046,2047,2048,-1,2048,2047,2049,-1,1934,1936,2050,-1,2051,2052,2053,-1,2054,2055,2056,-1,1615,1617,2054,-1,1613,1615,2057,-1,2058,1609,1611,-1,1603,1605,2059,-1,2059,1605,1607,-1,2060,1601,1603,-1,2061,1597,1599,-1,1597,2061,1595,-1,1593,1932,1591,-1,1585,1587,2062,-1,2062,1587,1589,-1,2063,1583,1585,-1,2064,1579,1581,-1,1579,2064,1577,-1,1575,1931,1573,-1,1567,1569,2065,-1,2065,1569,1571,-1,1563,1565,2066,-1,2066,1565,1567,-1,1919,1559,1920,-1,1920,1559,1561,-1,1920,1561,1563,-1,1537,1539,2067,-1,1533,1535,2068,-1,1519,1521,2069,-1,1515,1517,2070,-1,1501,1503,2071,-1,1497,1499,2072,-1,1555,1557,1930,-1,1930,1557,1919,-1,1930,1919,2073,-1,2073,1919,1918,-1,2073,1918,2074,-1,1551,1553,1929,-1,1929,1553,1930,-1,1929,1930,2075,-1,2075,1930,2073,-1,2075,2073,2076,-1,2076,2073,2074,-1,2076,2074,2077,-1,1547,1549,1928,-1,1928,1549,1929,-1,1928,1929,2078,-1,2078,1929,2075,-1,2078,2075,2079,-1,2079,2075,2076,-1,2079,2076,2080,-1,2080,2076,2077,-1,2080,2077,2081,-1,1543,1545,1927,-1,1927,1545,1928,-1,1927,1928,2082,-1,2082,1928,2078,-1,2082,2078,2083,-1,2083,2078,2079,-1,2083,2079,2084,-1,2084,2079,2080,-1,2084,2080,2085,-1,2085,2080,2081,-1,2085,2081,2086,-1,1539,1541,2067,-1,2067,1541,1927,-1,2067,1927,2087,-1,2087,1927,2082,-1,2087,2082,2088,-1,2088,2082,2083,-1,2088,2083,2089,-1,2089,2083,2084,-1,2089,2084,2090,-1,2090,2084,2085,-1,2090,2085,2091,-1,2091,2085,2086,-1,2091,2086,2092,-1,1535,1537,2068,-1,2068,1537,2067,-1,2068,2067,2093,-1,2093,2067,2087,-1,2093,2087,2094,-1,2094,2087,2088,-1,2094,2088,2095,-1,2095,2088,2089,-1,2095,2089,2096,-1,2096,2089,2090,-1,2096,2090,2097,-1,2097,2090,2091,-1,2097,2091,2098,-1,2098,2091,2092,-1,2098,2092,2099,-1,1531,1533,2100,-1,2100,1533,2068,-1,2100,2068,2101,-1,2101,2068,2093,-1,2101,2093,2102,-1,2102,2093,2094,-1,2102,2094,2103,-1,2103,2094,2095,-1,2103,2095,2104,-1,2104,2095,2096,-1,2104,2096,2105,-1,2105,2096,2097,-1,2105,2097,2106,-1,2106,2097,2098,-1,2106,2098,2107,-1,2107,2098,2099,-1,2107,2099,2108,-1,1529,1531,1926,-1,1926,1531,2100,-1,1926,2100,2109,-1,2109,2100,2101,-1,2109,2101,2110,-1,2110,2101,2102,-1,2110,2102,2111,-1,2111,2102,2103,-1,2111,2103,2112,-1,2112,2103,2104,-1,2112,2104,2113,-1,2113,2104,2105,-1,2113,2105,2114,-1,2114,2105,2106,-1,2114,2106,2115,-1,2115,2106,2107,-1,2115,2107,2116,-1,2116,2107,2108,-1,2116,2108,2117,-1,1525,1527,1925,-1,1925,1527,1926,-1,1925,1926,2118,-1,2118,1926,2109,-1,2118,2109,2119,-1,2119,2109,2110,-1,2119,2110,2120,-1,2120,2110,2111,-1,2120,2111,2121,-1,2121,2111,2112,-1,2121,2112,2122,-1,2122,2112,2113,-1,2122,2113,2123,-1,2123,2113,2114,-1,2123,2114,2124,-1,2124,2114,2115,-1,2124,2115,2125,-1,2125,2115,2116,-1,2125,2116,2126,-1,2126,2116,2117,-1,2126,2117,2127,-1,1485,1487,1961,-1,1961,1487,1921,-1,1961,1921,2128,-1,2128,1921,2129,-1,2128,2129,2130,-1,2130,2129,2131,-1,2130,2131,2132,-1,2132,2131,2133,-1,2132,2133,2134,-1,2134,2133,2135,-1,2134,2135,2136,-1,2136,2135,2137,-1,2136,2137,2138,-1,2138,2137,2139,-1,2138,2139,2140,-1,2140,2139,2141,-1,2140,2141,2142,-1,2142,2141,2143,-1,2142,2143,1995,-1,1995,2143,1999,-1,1995,1999,1993,-1,1993,1999,1998,-1,1958,1482,1959,-1,1959,1482,1961,-1,1959,1961,1963,-1,1963,1961,2128,-1,1963,2128,1965,-1,1965,2128,2130,-1,1965,2130,1968,-1,1968,2130,2132,-1,1968,2132,1970,-1,1970,2132,2134,-1,1970,2134,1973,-1,1973,2134,2136,-1,1973,2136,1976,-1,1976,2136,2138,-1,1976,2138,1980,-1,1980,2138,2140,-1,1980,2140,1957,-1,1957,2140,2142,-1,1957,2142,1990,-1,1990,2142,1995,-1,1990,1995,1988,-1,1988,1995,1996,-1,2144,2145,2146,-1,2146,2145,2147,-1,2146,2147,2148,-1,2148,2147,2149,-1,2148,2149,1939,-1,1939,2149,2034,-1,1939,2034,1937,-1,1937,2034,2033,-1,1521,1523,2069,-1,2069,1523,1925,-1,2069,1925,2150,-1,2150,1925,2118,-1,2150,2118,2151,-1,2151,2118,2119,-1,2151,2119,2152,-1,2152,2119,2120,-1,2152,2120,2153,-1,2153,2120,2121,-1,2153,2121,2154,-1,2154,2121,2122,-1,2154,2122,2155,-1,2155,2122,2123,-1,2155,2123,2156,-1,2156,2123,2124,-1,2156,2124,2157,-1,2157,2124,2125,-1,2157,2125,2158,-1,2158,2125,2126,-1,2158,2126,2159,-1,2159,2126,2127,-1,2159,2127,2160,-1,1499,1501,2072,-1,2072,1501,2071,-1,2072,2071,2161,-1,2161,2071,2162,-1,2161,2162,2163,-1,2163,2162,2164,-1,2163,2164,2165,-1,2165,2164,2166,-1,2165,2166,2167,-1,2167,2166,2168,-1,2167,2168,2169,-1,2169,2168,2170,-1,2169,2170,2171,-1,2171,2170,2172,-1,2171,2172,2173,-1,2173,2172,2174,-1,2173,2174,2175,-1,2175,2174,2176,-1,2175,2176,2177,-1,2177,2176,2178,-1,2177,2178,2179,-1,2179,2178,2180,-1,1493,1495,1922,-1,1922,1495,2181,-1,1922,2181,2182,-1,2182,2181,2183,-1,2182,2183,2184,-1,2184,2183,2185,-1,2184,2185,2186,-1,2186,2185,2187,-1,2186,2187,2188,-1,2188,2187,2189,-1,2188,2189,2190,-1,2190,2189,2191,-1,2190,2191,2192,-1,2192,2191,2193,-1,2192,2193,2194,-1,2194,2193,2195,-1,2194,2195,2196,-1,2196,2195,2197,-1,2196,2197,2198,-1,2198,2197,2199,-1,2198,2199,2002,-1,2002,2199,2004,-1,2002,2004,2000,-1,2000,2004,2006,-1,1489,1491,1921,-1,1921,1491,1922,-1,1921,1922,2129,-1,2129,1922,2182,-1,2129,2182,2131,-1,2131,2182,2184,-1,2131,2184,2133,-1,2133,2184,2186,-1,2133,2186,2135,-1,2135,2186,2188,-1,2135,2188,2137,-1,2137,2188,2190,-1,2137,2190,2139,-1,2139,2190,2192,-1,2139,2192,2141,-1,2141,2192,2194,-1,2141,2194,2143,-1,2143,2194,2196,-1,2143,2196,1999,-1,1999,2196,2198,-1,1999,2198,1951,-1,1951,2198,2002,-1,1951,2002,1949,-1,1949,2002,2003,-1,2200,2144,2201,-1,2201,2144,2146,-1,2201,2146,2202,-1,2202,2146,2148,-1,2202,2148,1942,-1,1942,2148,1939,-1,1942,1939,1940,-1,1940,1939,1938,-1,1517,1519,2070,-1,2070,1519,2069,-1,2070,2069,2203,-1,2203,2069,2150,-1,2203,2150,2204,-1,2204,2150,2151,-1,2204,2151,2205,-1,2205,2151,2152,-1,2205,2152,2206,-1,2206,2152,2153,-1,2206,2153,2207,-1,2207,2153,2154,-1,2207,2154,2208,-1,2208,2154,2155,-1,2208,2155,2209,-1,2209,2155,2156,-1,2209,2156,2210,-1,2210,2156,2157,-1,2210,2157,2211,-1,2211,2157,2158,-1,2211,2158,2212,-1,2212,2158,2159,-1,2212,2159,2213,-1,2213,2159,2160,-1,2213,2160,2214,-1,1495,1497,2181,-1,2181,1497,2072,-1,2181,2072,2183,-1,2183,2072,2161,-1,2183,2161,2185,-1,2185,2161,2163,-1,2185,2163,2187,-1,2187,2163,2165,-1,2187,2165,2189,-1,2189,2165,2167,-1,2189,2167,2191,-1,2191,2167,2169,-1,2191,2169,2193,-1,2193,2169,2171,-1,2193,2171,2195,-1,2195,2171,2173,-1,2195,2173,2197,-1,2197,2173,2175,-1,2197,2175,2199,-1,2199,2175,2177,-1,2199,2177,2004,-1,2004,2177,2179,-1,2004,2179,1948,-1,1948,2179,2180,-1,1948,2180,2014,-1,2215,2030,2027,-1,2027,2030,2032,-1,2027,2032,2028,-1,2216,2200,2217,-1,2217,2200,2201,-1,2217,2201,2218,-1,2218,2201,2202,-1,2218,2202,1945,-1,1945,2202,1942,-1,1945,1942,1943,-1,1943,1942,1941,-1,2219,2220,2221,-1,1513,1515,2222,-1,2222,1515,2070,-1,2222,2070,2223,-1,2223,2070,2203,-1,2223,2203,2224,-1,2224,2203,2204,-1,2224,2204,2225,-1,2225,2204,2205,-1,2225,2205,2226,-1,2226,2205,2206,-1,2226,2206,2227,-1,2227,2206,2207,-1,2227,2207,2228,-1,2228,2207,2208,-1,2228,2208,2229,-1,2229,2208,2209,-1,2229,2209,2230,-1,2230,2209,2210,-1,2230,2210,2231,-1,2231,2210,2211,-1,2231,2211,2232,-1,2232,2211,2212,-1,2232,2212,2233,-1,2233,2212,2213,-1,2233,2213,2234,-1,2234,2213,2214,-1,2234,2214,2235,-1,1503,1505,2071,-1,2071,1505,1923,-1,2071,1923,2162,-1,2162,1923,2236,-1,2162,2236,2164,-1,2164,2236,2237,-1,2164,2237,2166,-1,2166,2237,2238,-1,2166,2238,2168,-1,2168,2238,2239,-1,2168,2239,2170,-1,2170,2239,2240,-1,2170,2240,2172,-1,2172,2240,2241,-1,2172,2241,2174,-1,2174,2241,2242,-1,2174,2242,2176,-1,2176,2242,2243,-1,2176,2243,2178,-1,2178,2243,2244,-1,2178,2244,2180,-1,2180,2244,2245,-1,2180,2245,2014,-1,2014,2245,2246,-1,2014,2246,2012,-1,2012,2246,2247,-1,2012,2247,2010,-1,2010,2247,1915,-1,2010,1915,2248,-1,2248,1915,2023,-1,2249,2215,2026,-1,2026,2215,2027,-1,2026,2027,2024,-1,2024,2027,2029,-1,2024,2029,2025,-1,2250,2221,2251,-1,2251,2221,2220,-1,2251,2220,2252,-1,2049,2041,2048,-1,2048,2041,2043,-1,2048,2043,2253,-1,2253,2043,2254,-1,2253,2254,2255,-1,2255,2254,2256,-1,2255,2256,2257,-1,2257,2256,2258,-1,2257,2258,2259,-1,2259,2258,2260,-1,2259,2260,2261,-1,2261,2260,2262,-1,2261,2262,2263,-1,2263,2262,2264,-1,2263,2264,2265,-1,2265,2264,2266,-1,2265,2266,2267,-1,2052,2050,2053,-1,2053,2050,1936,-1,2053,1936,2268,-1,2268,1936,2269,-1,2268,2269,2270,-1,2270,2269,2271,-1,2270,2271,2272,-1,2272,2271,2273,-1,2272,2273,2274,-1,2274,2273,2275,-1,2274,2275,2276,-1,2276,2275,2277,-1,2276,2277,2278,-1,2278,2277,2279,-1,2278,2279,2280,-1,2280,2279,2281,-1,2280,2281,2282,-1,2282,2281,2283,-1,2282,2283,2284,-1,2284,2283,2285,-1,2284,2285,2286,-1,2286,2285,2287,-1,2286,2287,2288,-1,1615,2054,2057,-1,2057,2054,2056,-1,2057,2056,2289,-1,2289,2056,2290,-1,2289,2290,2291,-1,2291,2290,2292,-1,2291,2292,2293,-1,2293,2292,2294,-1,2293,2294,2295,-1,2295,2294,2296,-1,2295,2296,2297,-1,2297,2296,2298,-1,2297,2298,2299,-1,2299,2298,2300,-1,2299,2300,2301,-1,2301,2300,2302,-1,2301,2302,2303,-1,2303,2302,2304,-1,2303,2304,2305,-1,2305,2304,2306,-1,2305,2306,2307,-1,2307,2306,2308,-1,2307,2308,2309,-1,2309,2308,2310,-1,2309,2310,2311,-1,2311,2310,2312,-1,2311,2312,2313,-1,1603,2059,2060,-1,2060,2059,2314,-1,2060,2314,2315,-1,2315,2314,2316,-1,2315,2316,2317,-1,2317,2316,2318,-1,2317,2318,2319,-1,2319,2318,2320,-1,2319,2320,2321,-1,2321,2320,2322,-1,2321,2322,2323,-1,2323,2322,2324,-1,2323,2324,2325,-1,2325,2324,2326,-1,2325,2326,2327,-1,2327,2326,2328,-1,2327,2328,2329,-1,2329,2328,2330,-1,2329,2330,2331,-1,2331,2330,2332,-1,2331,2332,2333,-1,2333,2332,2334,-1,2333,2334,2335,-1,2335,2334,2336,-1,2335,2336,2337,-1,2337,2336,2338,-1,2337,2338,2339,-1,1595,2061,1932,-1,1932,2061,2340,-1,1932,2340,2341,-1,2341,2340,2342,-1,2341,2342,2343,-1,2343,2342,2344,-1,2343,2344,2345,-1,2345,2344,2346,-1,2345,2346,2347,-1,2347,2346,2348,-1,2347,2348,2349,-1,2349,2348,2350,-1,2349,2350,2351,-1,2351,2350,2352,-1,2351,2352,2353,-1,2353,2352,2354,-1,2353,2354,2355,-1,2355,2354,2356,-1,2355,2356,2357,-1,2357,2356,2358,-1,2357,2358,2359,-1,2359,2358,2360,-1,2359,2360,2361,-1,2361,2360,2362,-1,2361,2362,2363,-1,2363,2362,2364,-1,2363,2364,2365,-1,1585,2062,2063,-1,2063,2062,2366,-1,2063,2366,2367,-1,2367,2366,2368,-1,2367,2368,2369,-1,2369,2368,2370,-1,2369,2370,2371,-1,2371,2370,2372,-1,2371,2372,2373,-1,2373,2372,2374,-1,2373,2374,2375,-1,2375,2374,2376,-1,2375,2376,2377,-1,2377,2376,2378,-1,2377,2378,2379,-1,2379,2378,2380,-1,2379,2380,2381,-1,2381,2380,2382,-1,2381,2382,2383,-1,2383,2382,2384,-1,2383,2384,2385,-1,2385,2384,2386,-1,2385,2386,2387,-1,2387,2386,2388,-1,2387,2388,2389,-1,2389,2388,2390,-1,2389,2390,2391,-1,1577,2064,1931,-1,1931,2064,2392,-1,1931,2392,2393,-1,2393,2392,2394,-1,2393,2394,2395,-1,2395,2394,2396,-1,2395,2396,2397,-1,2397,2396,2398,-1,2397,2398,2399,-1,2399,2398,2400,-1,2399,2400,2401,-1,2401,2400,2402,-1,2401,2402,2403,-1,2403,2402,2404,-1,2403,2404,2405,-1,2405,2404,2406,-1,2405,2406,2407,-1,2407,2406,2408,-1,2407,2408,2409,-1,2409,2408,2410,-1,2409,2410,2411,-1,2411,2410,2412,-1,2411,2412,2413,-1,2413,2412,2414,-1,2413,2414,2415,-1,2415,2414,2416,-1,2415,2416,2417,-1,1567,2065,2066,-1,2066,2065,2418,-1,2066,2418,2419,-1,2419,2418,2420,-1,2419,2420,2421,-1,2421,2420,2422,-1,2421,2422,2423,-1,2423,2422,2424,-1,2423,2424,2425,-1,2425,2424,2426,-1,2425,2426,2427,-1,2427,2426,2428,-1,2427,2428,2429,-1,2429,2428,2430,-1,2429,2430,2431,-1,2431,2430,2432,-1,2431,2432,2433,-1,2433,2432,2434,-1,2433,2434,2435,-1,2435,2434,2436,-1,2435,2436,2437,-1,2437,2436,2438,-1,2437,2438,2439,-1,2439,2438,2440,-1,2439,2440,2441,-1,2441,2440,2442,-1,2441,2442,2443,-1,1660,1658,2026,-1,2026,1658,1656,-1,2026,1656,2249,-1,2249,1656,1654,-1,2249,1654,1652,-1,1944,2031,1945,-1,1945,2031,2030,-1,1945,2030,2218,-1,2218,2030,2215,-1,2218,2215,2217,-1,2217,2215,2249,-1,2217,2249,2216,-1,2216,2249,1652,-1,2216,1652,1650,-1,1650,1648,2216,-1,2216,1648,2252,-1,2216,2252,2200,-1,2200,2252,2220,-1,2200,2220,2144,-1,2144,2220,2219,-1,2144,2219,2145,-1,1648,1646,2252,-1,2252,1646,1644,-1,2252,1644,2251,-1,2251,1644,1642,-1,2251,1642,2250,-1,2250,1642,1640,-1,2250,1640,1638,-1,2045,2037,2043,-1,2043,2037,2034,-1,2043,2034,2254,-1,2254,2034,2149,-1,2254,2149,2256,-1,2256,2149,2147,-1,2256,2147,2258,-1,2258,2147,2145,-1,2258,2145,2260,-1,2260,2145,2219,-1,2260,2219,2262,-1,2262,2219,2221,-1,2262,2221,2264,-1,2264,2221,2250,-1,2264,2250,2266,-1,2266,2250,1638,-1,2046,2048,2444,-1,2444,2048,2253,-1,2444,2253,2445,-1,2445,2253,2255,-1,2445,2255,2446,-1,2446,2255,2257,-1,2446,2257,2447,-1,2447,2257,2259,-1,2447,2259,2448,-1,2448,2259,2261,-1,2448,2261,2449,-1,2449,2261,2263,-1,2449,2263,2450,-1,2450,2263,2265,-1,2450,2265,2451,-1,2451,2265,2267,-1,2451,2267,2452,-1,2452,2267,1630,-1,2452,1630,1628,-1,1638,1636,2266,-1,2266,1636,1634,-1,2266,1634,2267,-1,2267,1634,1632,-1,2267,1632,1630,-1,1935,2047,1936,-1,1936,2047,2046,-1,1936,2046,2269,-1,2269,2046,2444,-1,2269,2444,2271,-1,2271,2444,2445,-1,2271,2445,2273,-1,2273,2445,2446,-1,2273,2446,2275,-1,2275,2446,2447,-1,2275,2447,2277,-1,2277,2447,2448,-1,2277,2448,2279,-1,2279,2448,2449,-1,2279,2449,2281,-1,2281,2449,2450,-1,2281,2450,2283,-1,2283,2450,2451,-1,2283,2451,2285,-1,2285,2451,2452,-1,2285,2452,2287,-1,2287,2452,1628,-1,1628,1626,2287,-1,2287,1626,1676,-1,2287,1676,2288,-1,2288,1676,1675,-1,2288,1675,1673,-1,2055,2051,2056,-1,2056,2051,2053,-1,2056,2053,2290,-1,2290,2053,2268,-1,2290,2268,2292,-1,2292,2268,2270,-1,2292,2270,2294,-1,2294,2270,2272,-1,2294,2272,2296,-1,2296,2272,2274,-1,2296,2274,2298,-1,2298,2274,2276,-1,2298,2276,2300,-1,2300,2276,2278,-1,2300,2278,2302,-1,2302,2278,2280,-1,2302,2280,2304,-1,2304,2280,2282,-1,2304,2282,2306,-1,2306,2282,2284,-1,2306,2284,2308,-1,2308,2284,2286,-1,2308,2286,2310,-1,2310,2286,2288,-1,2310,2288,2312,-1,2312,2288,1673,-1,1613,2057,1933,-1,1933,2057,2289,-1,1933,2289,2453,-1,2453,2289,2291,-1,2453,2291,2454,-1,2454,2291,2293,-1,2454,2293,2455,-1,2455,2293,2295,-1,2455,2295,2456,-1,2456,2295,2297,-1,2456,2297,2457,-1,2457,2297,2299,-1,2457,2299,2458,-1,2458,2299,2301,-1,2458,2301,2459,-1,2459,2301,2303,-1,2459,2303,2460,-1,2460,2303,2305,-1,2460,2305,2461,-1,2461,2305,2307,-1,2461,2307,2462,-1,2462,2307,2309,-1,2462,2309,2463,-1,2463,2309,2311,-1,2463,2311,2464,-1,2464,2311,2313,-1,2464,2313,2465,-1,2465,2313,1665,-1,2465,1665,1663,-1,1673,1671,2312,-1,2312,1671,1669,-1,2312,1669,2313,-1,2313,1669,1667,-1,2313,1667,1665,-1,1611,1933,2058,-1,2058,1933,2453,-1,2058,2453,2466,-1,2466,2453,2454,-1,2466,2454,2467,-1,2467,2454,2455,-1,2467,2455,2468,-1,2468,2455,2456,-1,2468,2456,2469,-1,2469,2456,2457,-1,2469,2457,2470,-1,2470,2457,2458,-1,2470,2458,2471,-1,2471,2458,2459,-1,2471,2459,2472,-1,2472,2459,2460,-1,2472,2460,2473,-1,2473,2460,2461,-1,2473,2461,2474,-1,2474,2461,2462,-1,2474,2462,2475,-1,2475,2462,2463,-1,2475,2463,2476,-1,2476,2463,2464,-1,2476,2464,2477,-1,2477,2464,2465,-1,2477,2465,1917,-1,1917,2465,1663,-1,1917,1663,1623,-1,1690,2338,1917,-1,1917,2338,2336,-1,1917,2336,2477,-1,2477,2336,2334,-1,2477,2334,2476,-1,2476,2334,2332,-1,2476,2332,2475,-1,2475,2332,2330,-1,2475,2330,2474,-1,2474,2330,2328,-1,2474,2328,2473,-1,2473,2328,2326,-1,2473,2326,2472,-1,2472,2326,2324,-1,2472,2324,2471,-1,2471,2324,2322,-1,2471,2322,2470,-1,2470,2322,2320,-1,2470,2320,2469,-1,2469,2320,2318,-1,2469,2318,2468,-1,2468,2318,2316,-1,2468,2316,2467,-1,2467,2316,2314,-1,2467,2314,2466,-1,2466,2314,2059,-1,2466,2059,2058,-1,2058,2059,1607,-1,2058,1607,1609,-1,1690,1689,2338,-1,2338,1689,1687,-1,2338,1687,2339,-1,2339,1687,1685,-1,2339,1685,1683,-1,1683,2364,2339,-1,2339,2364,2362,-1,2339,2362,2337,-1,2337,2362,2360,-1,2337,2360,2335,-1,2335,2360,2358,-1,2335,2358,2333,-1,2333,2358,2356,-1,2333,2356,2331,-1,2331,2356,2354,-1,2331,2354,2329,-1,2329,2354,2352,-1,2329,2352,2327,-1,2327,2352,2350,-1,2327,2350,2325,-1,2325,2350,2348,-1,2325,2348,2323,-1,2323,2348,2346,-1,2323,2346,2321,-1,2321,2346,2344,-1,2321,2344,2319,-1,2319,2344,2342,-1,2319,2342,2317,-1,2317,2342,2340,-1,2317,2340,2315,-1,2315,2340,2061,-1,2315,2061,2060,-1,2060,2061,1599,-1,2060,1599,1601,-1,1591,1932,2478,-1,2478,1932,2341,-1,2478,2341,2479,-1,2479,2341,2343,-1,2479,2343,2480,-1,2480,2343,2345,-1,2480,2345,2481,-1,2481,2345,2347,-1,2481,2347,2482,-1,2482,2347,2349,-1,2482,2349,2483,-1,2483,2349,2351,-1,2483,2351,2484,-1,2484,2351,2353,-1,2484,2353,2485,-1,2485,2353,2355,-1,2485,2355,2486,-1,2486,2355,2357,-1,2486,2357,2487,-1,2487,2357,2359,-1,2487,2359,2488,-1,2488,2359,2361,-1,2488,2361,2489,-1,2489,2361,2363,-1,2489,2363,2490,-1,2490,2363,2365,-1,2490,2365,2491,-1,2491,2365,1619,-1,2491,1619,1618,-1,1683,1681,2364,-1,2364,1681,1679,-1,2364,1679,2365,-1,2365,1679,1678,-1,2365,1678,1619,-1,1618,2390,2491,-1,2491,2390,2388,-1,2491,2388,2490,-1,2490,2388,2386,-1,2490,2386,2489,-1,2489,2386,2384,-1,2489,2384,2488,-1,2488,2384,2382,-1,2488,2382,2487,-1,2487,2382,2380,-1,2487,2380,2486,-1,2486,2380,2378,-1,2486,2378,2485,-1,2485,2378,2376,-1,2485,2376,2484,-1,2484,2376,2374,-1,2484,2374,2483,-1,2483,2374,2372,-1,2483,2372,2482,-1,2482,2372,2370,-1,2482,2370,2481,-1,2481,2370,2368,-1,2481,2368,2480,-1,2480,2368,2366,-1,2480,2366,2479,-1,2479,2366,2062,-1,2479,2062,2478,-1,2478,2062,1589,-1,2478,1589,1591,-1,1618,1691,2390,-1,2390,1691,1693,-1,2390,1693,2391,-1,2391,1693,1694,-1,2391,1694,1696,-1,1696,2416,2391,-1,2391,2416,2414,-1,2391,2414,2389,-1,2389,2414,2412,-1,2389,2412,2387,-1,2387,2412,2410,-1,2387,2410,2385,-1,2385,2410,2408,-1,2385,2408,2383,-1,2383,2408,2406,-1,2383,2406,2381,-1,2381,2406,2404,-1,2381,2404,2379,-1,2379,2404,2402,-1,2379,2402,2377,-1,2377,2402,2400,-1,2377,2400,2375,-1,2375,2400,2398,-1,2375,2398,2373,-1,2373,2398,2396,-1,2373,2396,2371,-1,2371,2396,2394,-1,2371,2394,2369,-1,2369,2394,2392,-1,2369,2392,2367,-1,2367,2392,2064,-1,2367,2064,2063,-1,2063,2064,1581,-1,2063,1581,1583,-1,1573,1931,2492,-1,2492,1931,2393,-1,2492,2393,2493,-1,2493,2393,2395,-1,2493,2395,2494,-1,2494,2395,2397,-1,2494,2397,2495,-1,2495,2397,2399,-1,2495,2399,2496,-1,2496,2399,2401,-1,2496,2401,2497,-1,2497,2401,2403,-1,2497,2403,2498,-1,2498,2403,2405,-1,2498,2405,2499,-1,2499,2405,2407,-1,2499,2407,2500,-1,2500,2407,2409,-1,2500,2409,2501,-1,2501,2409,2411,-1,2501,2411,2502,-1,2502,2411,2413,-1,2502,2413,2503,-1,2503,2413,2415,-1,2503,2415,2504,-1,2504,2415,2417,-1,2504,2417,2505,-1,2505,2417,1701,-1,2505,1701,1705,-1,1696,1697,2416,-1,2416,1697,1699,-1,2416,1699,2417,-1,2417,1699,1702,-1,2417,1702,1701,-1,1705,2442,2505,-1,2505,2442,2440,-1,2505,2440,2504,-1,2504,2440,2438,-1,2504,2438,2503,-1,2503,2438,2436,-1,2503,2436,2502,-1,2502,2436,2434,-1,2502,2434,2501,-1,2501,2434,2432,-1,2501,2432,2500,-1,2500,2432,2430,-1,2500,2430,2499,-1,2499,2430,2428,-1,2499,2428,2498,-1,2498,2428,2426,-1,2498,2426,2497,-1,2497,2426,2424,-1,2497,2424,2496,-1,2496,2424,2422,-1,2496,2422,2495,-1,2495,2422,2420,-1,2495,2420,2494,-1,2494,2420,2418,-1,2494,2418,2493,-1,2493,2418,2065,-1,2493,2065,2492,-1,2492,2065,1571,-1,2492,1571,1573,-1,1705,1704,2442,-1,2442,1704,1708,-1,2442,1708,2443,-1,2443,1708,1707,-1,2443,1707,1711,-1,1563,2066,1920,-1,1920,2066,2419,-1,1920,2419,1918,-1,1918,2419,2421,-1,1918,2421,2074,-1,2074,2421,2423,-1,2074,2423,2077,-1,2077,2423,2425,-1,2077,2425,2081,-1,2081,2425,2427,-1,2081,2427,2086,-1,2086,2427,2429,-1,2086,2429,2092,-1,2092,2429,2431,-1,2092,2431,2099,-1,2099,2431,2433,-1,2099,2433,2108,-1,2108,2433,2435,-1,2108,2435,2117,-1,2117,2435,2437,-1,2117,2437,2127,-1,2127,2437,2439,-1,2127,2439,2160,-1,2160,2439,2441,-1,2160,2441,2214,-1,2214,2441,2443,-1,2214,2443,2235,-1,2235,2443,1711,-1,2235,1711,1710,-1,1511,1513,1924,-1,1924,1513,2222,-1,1924,2222,2506,-1,2506,2222,2223,-1,2506,2223,2507,-1,2507,2223,2224,-1,2507,2224,2508,-1,2508,2224,2225,-1,2508,2225,2509,-1,2509,2225,2226,-1,2509,2226,2510,-1,2510,2226,2227,-1,2510,2227,2511,-1,2511,2227,2228,-1,2511,2228,2512,-1,2512,2228,2229,-1,2512,2229,2513,-1,2513,2229,2230,-1,2513,2230,2514,-1,2514,2230,2231,-1,2514,2231,2515,-1,2515,2231,2232,-1,2515,2232,2516,-1,2516,2232,2233,-1,2516,2233,2517,-1,2517,2233,2234,-1,2517,2234,1916,-1,1916,2234,2235,-1,1916,2235,1714,-1,1714,2235,1710,-1,1507,1509,1923,-1,1923,1509,1924,-1,1923,1924,2236,-1,2236,1924,2506,-1,2236,2506,2237,-1,2237,2506,2507,-1,2237,2507,2238,-1,2238,2507,2508,-1,2238,2508,2239,-1,2239,2508,2509,-1,2239,2509,2240,-1,2240,2509,2510,-1,2240,2510,2241,-1,2241,2510,2511,-1,2241,2511,2242,-1,2242,2511,2512,-1,2242,2512,2243,-1,2243,2512,2513,-1,2243,2513,2244,-1,2244,2513,2514,-1,2244,2514,2245,-1,2245,2514,2515,-1,2245,2515,2246,-1,2246,2515,2516,-1,2246,2516,2247,-1,2247,2516,2517,-1,2247,2517,1915,-1,1915,2517,1916,-1,1915,1916,1717,-1,1717,1916,1713,-1,1542,1540,2518,-1,1600,1598,2519,-1,2520,2521,2522,-1,1363,1365,2523,-1,1381,1383,2524,-1,1395,1397,2525,-1,1399,1401,2526,-1,1421,1423,2527,-1,1435,1437,2528,-1,1439,1441,2529,-1,1453,1455,2530,-1,1457,1459,2531,-1,1475,1477,2532,-1,2533,2534,2535,-1,2536,2537,2538,-1,2539,2540,2541,-1,2542,2543,2544,-1,2545,2546,2547,-1,2548,2549,2550,-1,2551,2552,2553,-1,2554,2555,2556,-1,2557,2558,2559,-1,2560,2521,2561,-1,2561,2521,2520,-1,2561,2520,2562,-1,2563,2564,2565,-1,2565,2564,2566,-1,2567,2568,2569,-1,2569,2568,2570,-1,2569,2570,2571,-1,2572,2573,2569,-1,2573,2574,2569,-1,2569,2574,2575,-1,2569,2575,2567,-1,2576,2577,2578,-1,2578,2577,2579,-1,2578,2579,2580,-1,2581,2582,2583,-1,2583,2582,2584,-1,2583,2584,2585,-1,2548,2550,2586,-1,1484,1483,2586,-1,2587,2588,2589,-1,2589,2588,2590,-1,2591,2592,2588,-1,2592,2593,2588,-1,2588,2593,2594,-1,2588,2594,2590,-1,2595,2596,2597,-1,2597,2596,2598,-1,2597,2598,2599,-1,2600,2601,2602,-1,2602,2601,2603,-1,2533,2535,2604,-1,2605,2606,2607,-1,2608,2609,2610,-1,1477,1479,2611,-1,2612,1473,1475,-1,1467,1469,2613,-1,2613,1469,1471,-1,2614,1465,1467,-1,2615,1461,1463,-1,1461,2615,1459,-1,1457,2531,1455,-1,2616,1451,1453,-1,1445,1447,2617,-1,2617,1447,1449,-1,2618,1443,1445,-1,1439,2529,1437,-1,2619,1433,1435,-1,1427,1429,2620,-1,2620,1429,1431,-1,2621,1425,1427,-1,1417,1419,2622,-1,2622,1419,1421,-1,2623,1415,1417,-1,1409,1411,2624,-1,2624,1411,1413,-1,2625,1407,1409,-1,2626,1403,1405,-1,1403,2626,1401,-1,1399,2526,1397,-1,2627,1393,1395,-1,2628,1389,1391,-1,2629,1385,1387,-1,2630,1375,1377,-1,2631,1371,1373,-1,2632,1367,1369,-1,2633,1357,1359,-1,2634,1353,1355,-1,2560,2635,2521,-1,2521,2635,1346,-1,2521,1346,2522,-1,2522,1346,1349,-1,2522,1349,1351,-1,2558,2562,2559,-1,2559,2562,2520,-1,2559,2520,2636,-1,2636,2520,2522,-1,2636,2522,2634,-1,2634,2522,1351,-1,2634,1351,1353,-1,2637,2557,2638,-1,2638,2557,2559,-1,2638,2559,2639,-1,2639,2559,2636,-1,2639,2636,2640,-1,2640,2636,2634,-1,2640,2634,2633,-1,2633,2634,1355,-1,2633,1355,1357,-1,2555,2637,2556,-1,2556,2637,2638,-1,2556,2638,2641,-1,2641,2638,2639,-1,2641,2639,2642,-1,2642,2639,2640,-1,2642,2640,2643,-1,2643,2640,2633,-1,2643,2633,2644,-1,2644,2633,1359,-1,2644,1359,1361,-1,2552,2554,2553,-1,2553,2554,2556,-1,2553,2556,2645,-1,2645,2556,2641,-1,2645,2641,2646,-1,2646,2641,2642,-1,2646,2642,2647,-1,2647,2642,2643,-1,2647,2643,2648,-1,2648,2643,2644,-1,2648,2644,2523,-1,2523,2644,1361,-1,2523,1361,1363,-1,2566,2551,2565,-1,2565,2551,2553,-1,2565,2553,2649,-1,2649,2553,2645,-1,2649,2645,2650,-1,2650,2645,2646,-1,2650,2646,2651,-1,2651,2646,2647,-1,2651,2647,2652,-1,2652,2647,2648,-1,2652,2648,2653,-1,2653,2648,2523,-1,2653,2523,2632,-1,2632,2523,1365,-1,2632,1365,1367,-1,2571,2563,2569,-1,2569,2563,2565,-1,2569,2565,2654,-1,2654,2565,2649,-1,2654,2649,2655,-1,2655,2649,2650,-1,2655,2650,2656,-1,2656,2650,2651,-1,2656,2651,2657,-1,2657,2651,2652,-1,2657,2652,2658,-1,2658,2652,2653,-1,2658,2653,2659,-1,2659,2653,2632,-1,2659,2632,2631,-1,2631,2632,1369,-1,2631,1369,1371,-1,2580,2572,2578,-1,2578,2572,2569,-1,2578,2569,2660,-1,2660,2569,2654,-1,2660,2654,2661,-1,2661,2654,2655,-1,2661,2655,2662,-1,2662,2655,2656,-1,2662,2656,2663,-1,2663,2656,2657,-1,2663,2657,2664,-1,2664,2657,2658,-1,2664,2658,2665,-1,2665,2658,2659,-1,2665,2659,2666,-1,2666,2659,2631,-1,2666,2631,2630,-1,2630,2631,1373,-1,2630,1373,1375,-1,2576,2578,2667,-1,2667,2578,2660,-1,2667,2660,2668,-1,2668,2660,2661,-1,2668,2661,2669,-1,2669,2661,2662,-1,2669,2662,2670,-1,2670,2662,2663,-1,2670,2663,2671,-1,2671,2663,2664,-1,2671,2664,2672,-1,2672,2664,2665,-1,2672,2665,2673,-1,2673,2665,2666,-1,2673,2666,2674,-1,2674,2666,2630,-1,2674,2630,2675,-1,2675,2630,1377,-1,2675,1377,1379,-1,2585,2577,2583,-1,2583,2577,2576,-1,2583,2576,2676,-1,2676,2576,2667,-1,2676,2667,2677,-1,2677,2667,2668,-1,2677,2668,2678,-1,2678,2668,2669,-1,2678,2669,2679,-1,2679,2669,2670,-1,2679,2670,2680,-1,2680,2670,2671,-1,2680,2671,2681,-1,2681,2671,2672,-1,2681,2672,2682,-1,2682,2672,2673,-1,2682,2673,2683,-1,2683,2673,2674,-1,2683,2674,2684,-1,2684,2674,2675,-1,2684,2675,2524,-1,2524,2675,1379,-1,2524,1379,1381,-1,2581,2583,2685,-1,2685,2583,2676,-1,2685,2676,2686,-1,2686,2676,2677,-1,2686,2677,2687,-1,2687,2677,2678,-1,2687,2678,2688,-1,2688,2678,2679,-1,2688,2679,2689,-1,2689,2679,2680,-1,2689,2680,2690,-1,2690,2680,2681,-1,2690,2681,2691,-1,2691,2681,2682,-1,2691,2682,2692,-1,2692,2682,2683,-1,2692,2683,2693,-1,2693,2683,2684,-1,2693,2684,2694,-1,2694,2684,2524,-1,2694,2524,2629,-1,2629,2524,1383,-1,2629,1383,1385,-1,2549,2582,2550,-1,2550,2582,2581,-1,2550,2581,2695,-1,2695,2581,2685,-1,2695,2685,2696,-1,2696,2685,2686,-1,2696,2686,2697,-1,2697,2686,2687,-1,2697,2687,2698,-1,2698,2687,2688,-1,2698,2688,2699,-1,2699,2688,2689,-1,2699,2689,2700,-1,2700,2689,2690,-1,2700,2690,2701,-1,2701,2690,2691,-1,2701,2691,2702,-1,2702,2691,2692,-1,2702,2692,2703,-1,2703,2692,2693,-1,2703,2693,2704,-1,2704,2693,2694,-1,2704,2694,2705,-1,2705,2694,2629,-1,2705,2629,2628,-1,2628,2629,1387,-1,2628,1387,1389,-1,1484,2586,2706,-1,2706,2586,2550,-1,2706,2550,2707,-1,2707,2550,2695,-1,2707,2695,2708,-1,2708,2695,2696,-1,2708,2696,2709,-1,2709,2696,2697,-1,2709,2697,2710,-1,2710,2697,2698,-1,2710,2698,2711,-1,2711,2698,2699,-1,2711,2699,2712,-1,2712,2699,2700,-1,2712,2700,2713,-1,2713,2700,2701,-1,2713,2701,2714,-1,2714,2701,2702,-1,2714,2702,2715,-1,2715,2702,2703,-1,2715,2703,2716,-1,2716,2703,2704,-1,2716,2704,2717,-1,2717,2704,2705,-1,2717,2705,2718,-1,2718,2705,2628,-1,2718,2628,2627,-1,2627,2628,1391,-1,2627,1391,1393,-1,2546,2719,2547,-1,2547,2719,2720,-1,2547,2720,2721,-1,2543,2722,2544,-1,2544,2722,2723,-1,2544,2723,2724,-1,2724,2723,2725,-1,2724,2725,2726,-1,2726,2725,2727,-1,2726,2727,2728,-1,2599,2591,2597,-1,2597,2591,2588,-1,2597,2588,2729,-1,2729,2588,2730,-1,2729,2730,2731,-1,2731,2730,2732,-1,2731,2732,2733,-1,2733,2732,2734,-1,2733,2734,2735,-1,2735,2734,2736,-1,2735,2736,2737,-1,2737,2736,2738,-1,2737,2738,2739,-1,2739,2738,2740,-1,2739,2740,2741,-1,2600,2602,2742,-1,2742,2602,2743,-1,2742,2743,2744,-1,2744,2743,2745,-1,2744,2745,2746,-1,2746,2745,2747,-1,2746,2747,2748,-1,2748,2747,2749,-1,2748,2749,2750,-1,2750,2749,2751,-1,2750,2751,2752,-1,2752,2751,2753,-1,2752,2753,2754,-1,2754,2753,2755,-1,2754,2755,2756,-1,2756,2755,2757,-1,2756,2757,2758,-1,2609,2605,2610,-1,2610,2605,2607,-1,2610,2607,2759,-1,2759,2607,2760,-1,2759,2760,2761,-1,2761,2760,2762,-1,2761,2762,2763,-1,2763,2762,2764,-1,2763,2764,2765,-1,2765,2764,2766,-1,2765,2766,2767,-1,2767,2766,2768,-1,2767,2768,2769,-1,2769,2768,2770,-1,2769,2770,2771,-1,2771,2770,2772,-1,2771,2772,2773,-1,2773,2772,2774,-1,2773,2774,2775,-1,2775,2774,2776,-1,2775,2776,2777,-1,2777,2776,2778,-1,2777,2778,2779,-1,2779,2778,2780,-1,2779,2780,2781,-1,1477,2611,2532,-1,2532,2611,2782,-1,2532,2782,2783,-1,2783,2782,2784,-1,2783,2784,2785,-1,2785,2784,2786,-1,2785,2786,2787,-1,2787,2786,2788,-1,2787,2788,2789,-1,2789,2788,2790,-1,2789,2790,2791,-1,2791,2790,2792,-1,2791,2792,2793,-1,2793,2792,2794,-1,2793,2794,2795,-1,2795,2794,2796,-1,2795,2796,2797,-1,2797,2796,2798,-1,2797,2798,2799,-1,2799,2798,2800,-1,2799,2800,2801,-1,2801,2800,2802,-1,2801,2802,2803,-1,2803,2802,2804,-1,2803,2804,2805,-1,2805,2804,2806,-1,2805,2806,2807,-1,1467,2613,2614,-1,2614,2613,2808,-1,2614,2808,2809,-1,2809,2808,2810,-1,2809,2810,2811,-1,2811,2810,2812,-1,2811,2812,2813,-1,2813,2812,2814,-1,2813,2814,2815,-1,2815,2814,2816,-1,2815,2816,2817,-1,2817,2816,2818,-1,2817,2818,2819,-1,2819,2818,2820,-1,2819,2820,2821,-1,2821,2820,2822,-1,2821,2822,2823,-1,2823,2822,2824,-1,2823,2824,2825,-1,2825,2824,2826,-1,2825,2826,2827,-1,2827,2826,2828,-1,2827,2828,2829,-1,2829,2828,2830,-1,2829,2830,2831,-1,2831,2830,2832,-1,2831,2832,2833,-1,1459,2615,2531,-1,2531,2615,2834,-1,2531,2834,2835,-1,2835,2834,2836,-1,2835,2836,2837,-1,2837,2836,2838,-1,2837,2838,2839,-1,2839,2838,2840,-1,2839,2840,2841,-1,2841,2840,2842,-1,2841,2842,2843,-1,2843,2842,2844,-1,2843,2844,2845,-1,2845,2844,2846,-1,2845,2846,2847,-1,2847,2846,2848,-1,2847,2848,2849,-1,2849,2848,2850,-1,2849,2850,2851,-1,2851,2850,2852,-1,2851,2852,2853,-1,2853,2852,2854,-1,2853,2854,2855,-1,2855,2854,2856,-1,2855,2856,2857,-1,2857,2856,2858,-1,2857,2858,2859,-1,1445,2617,2618,-1,2618,2617,2860,-1,2618,2860,2861,-1,2861,2860,2862,-1,2861,2862,2863,-1,2863,2862,2864,-1,2863,2864,2865,-1,2865,2864,2866,-1,2865,2866,2867,-1,2867,2866,2868,-1,2867,2868,2869,-1,2869,2868,2870,-1,2869,2870,2871,-1,2871,2870,2872,-1,2871,2872,2873,-1,2873,2872,2874,-1,2873,2874,2875,-1,2875,2874,2876,-1,2875,2876,2877,-1,2877,2876,2878,-1,2877,2878,2879,-1,2879,2878,2880,-1,2879,2880,2881,-1,2881,2880,2882,-1,2881,2882,2883,-1,2883,2882,2884,-1,2883,2884,2885,-1,1437,2529,2528,-1,2528,2529,2886,-1,2528,2886,2887,-1,2887,2886,2888,-1,2887,2888,2889,-1,2889,2888,2890,-1,2889,2890,2891,-1,2891,2890,2892,-1,2891,2892,2893,-1,2893,2892,2894,-1,2893,2894,2895,-1,2895,2894,2896,-1,2895,2896,2897,-1,2897,2896,2898,-1,2897,2898,2899,-1,2899,2898,2900,-1,2899,2900,2901,-1,2901,2900,2902,-1,2901,2902,2903,-1,2903,2902,2904,-1,2903,2904,2905,-1,2905,2904,2906,-1,2905,2906,2907,-1,2907,2906,2908,-1,2907,2908,2909,-1,2909,2908,2910,-1,2909,2910,2911,-1,1427,2620,2621,-1,2621,2620,2912,-1,2621,2912,2913,-1,2913,2912,2914,-1,2913,2914,2915,-1,2915,2914,2916,-1,2915,2916,2917,-1,2917,2916,2918,-1,2917,2918,2919,-1,2919,2918,2920,-1,2919,2920,2921,-1,2921,2920,2922,-1,2921,2922,2923,-1,2923,2922,2924,-1,2923,2924,2925,-1,2925,2924,2926,-1,2925,2926,2927,-1,2927,2926,2928,-1,2927,2928,2929,-1,2929,2928,2930,-1,2929,2930,2931,-1,2931,2930,2932,-1,2931,2932,2933,-1,2933,2932,2934,-1,2933,2934,2935,-1,2935,2934,2936,-1,2935,2936,2937,-1,1421,2527,2622,-1,2622,2527,2938,-1,2622,2938,2939,-1,2939,2938,2940,-1,2939,2940,2941,-1,2941,2940,2942,-1,2941,2942,2943,-1,2943,2942,2944,-1,2943,2944,2945,-1,2945,2944,2946,-1,2945,2946,2947,-1,2947,2946,2948,-1,2947,2948,2949,-1,2949,2948,2950,-1,2949,2950,2951,-1,2951,2950,2952,-1,2951,2952,2953,-1,2953,2952,2954,-1,2953,2954,2955,-1,2955,2954,2956,-1,2955,2956,2957,-1,2957,2956,2958,-1,2957,2958,2959,-1,2959,2958,2960,-1,2959,2960,2961,-1,2961,2960,2962,-1,2961,2962,2963,-1,1409,2624,2625,-1,2625,2624,2964,-1,2625,2964,2965,-1,2965,2964,2966,-1,2965,2966,2967,-1,2967,2966,2968,-1,2967,2968,2969,-1,2969,2968,2970,-1,2969,2970,2971,-1,2971,2970,2972,-1,2971,2972,2973,-1,2973,2972,2974,-1,2973,2974,2975,-1,2975,2974,2976,-1,2975,2976,2977,-1,2977,2976,2978,-1,2977,2978,2979,-1,2979,2978,2980,-1,2979,2980,2981,-1,2981,2980,2982,-1,2981,2982,2983,-1,2983,2982,2984,-1,2983,2984,2985,-1,2985,2984,2986,-1,2985,2986,2987,-1,2987,2986,2988,-1,2987,2988,2989,-1,1401,2626,2526,-1,2526,2626,2990,-1,2526,2990,2991,-1,2991,2990,2992,-1,2991,2992,2993,-1,2993,2992,2994,-1,2993,2994,2995,-1,2995,2994,2996,-1,2995,2996,2997,-1,2997,2996,2998,-1,2997,2998,2999,-1,2999,2998,3000,-1,2999,3000,3001,-1,3001,3000,3002,-1,3001,3002,3003,-1,3003,3002,3004,-1,3003,3004,3005,-1,3005,3004,3006,-1,3005,3006,3007,-1,3007,3006,3008,-1,3007,3008,3009,-1,3009,3008,3010,-1,3009,3010,3011,-1,3011,3010,3012,-1,3011,3012,3013,-1,3013,3012,3014,-1,3013,3014,3015,-1,2719,3016,2720,-1,2720,3016,1616,-1,2720,1616,2721,-1,2721,1616,1614,-1,2721,1614,1612,-1,2722,2545,2723,-1,2723,2545,2547,-1,2723,2547,2725,-1,2725,2547,2721,-1,2725,2721,2727,-1,2727,2721,1612,-1,2540,2542,2541,-1,2541,2542,2544,-1,2541,2544,3017,-1,3017,2544,2724,-1,3017,2724,3018,-1,3018,2724,2726,-1,3018,2726,3019,-1,3019,2726,2728,-1,3019,2728,3020,-1,3020,2728,1604,-1,3020,1604,1602,-1,1612,1610,2727,-1,2727,1610,1608,-1,2727,1608,2728,-1,2728,1608,1606,-1,2728,1606,1604,-1,2537,2539,2538,-1,2538,2539,2541,-1,2538,2541,3021,-1,3021,2541,3017,-1,3021,3017,3022,-1,3022,3017,3018,-1,3022,3018,3023,-1,3023,3018,3019,-1,3023,3019,3024,-1,3024,3019,3020,-1,3024,3020,2519,-1,2519,3020,1602,-1,2519,1602,1600,-1,2587,2536,2588,-1,2588,2536,2538,-1,2588,2538,2730,-1,2730,2538,3021,-1,2730,3021,2732,-1,2732,3021,3022,-1,2732,3022,2734,-1,2734,3022,3023,-1,2734,3023,2736,-1,2736,3023,3024,-1,2736,3024,2738,-1,2738,3024,2519,-1,2738,2519,2740,-1,2740,2519,1598,-1,1598,1596,2740,-1,2740,1596,1594,-1,2740,1594,2741,-1,2741,1594,1592,-1,2741,1592,1590,-1,2603,2595,2602,-1,2602,2595,2597,-1,2602,2597,2743,-1,2743,2597,2729,-1,2743,2729,2745,-1,2745,2729,2731,-1,2745,2731,2747,-1,2747,2731,2733,-1,2747,2733,2749,-1,2749,2733,2735,-1,2749,2735,2751,-1,2751,2735,2737,-1,2751,2737,2753,-1,2753,2737,2739,-1,2753,2739,2755,-1,2755,2739,2741,-1,2755,2741,2757,-1,2757,2741,1590,-1,2534,2601,2535,-1,2535,2601,2600,-1,2535,2600,3025,-1,3025,2600,2742,-1,3025,2742,3026,-1,3026,2742,2744,-1,3026,2744,3027,-1,3027,2744,2746,-1,3027,2746,3028,-1,3028,2746,2748,-1,3028,2748,3029,-1,3029,2748,2750,-1,3029,2750,3030,-1,3030,2750,2752,-1,3030,2752,3031,-1,3031,2752,2754,-1,3031,2754,3032,-1,3032,2754,2756,-1,3032,2756,3033,-1,3033,2756,2758,-1,3033,2758,3034,-1,3034,2758,1582,-1,3034,1582,1580,-1,1590,1588,2757,-1,2757,1588,1586,-1,2757,1586,2758,-1,2758,1586,1584,-1,2758,1584,1582,-1,2606,2604,2607,-1,2607,2604,2535,-1,2607,2535,2760,-1,2760,2535,3025,-1,2760,3025,2762,-1,2762,3025,3026,-1,2762,3026,2764,-1,2764,3026,3027,-1,2764,3027,2766,-1,2766,3027,3028,-1,2766,3028,2768,-1,2768,3028,3029,-1,2768,3029,2770,-1,2770,3029,3030,-1,2770,3030,2772,-1,2772,3030,3031,-1,2772,3031,2774,-1,2774,3031,3032,-1,2774,3032,2776,-1,2776,3032,3033,-1,2776,3033,2778,-1,2778,3033,3034,-1,2778,3034,2780,-1,2780,3034,1580,-1,1580,1578,2780,-1,2780,1578,1576,-1,2780,1576,2781,-1,2781,1576,1574,-1,2781,1574,1572,-1,1572,2806,2781,-1,2781,2806,2804,-1,2781,2804,2779,-1,2779,2804,2802,-1,2779,2802,2777,-1,2777,2802,2800,-1,2777,2800,2775,-1,2775,2800,2798,-1,2775,2798,2773,-1,2773,2798,2796,-1,2773,2796,2771,-1,2771,2796,2794,-1,2771,2794,2769,-1,2769,2794,2792,-1,2769,2792,2767,-1,2767,2792,2790,-1,2767,2790,2765,-1,2765,2790,2788,-1,2765,2788,2763,-1,2763,2788,2786,-1,2763,2786,2761,-1,2761,2786,2784,-1,2761,2784,2759,-1,2759,2784,2782,-1,2759,2782,2610,-1,2610,2782,2611,-1,2610,2611,2608,-1,2608,2611,1479,-1,2608,1479,1481,-1,1475,2532,2612,-1,2612,2532,2783,-1,2612,2783,3035,-1,3035,2783,2785,-1,3035,2785,3036,-1,3036,2785,2787,-1,3036,2787,3037,-1,3037,2787,2789,-1,3037,2789,3038,-1,3038,2789,2791,-1,3038,2791,3039,-1,3039,2791,2793,-1,3039,2793,3040,-1,3040,2793,2795,-1,3040,2795,3041,-1,3041,2795,2797,-1,3041,2797,3042,-1,3042,2797,2799,-1,3042,2799,3043,-1,3043,2799,2801,-1,3043,2801,3044,-1,3044,2801,2803,-1,3044,2803,3045,-1,3045,2803,2805,-1,3045,2805,3046,-1,3046,2805,2807,-1,3046,2807,3047,-1,3047,2807,1564,-1,3047,1564,1562,-1,1572,1570,2806,-1,2806,1570,1568,-1,2806,1568,2807,-1,2807,1568,1566,-1,2807,1566,1564,-1,1562,2832,3047,-1,3047,2832,2830,-1,3047,2830,3046,-1,3046,2830,2828,-1,3046,2828,3045,-1,3045,2828,2826,-1,3045,2826,3044,-1,3044,2826,2824,-1,3044,2824,3043,-1,3043,2824,2822,-1,3043,2822,3042,-1,3042,2822,2820,-1,3042,2820,3041,-1,3041,2820,2818,-1,3041,2818,3040,-1,3040,2818,2816,-1,3040,2816,3039,-1,3039,2816,2814,-1,3039,2814,3038,-1,3038,2814,2812,-1,3038,2812,3037,-1,3037,2812,2810,-1,3037,2810,3036,-1,3036,2810,2808,-1,3036,2808,3035,-1,3035,2808,2613,-1,3035,2613,2612,-1,2612,2613,1471,-1,2612,1471,1473,-1,1562,1560,2832,-1,2832,1560,1558,-1,2832,1558,2833,-1,2833,1558,1556,-1,2833,1556,1554,-1,1554,2858,2833,-1,2833,2858,2856,-1,2833,2856,2831,-1,2831,2856,2854,-1,2831,2854,2829,-1,2829,2854,2852,-1,2829,2852,2827,-1,2827,2852,2850,-1,2827,2850,2825,-1,2825,2850,2848,-1,2825,2848,2823,-1,2823,2848,2846,-1,2823,2846,2821,-1,2821,2846,2844,-1,2821,2844,2819,-1,2819,2844,2842,-1,2819,2842,2817,-1,2817,2842,2840,-1,2817,2840,2815,-1,2815,2840,2838,-1,2815,2838,2813,-1,2813,2838,2836,-1,2813,2836,2811,-1,2811,2836,2834,-1,2811,2834,2809,-1,2809,2834,2615,-1,2809,2615,2614,-1,2614,2615,1463,-1,2614,1463,1465,-1,1455,2531,2530,-1,2530,2531,2835,-1,2530,2835,3048,-1,3048,2835,2837,-1,3048,2837,3049,-1,3049,2837,2839,-1,3049,2839,3050,-1,3050,2839,2841,-1,3050,2841,3051,-1,3051,2841,2843,-1,3051,2843,3052,-1,3052,2843,2845,-1,3052,2845,3053,-1,3053,2845,2847,-1,3053,2847,3054,-1,3054,2847,2849,-1,3054,2849,3055,-1,3055,2849,2851,-1,3055,2851,3056,-1,3056,2851,2853,-1,3056,2853,3057,-1,3057,2853,2855,-1,3057,2855,3058,-1,3058,2855,2857,-1,3058,2857,3059,-1,3059,2857,2859,-1,3059,2859,3060,-1,3060,2859,1546,-1,3060,1546,1544,-1,1554,1552,2858,-1,2858,1552,1550,-1,2858,1550,2859,-1,2859,1550,1548,-1,2859,1548,1546,-1,1453,2530,2616,-1,2616,2530,3048,-1,2616,3048,3061,-1,3061,3048,3049,-1,3061,3049,3062,-1,3062,3049,3050,-1,3062,3050,3063,-1,3063,3050,3051,-1,3063,3051,3064,-1,3064,3051,3052,-1,3064,3052,3065,-1,3065,3052,3053,-1,3065,3053,3066,-1,3066,3053,3054,-1,3066,3054,3067,-1,3067,3054,3055,-1,3067,3055,3068,-1,3068,3055,3056,-1,3068,3056,3069,-1,3069,3056,3057,-1,3069,3057,3070,-1,3070,3057,3058,-1,3070,3058,3071,-1,3071,3058,3059,-1,3071,3059,3072,-1,3072,3059,3060,-1,3072,3060,2518,-1,2518,3060,1544,-1,2518,1544,1542,-1,1540,2884,2518,-1,2518,2884,2882,-1,2518,2882,3072,-1,3072,2882,2880,-1,3072,2880,3071,-1,3071,2880,2878,-1,3071,2878,3070,-1,3070,2878,2876,-1,3070,2876,3069,-1,3069,2876,2874,-1,3069,2874,3068,-1,3068,2874,2872,-1,3068,2872,3067,-1,3067,2872,2870,-1,3067,2870,3066,-1,3066,2870,2868,-1,3066,2868,3065,-1,3065,2868,2866,-1,3065,2866,3064,-1,3064,2866,2864,-1,3064,2864,3063,-1,3063,2864,2862,-1,3063,2862,3062,-1,3062,2862,2860,-1,3062,2860,3061,-1,3061,2860,2617,-1,3061,2617,2616,-1,2616,2617,1449,-1,2616,1449,1451,-1,1540,1538,2884,-1,2884,1538,1536,-1,2884,1536,2885,-1,2885,1536,1534,-1,2885,1534,1532,-1,1532,2910,2885,-1,2885,2910,2908,-1,2885,2908,2883,-1,2883,2908,2906,-1,2883,2906,2881,-1,2881,2906,2904,-1,2881,2904,2879,-1,2879,2904,2902,-1,2879,2902,2877,-1,2877,2902,2900,-1,2877,2900,2875,-1,2875,2900,2898,-1,2875,2898,2873,-1,2873,2898,2896,-1,2873,2896,2871,-1,2871,2896,2894,-1,2871,2894,2869,-1,2869,2894,2892,-1,2869,2892,2867,-1,2867,2892,2890,-1,2867,2890,2865,-1,2865,2890,2888,-1,2865,2888,2863,-1,2863,2888,2886,-1,2863,2886,2861,-1,2861,2886,2529,-1,2861,2529,2618,-1,2618,2529,1441,-1,2618,1441,1443,-1,1435,2528,2619,-1,2619,2528,2887,-1,2619,2887,3073,-1,3073,2887,2889,-1,3073,2889,3074,-1,3074,2889,2891,-1,3074,2891,3075,-1,3075,2891,2893,-1,3075,2893,3076,-1,3076,2893,2895,-1,3076,2895,3077,-1,3077,2895,2897,-1,3077,2897,3078,-1,3078,2897,2899,-1,3078,2899,3079,-1,3079,2899,2901,-1,3079,2901,3080,-1,3080,2901,2903,-1,3080,2903,3081,-1,3081,2903,2905,-1,3081,2905,3082,-1,3082,2905,2907,-1,3082,2907,3083,-1,3083,2907,2909,-1,3083,2909,3084,-1,3084,2909,2911,-1,3084,2911,3085,-1,3085,2911,1524,-1,3085,1524,1522,-1,1532,1530,2910,-1,2910,1530,1528,-1,2910,1528,2911,-1,2911,1528,1526,-1,2911,1526,1524,-1,1522,2936,3085,-1,3085,2936,2934,-1,3085,2934,3084,-1,3084,2934,2932,-1,3084,2932,3083,-1,3083,2932,2930,-1,3083,2930,3082,-1,3082,2930,2928,-1,3082,2928,3081,-1,3081,2928,2926,-1,3081,2926,3080,-1,3080,2926,2924,-1,3080,2924,3079,-1,3079,2924,2922,-1,3079,2922,3078,-1,3078,2922,2920,-1,3078,2920,3077,-1,3077,2920,2918,-1,3077,2918,3076,-1,3076,2918,2916,-1,3076,2916,3075,-1,3075,2916,2914,-1,3075,2914,3074,-1,3074,2914,2912,-1,3074,2912,3073,-1,3073,2912,2620,-1,3073,2620,2619,-1,2619,2620,1431,-1,2619,1431,1433,-1,1522,1520,2936,-1,2936,1520,1518,-1,2936,1518,2937,-1,2937,1518,1516,-1,2937,1516,1514,-1,1514,2962,2937,-1,2937,2962,2960,-1,2937,2960,2935,-1,2935,2960,2958,-1,2935,2958,2933,-1,2933,2958,2956,-1,2933,2956,2931,-1,2931,2956,2954,-1,2931,2954,2929,-1,2929,2954,2952,-1,2929,2952,2927,-1,2927,2952,2950,-1,2927,2950,2925,-1,2925,2950,2948,-1,2925,2948,2923,-1,2923,2948,2946,-1,2923,2946,2921,-1,2921,2946,2944,-1,2921,2944,2919,-1,2919,2944,2942,-1,2919,2942,2917,-1,2917,2942,2940,-1,2917,2940,2915,-1,2915,2940,2938,-1,2915,2938,2913,-1,2913,2938,2527,-1,2913,2527,2621,-1,2621,2527,1423,-1,2621,1423,1425,-1,1417,2622,2623,-1,2623,2622,2939,-1,2623,2939,3086,-1,3086,2939,2941,-1,3086,2941,3087,-1,3087,2941,2943,-1,3087,2943,3088,-1,3088,2943,2945,-1,3088,2945,3089,-1,3089,2945,2947,-1,3089,2947,3090,-1,3090,2947,2949,-1,3090,2949,3091,-1,3091,2949,2951,-1,3091,2951,3092,-1,3092,2951,2953,-1,3092,2953,3093,-1,3093,2953,2955,-1,3093,2955,3094,-1,3094,2955,2957,-1,3094,2957,3095,-1,3095,2957,2959,-1,3095,2959,3096,-1,3096,2959,2961,-1,3096,2961,3097,-1,3097,2961,2963,-1,3097,2963,3098,-1,3098,2963,1506,-1,3098,1506,1504,-1,1514,1512,2962,-1,2962,1512,1510,-1,2962,1510,2963,-1,2963,1510,1508,-1,2963,1508,1506,-1,1504,2988,3098,-1,3098,2988,2986,-1,3098,2986,3097,-1,3097,2986,2984,-1,3097,2984,3096,-1,3096,2984,2982,-1,3096,2982,3095,-1,3095,2982,2980,-1,3095,2980,3094,-1,3094,2980,2978,-1,3094,2978,3093,-1,3093,2978,2976,-1,3093,2976,3092,-1,3092,2976,2974,-1,3092,2974,3091,-1,3091,2974,2972,-1,3091,2972,3090,-1,3090,2972,2970,-1,3090,2970,3089,-1,3089,2970,2968,-1,3089,2968,3088,-1,3088,2968,2966,-1,3088,2966,3087,-1,3087,2966,2964,-1,3087,2964,3086,-1,3086,2964,2624,-1,3086,2624,2623,-1,2623,2624,1413,-1,2623,1413,1415,-1,1504,1502,2988,-1,2988,1502,1500,-1,2988,1500,2989,-1,2989,1500,1498,-1,2989,1498,1496,-1,1496,3014,2989,-1,2989,3014,3012,-1,2989,3012,2987,-1,2987,3012,3010,-1,2987,3010,2985,-1,2985,3010,3008,-1,2985,3008,2983,-1,2983,3008,3006,-1,2983,3006,2981,-1,2981,3006,3004,-1,2981,3004,2979,-1,2979,3004,3002,-1,2979,3002,2977,-1,2977,3002,3000,-1,2977,3000,2975,-1,2975,3000,2998,-1,2975,2998,2973,-1,2973,2998,2996,-1,2973,2996,2971,-1,2971,2996,2994,-1,2971,2994,2969,-1,2969,2994,2992,-1,2969,2992,2967,-1,2967,2992,2990,-1,2967,2990,2965,-1,2965,2990,2626,-1,2965,2626,2625,-1,2625,2626,1405,-1,2625,1405,1407,-1,1397,2526,2525,-1,2525,2526,2991,-1,2525,2991,3099,-1,3099,2991,2993,-1,3099,2993,3100,-1,3100,2993,2995,-1,3100,2995,3101,-1,3101,2995,2997,-1,3101,2997,3102,-1,3102,2997,2999,-1,3102,2999,3103,-1,3103,2999,3001,-1,3103,3001,3104,-1,3104,3001,3003,-1,3104,3003,3105,-1,3105,3003,3005,-1,3105,3005,3106,-1,3106,3005,3007,-1,3106,3007,3107,-1,3107,3007,3009,-1,3107,3009,3108,-1,3108,3009,3011,-1,3108,3011,3109,-1,3109,3011,3013,-1,3109,3013,3110,-1,3110,3013,3015,-1,3110,3015,3111,-1,3111,3015,1488,-1,3111,1488,1486,-1,1496,1494,3014,-1,3014,1494,1492,-1,3014,1492,3015,-1,3015,1492,1490,-1,3015,1490,1488,-1,1395,2525,2627,-1,2627,2525,3099,-1,2627,3099,2718,-1,2718,3099,3100,-1,2718,3100,2717,-1,2717,3100,3101,-1,2717,3101,2716,-1,2716,3101,3102,-1,2716,3102,2715,-1,2715,3102,3103,-1,2715,3103,2714,-1,2714,3103,3104,-1,2714,3104,2713,-1,2713,3104,3105,-1,2713,3105,2712,-1,2712,3105,3106,-1,2712,3106,2711,-1,2711,3106,3107,-1,2711,3107,2710,-1,2710,3107,3108,-1,2710,3108,2709,-1,2709,3108,3109,-1,2709,3109,2708,-1,2708,3109,3110,-1,2708,3110,2707,-1,2707,3110,3111,-1,2707,3111,2706,-1,2706,3111,1486,-1,2706,1486,1484,-1,1406,1404,3112,-1,1464,1462,3113,-1,3114,3115,3116,-1,1227,1229,3117,-1,1245,1247,3118,-1,1259,1261,3119,-1,1263,1265,3120,-1,1285,1287,3121,-1,1299,1301,3122,-1,1303,1305,3123,-1,1317,1319,3124,-1,1321,1323,3125,-1,1339,1341,3126,-1,3127,3128,3129,-1,3130,3131,3132,-1,3133,3134,3135,-1,3136,3137,3138,-1,3139,3140,3141,-1,3142,3143,3144,-1,3145,3146,3147,-1,3148,3149,3150,-1,3151,3152,3153,-1,3154,3115,3155,-1,3155,3115,3114,-1,3155,3114,3156,-1,3157,3158,3159,-1,3159,3158,3160,-1,3161,3162,3163,-1,3163,3162,3164,-1,3163,3164,3165,-1,3166,3167,3163,-1,3167,3168,3163,-1,3163,3168,3169,-1,3163,3169,3161,-1,3170,3171,3172,-1,3172,3171,3173,-1,3172,3173,3174,-1,3175,3176,3177,-1,3177,3176,3178,-1,3177,3178,3179,-1,3142,3144,3180,-1,1348,1347,3180,-1,3181,3182,3183,-1,3183,3182,3184,-1,3185,3186,3182,-1,3186,3187,3182,-1,3182,3187,3188,-1,3182,3188,3184,-1,3189,3190,3191,-1,3191,3190,3192,-1,3191,3192,3193,-1,3194,3195,3196,-1,3196,3195,3197,-1,3127,3129,3198,-1,3199,3200,3201,-1,3202,3203,3204,-1,1341,1343,3205,-1,3206,1337,1339,-1,1331,1333,3207,-1,3207,1333,1335,-1,3208,1329,1331,-1,3209,1325,1327,-1,1325,3209,1323,-1,1321,3125,1319,-1,3210,1315,1317,-1,1309,1311,3211,-1,3211,1311,1313,-1,3212,1307,1309,-1,1303,3123,1301,-1,3213,1297,1299,-1,1291,1293,3214,-1,3214,1293,1295,-1,3215,1289,1291,-1,1281,1283,3216,-1,3216,1283,1285,-1,3217,1279,1281,-1,1273,1275,3218,-1,3218,1275,1277,-1,3219,1271,1273,-1,3220,1267,1269,-1,1267,3220,1265,-1,1263,3120,1261,-1,3221,1257,1259,-1,3222,1253,1255,-1,3223,1249,1251,-1,3224,1239,1241,-1,3225,1235,1237,-1,3226,1231,1233,-1,3227,1221,1223,-1,3228,1217,1219,-1,3154,3229,3115,-1,3115,3229,1210,-1,3115,1210,3116,-1,3116,1210,1213,-1,3116,1213,1215,-1,3152,3156,3153,-1,3153,3156,3114,-1,3153,3114,3230,-1,3230,3114,3116,-1,3230,3116,3228,-1,3228,3116,1215,-1,3228,1215,1217,-1,3231,3151,3232,-1,3232,3151,3153,-1,3232,3153,3233,-1,3233,3153,3230,-1,3233,3230,3234,-1,3234,3230,3228,-1,3234,3228,3227,-1,3227,3228,1219,-1,3227,1219,1221,-1,3149,3231,3150,-1,3150,3231,3232,-1,3150,3232,3235,-1,3235,3232,3233,-1,3235,3233,3236,-1,3236,3233,3234,-1,3236,3234,3237,-1,3237,3234,3227,-1,3237,3227,3238,-1,3238,3227,1223,-1,3238,1223,1225,-1,3146,3148,3147,-1,3147,3148,3150,-1,3147,3150,3239,-1,3239,3150,3235,-1,3239,3235,3240,-1,3240,3235,3236,-1,3240,3236,3241,-1,3241,3236,3237,-1,3241,3237,3242,-1,3242,3237,3238,-1,3242,3238,3117,-1,3117,3238,1225,-1,3117,1225,1227,-1,3160,3145,3159,-1,3159,3145,3147,-1,3159,3147,3243,-1,3243,3147,3239,-1,3243,3239,3244,-1,3244,3239,3240,-1,3244,3240,3245,-1,3245,3240,3241,-1,3245,3241,3246,-1,3246,3241,3242,-1,3246,3242,3247,-1,3247,3242,3117,-1,3247,3117,3226,-1,3226,3117,1229,-1,3226,1229,1231,-1,3165,3157,3163,-1,3163,3157,3159,-1,3163,3159,3248,-1,3248,3159,3243,-1,3248,3243,3249,-1,3249,3243,3244,-1,3249,3244,3250,-1,3250,3244,3245,-1,3250,3245,3251,-1,3251,3245,3246,-1,3251,3246,3252,-1,3252,3246,3247,-1,3252,3247,3253,-1,3253,3247,3226,-1,3253,3226,3225,-1,3225,3226,1233,-1,3225,1233,1235,-1,3174,3166,3172,-1,3172,3166,3163,-1,3172,3163,3254,-1,3254,3163,3248,-1,3254,3248,3255,-1,3255,3248,3249,-1,3255,3249,3256,-1,3256,3249,3250,-1,3256,3250,3257,-1,3257,3250,3251,-1,3257,3251,3258,-1,3258,3251,3252,-1,3258,3252,3259,-1,3259,3252,3253,-1,3259,3253,3260,-1,3260,3253,3225,-1,3260,3225,3224,-1,3224,3225,1237,-1,3224,1237,1239,-1,3170,3172,3261,-1,3261,3172,3254,-1,3261,3254,3262,-1,3262,3254,3255,-1,3262,3255,3263,-1,3263,3255,3256,-1,3263,3256,3264,-1,3264,3256,3257,-1,3264,3257,3265,-1,3265,3257,3258,-1,3265,3258,3266,-1,3266,3258,3259,-1,3266,3259,3267,-1,3267,3259,3260,-1,3267,3260,3268,-1,3268,3260,3224,-1,3268,3224,3269,-1,3269,3224,1241,-1,3269,1241,1243,-1,3179,3171,3177,-1,3177,3171,3170,-1,3177,3170,3270,-1,3270,3170,3261,-1,3270,3261,3271,-1,3271,3261,3262,-1,3271,3262,3272,-1,3272,3262,3263,-1,3272,3263,3273,-1,3273,3263,3264,-1,3273,3264,3274,-1,3274,3264,3265,-1,3274,3265,3275,-1,3275,3265,3266,-1,3275,3266,3276,-1,3276,3266,3267,-1,3276,3267,3277,-1,3277,3267,3268,-1,3277,3268,3278,-1,3278,3268,3269,-1,3278,3269,3118,-1,3118,3269,1243,-1,3118,1243,1245,-1,3175,3177,3279,-1,3279,3177,3270,-1,3279,3270,3280,-1,3280,3270,3271,-1,3280,3271,3281,-1,3281,3271,3272,-1,3281,3272,3282,-1,3282,3272,3273,-1,3282,3273,3283,-1,3283,3273,3274,-1,3283,3274,3284,-1,3284,3274,3275,-1,3284,3275,3285,-1,3285,3275,3276,-1,3285,3276,3286,-1,3286,3276,3277,-1,3286,3277,3287,-1,3287,3277,3278,-1,3287,3278,3288,-1,3288,3278,3118,-1,3288,3118,3223,-1,3223,3118,1247,-1,3223,1247,1249,-1,3143,3176,3144,-1,3144,3176,3175,-1,3144,3175,3289,-1,3289,3175,3279,-1,3289,3279,3290,-1,3290,3279,3280,-1,3290,3280,3291,-1,3291,3280,3281,-1,3291,3281,3292,-1,3292,3281,3282,-1,3292,3282,3293,-1,3293,3282,3283,-1,3293,3283,3294,-1,3294,3283,3284,-1,3294,3284,3295,-1,3295,3284,3285,-1,3295,3285,3296,-1,3296,3285,3286,-1,3296,3286,3297,-1,3297,3286,3287,-1,3297,3287,3298,-1,3298,3287,3288,-1,3298,3288,3299,-1,3299,3288,3223,-1,3299,3223,3222,-1,3222,3223,1251,-1,3222,1251,1253,-1,1348,3180,3300,-1,3300,3180,3144,-1,3300,3144,3301,-1,3301,3144,3289,-1,3301,3289,3302,-1,3302,3289,3290,-1,3302,3290,3303,-1,3303,3290,3291,-1,3303,3291,3304,-1,3304,3291,3292,-1,3304,3292,3305,-1,3305,3292,3293,-1,3305,3293,3306,-1,3306,3293,3294,-1,3306,3294,3307,-1,3307,3294,3295,-1,3307,3295,3308,-1,3308,3295,3296,-1,3308,3296,3309,-1,3309,3296,3297,-1,3309,3297,3310,-1,3310,3297,3298,-1,3310,3298,3311,-1,3311,3298,3299,-1,3311,3299,3312,-1,3312,3299,3222,-1,3312,3222,3221,-1,3221,3222,1255,-1,3221,1255,1257,-1,3140,3313,3141,-1,3141,3313,3314,-1,3141,3314,3315,-1,3137,3316,3138,-1,3138,3316,3317,-1,3138,3317,3318,-1,3318,3317,3319,-1,3318,3319,3320,-1,3320,3319,3321,-1,3320,3321,3322,-1,3193,3185,3191,-1,3191,3185,3182,-1,3191,3182,3323,-1,3323,3182,3324,-1,3323,3324,3325,-1,3325,3324,3326,-1,3325,3326,3327,-1,3327,3326,3328,-1,3327,3328,3329,-1,3329,3328,3330,-1,3329,3330,3331,-1,3331,3330,3332,-1,3331,3332,3333,-1,3333,3332,3334,-1,3333,3334,3335,-1,3194,3196,3336,-1,3336,3196,3337,-1,3336,3337,3338,-1,3338,3337,3339,-1,3338,3339,3340,-1,3340,3339,3341,-1,3340,3341,3342,-1,3342,3341,3343,-1,3342,3343,3344,-1,3344,3343,3345,-1,3344,3345,3346,-1,3346,3345,3347,-1,3346,3347,3348,-1,3348,3347,3349,-1,3348,3349,3350,-1,3350,3349,3351,-1,3350,3351,3352,-1,3203,3199,3204,-1,3204,3199,3201,-1,3204,3201,3353,-1,3353,3201,3354,-1,3353,3354,3355,-1,3355,3354,3356,-1,3355,3356,3357,-1,3357,3356,3358,-1,3357,3358,3359,-1,3359,3358,3360,-1,3359,3360,3361,-1,3361,3360,3362,-1,3361,3362,3363,-1,3363,3362,3364,-1,3363,3364,3365,-1,3365,3364,3366,-1,3365,3366,3367,-1,3367,3366,3368,-1,3367,3368,3369,-1,3369,3368,3370,-1,3369,3370,3371,-1,3371,3370,3372,-1,3371,3372,3373,-1,3373,3372,3374,-1,3373,3374,3375,-1,1341,3205,3126,-1,3126,3205,3376,-1,3126,3376,3377,-1,3377,3376,3378,-1,3377,3378,3379,-1,3379,3378,3380,-1,3379,3380,3381,-1,3381,3380,3382,-1,3381,3382,3383,-1,3383,3382,3384,-1,3383,3384,3385,-1,3385,3384,3386,-1,3385,3386,3387,-1,3387,3386,3388,-1,3387,3388,3389,-1,3389,3388,3390,-1,3389,3390,3391,-1,3391,3390,3392,-1,3391,3392,3393,-1,3393,3392,3394,-1,3393,3394,3395,-1,3395,3394,3396,-1,3395,3396,3397,-1,3397,3396,3398,-1,3397,3398,3399,-1,3399,3398,3400,-1,3399,3400,3401,-1,1331,3207,3208,-1,3208,3207,3402,-1,3208,3402,3403,-1,3403,3402,3404,-1,3403,3404,3405,-1,3405,3404,3406,-1,3405,3406,3407,-1,3407,3406,3408,-1,3407,3408,3409,-1,3409,3408,3410,-1,3409,3410,3411,-1,3411,3410,3412,-1,3411,3412,3413,-1,3413,3412,3414,-1,3413,3414,3415,-1,3415,3414,3416,-1,3415,3416,3417,-1,3417,3416,3418,-1,3417,3418,3419,-1,3419,3418,3420,-1,3419,3420,3421,-1,3421,3420,3422,-1,3421,3422,3423,-1,3423,3422,3424,-1,3423,3424,3425,-1,3425,3424,3426,-1,3425,3426,3427,-1,1323,3209,3125,-1,3125,3209,3428,-1,3125,3428,3429,-1,3429,3428,3430,-1,3429,3430,3431,-1,3431,3430,3432,-1,3431,3432,3433,-1,3433,3432,3434,-1,3433,3434,3435,-1,3435,3434,3436,-1,3435,3436,3437,-1,3437,3436,3438,-1,3437,3438,3439,-1,3439,3438,3440,-1,3439,3440,3441,-1,3441,3440,3442,-1,3441,3442,3443,-1,3443,3442,3444,-1,3443,3444,3445,-1,3445,3444,3446,-1,3445,3446,3447,-1,3447,3446,3448,-1,3447,3448,3449,-1,3449,3448,3450,-1,3449,3450,3451,-1,3451,3450,3452,-1,3451,3452,3453,-1,1309,3211,3212,-1,3212,3211,3454,-1,3212,3454,3455,-1,3455,3454,3456,-1,3455,3456,3457,-1,3457,3456,3458,-1,3457,3458,3459,-1,3459,3458,3460,-1,3459,3460,3461,-1,3461,3460,3462,-1,3461,3462,3463,-1,3463,3462,3464,-1,3463,3464,3465,-1,3465,3464,3466,-1,3465,3466,3467,-1,3467,3466,3468,-1,3467,3468,3469,-1,3469,3468,3470,-1,3469,3470,3471,-1,3471,3470,3472,-1,3471,3472,3473,-1,3473,3472,3474,-1,3473,3474,3475,-1,3475,3474,3476,-1,3475,3476,3477,-1,3477,3476,3478,-1,3477,3478,3479,-1,1301,3123,3122,-1,3122,3123,3480,-1,3122,3480,3481,-1,3481,3480,3482,-1,3481,3482,3483,-1,3483,3482,3484,-1,3483,3484,3485,-1,3485,3484,3486,-1,3485,3486,3487,-1,3487,3486,3488,-1,3487,3488,3489,-1,3489,3488,3490,-1,3489,3490,3491,-1,3491,3490,3492,-1,3491,3492,3493,-1,3493,3492,3494,-1,3493,3494,3495,-1,3495,3494,3496,-1,3495,3496,3497,-1,3497,3496,3498,-1,3497,3498,3499,-1,3499,3498,3500,-1,3499,3500,3501,-1,3501,3500,3502,-1,3501,3502,3503,-1,3503,3502,3504,-1,3503,3504,3505,-1,1291,3214,3215,-1,3215,3214,3506,-1,3215,3506,3507,-1,3507,3506,3508,-1,3507,3508,3509,-1,3509,3508,3510,-1,3509,3510,3511,-1,3511,3510,3512,-1,3511,3512,3513,-1,3513,3512,3514,-1,3513,3514,3515,-1,3515,3514,3516,-1,3515,3516,3517,-1,3517,3516,3518,-1,3517,3518,3519,-1,3519,3518,3520,-1,3519,3520,3521,-1,3521,3520,3522,-1,3521,3522,3523,-1,3523,3522,3524,-1,3523,3524,3525,-1,3525,3524,3526,-1,3525,3526,3527,-1,3527,3526,3528,-1,3527,3528,3529,-1,3529,3528,3530,-1,3529,3530,3531,-1,1285,3121,3216,-1,3216,3121,3532,-1,3216,3532,3533,-1,3533,3532,3534,-1,3533,3534,3535,-1,3535,3534,3536,-1,3535,3536,3537,-1,3537,3536,3538,-1,3537,3538,3539,-1,3539,3538,3540,-1,3539,3540,3541,-1,3541,3540,3542,-1,3541,3542,3543,-1,3543,3542,3544,-1,3543,3544,3545,-1,3545,3544,3546,-1,3545,3546,3547,-1,3547,3546,3548,-1,3547,3548,3549,-1,3549,3548,3550,-1,3549,3550,3551,-1,3551,3550,3552,-1,3551,3552,3553,-1,3553,3552,3554,-1,3553,3554,3555,-1,3555,3554,3556,-1,3555,3556,3557,-1,1273,3218,3219,-1,3219,3218,3558,-1,3219,3558,3559,-1,3559,3558,3560,-1,3559,3560,3561,-1,3561,3560,3562,-1,3561,3562,3563,-1,3563,3562,3564,-1,3563,3564,3565,-1,3565,3564,3566,-1,3565,3566,3567,-1,3567,3566,3568,-1,3567,3568,3569,-1,3569,3568,3570,-1,3569,3570,3571,-1,3571,3570,3572,-1,3571,3572,3573,-1,3573,3572,3574,-1,3573,3574,3575,-1,3575,3574,3576,-1,3575,3576,3577,-1,3577,3576,3578,-1,3577,3578,3579,-1,3579,3578,3580,-1,3579,3580,3581,-1,3581,3580,3582,-1,3581,3582,3583,-1,1265,3220,3120,-1,3120,3220,3584,-1,3120,3584,3585,-1,3585,3584,3586,-1,3585,3586,3587,-1,3587,3586,3588,-1,3587,3588,3589,-1,3589,3588,3590,-1,3589,3590,3591,-1,3591,3590,3592,-1,3591,3592,3593,-1,3593,3592,3594,-1,3593,3594,3595,-1,3595,3594,3596,-1,3595,3596,3597,-1,3597,3596,3598,-1,3597,3598,3599,-1,3599,3598,3600,-1,3599,3600,3601,-1,3601,3600,3602,-1,3601,3602,3603,-1,3603,3602,3604,-1,3603,3604,3605,-1,3605,3604,3606,-1,3605,3606,3607,-1,3607,3606,3608,-1,3607,3608,3609,-1,3313,3610,3314,-1,3314,3610,1480,-1,3314,1480,3315,-1,3315,1480,1478,-1,3315,1478,1476,-1,3316,3139,3317,-1,3317,3139,3141,-1,3317,3141,3319,-1,3319,3141,3315,-1,3319,3315,3321,-1,3321,3315,1476,-1,3134,3136,3135,-1,3135,3136,3138,-1,3135,3138,3611,-1,3611,3138,3318,-1,3611,3318,3612,-1,3612,3318,3320,-1,3612,3320,3613,-1,3613,3320,3322,-1,3613,3322,3614,-1,3614,3322,1468,-1,3614,1468,1466,-1,1476,1474,3321,-1,3321,1474,1472,-1,3321,1472,3322,-1,3322,1472,1470,-1,3322,1470,1468,-1,3131,3133,3132,-1,3132,3133,3135,-1,3132,3135,3615,-1,3615,3135,3611,-1,3615,3611,3616,-1,3616,3611,3612,-1,3616,3612,3617,-1,3617,3612,3613,-1,3617,3613,3618,-1,3618,3613,3614,-1,3618,3614,3113,-1,3113,3614,1466,-1,3113,1466,1464,-1,3181,3130,3182,-1,3182,3130,3132,-1,3182,3132,3324,-1,3324,3132,3615,-1,3324,3615,3326,-1,3326,3615,3616,-1,3326,3616,3328,-1,3328,3616,3617,-1,3328,3617,3330,-1,3330,3617,3618,-1,3330,3618,3332,-1,3332,3618,3113,-1,3332,3113,3334,-1,3334,3113,1462,-1,1462,1460,3334,-1,3334,1460,1458,-1,3334,1458,3335,-1,3335,1458,1456,-1,3335,1456,1454,-1,3197,3189,3196,-1,3196,3189,3191,-1,3196,3191,3337,-1,3337,3191,3323,-1,3337,3323,3339,-1,3339,3323,3325,-1,3339,3325,3341,-1,3341,3325,3327,-1,3341,3327,3343,-1,3343,3327,3329,-1,3343,3329,3345,-1,3345,3329,3331,-1,3345,3331,3347,-1,3347,3331,3333,-1,3347,3333,3349,-1,3349,3333,3335,-1,3349,3335,3351,-1,3351,3335,1454,-1,3128,3195,3129,-1,3129,3195,3194,-1,3129,3194,3619,-1,3619,3194,3336,-1,3619,3336,3620,-1,3620,3336,3338,-1,3620,3338,3621,-1,3621,3338,3340,-1,3621,3340,3622,-1,3622,3340,3342,-1,3622,3342,3623,-1,3623,3342,3344,-1,3623,3344,3624,-1,3624,3344,3346,-1,3624,3346,3625,-1,3625,3346,3348,-1,3625,3348,3626,-1,3626,3348,3350,-1,3626,3350,3627,-1,3627,3350,3352,-1,3627,3352,3628,-1,3628,3352,1446,-1,3628,1446,1444,-1,1454,1452,3351,-1,3351,1452,1450,-1,3351,1450,3352,-1,3352,1450,1448,-1,3352,1448,1446,-1,3200,3198,3201,-1,3201,3198,3129,-1,3201,3129,3354,-1,3354,3129,3619,-1,3354,3619,3356,-1,3356,3619,3620,-1,3356,3620,3358,-1,3358,3620,3621,-1,3358,3621,3360,-1,3360,3621,3622,-1,3360,3622,3362,-1,3362,3622,3623,-1,3362,3623,3364,-1,3364,3623,3624,-1,3364,3624,3366,-1,3366,3624,3625,-1,3366,3625,3368,-1,3368,3625,3626,-1,3368,3626,3370,-1,3370,3626,3627,-1,3370,3627,3372,-1,3372,3627,3628,-1,3372,3628,3374,-1,3374,3628,1444,-1,1444,1442,3374,-1,3374,1442,1440,-1,3374,1440,3375,-1,3375,1440,1438,-1,3375,1438,1436,-1,1436,3400,3375,-1,3375,3400,3398,-1,3375,3398,3373,-1,3373,3398,3396,-1,3373,3396,3371,-1,3371,3396,3394,-1,3371,3394,3369,-1,3369,3394,3392,-1,3369,3392,3367,-1,3367,3392,3390,-1,3367,3390,3365,-1,3365,3390,3388,-1,3365,3388,3363,-1,3363,3388,3386,-1,3363,3386,3361,-1,3361,3386,3384,-1,3361,3384,3359,-1,3359,3384,3382,-1,3359,3382,3357,-1,3357,3382,3380,-1,3357,3380,3355,-1,3355,3380,3378,-1,3355,3378,3353,-1,3353,3378,3376,-1,3353,3376,3204,-1,3204,3376,3205,-1,3204,3205,3202,-1,3202,3205,1343,-1,3202,1343,1345,-1,1339,3126,3206,-1,3206,3126,3377,-1,3206,3377,3629,-1,3629,3377,3379,-1,3629,3379,3630,-1,3630,3379,3381,-1,3630,3381,3631,-1,3631,3381,3383,-1,3631,3383,3632,-1,3632,3383,3385,-1,3632,3385,3633,-1,3633,3385,3387,-1,3633,3387,3634,-1,3634,3387,3389,-1,3634,3389,3635,-1,3635,3389,3391,-1,3635,3391,3636,-1,3636,3391,3393,-1,3636,3393,3637,-1,3637,3393,3395,-1,3637,3395,3638,-1,3638,3395,3397,-1,3638,3397,3639,-1,3639,3397,3399,-1,3639,3399,3640,-1,3640,3399,3401,-1,3640,3401,3641,-1,3641,3401,1428,-1,3641,1428,1426,-1,1436,1434,3400,-1,3400,1434,1432,-1,3400,1432,3401,-1,3401,1432,1430,-1,3401,1430,1428,-1,1426,3426,3641,-1,3641,3426,3424,-1,3641,3424,3640,-1,3640,3424,3422,-1,3640,3422,3639,-1,3639,3422,3420,-1,3639,3420,3638,-1,3638,3420,3418,-1,3638,3418,3637,-1,3637,3418,3416,-1,3637,3416,3636,-1,3636,3416,3414,-1,3636,3414,3635,-1,3635,3414,3412,-1,3635,3412,3634,-1,3634,3412,3410,-1,3634,3410,3633,-1,3633,3410,3408,-1,3633,3408,3632,-1,3632,3408,3406,-1,3632,3406,3631,-1,3631,3406,3404,-1,3631,3404,3630,-1,3630,3404,3402,-1,3630,3402,3629,-1,3629,3402,3207,-1,3629,3207,3206,-1,3206,3207,1335,-1,3206,1335,1337,-1,1426,1424,3426,-1,3426,1424,1422,-1,3426,1422,3427,-1,3427,1422,1420,-1,3427,1420,1418,-1,1418,3452,3427,-1,3427,3452,3450,-1,3427,3450,3425,-1,3425,3450,3448,-1,3425,3448,3423,-1,3423,3448,3446,-1,3423,3446,3421,-1,3421,3446,3444,-1,3421,3444,3419,-1,3419,3444,3442,-1,3419,3442,3417,-1,3417,3442,3440,-1,3417,3440,3415,-1,3415,3440,3438,-1,3415,3438,3413,-1,3413,3438,3436,-1,3413,3436,3411,-1,3411,3436,3434,-1,3411,3434,3409,-1,3409,3434,3432,-1,3409,3432,3407,-1,3407,3432,3430,-1,3407,3430,3405,-1,3405,3430,3428,-1,3405,3428,3403,-1,3403,3428,3209,-1,3403,3209,3208,-1,3208,3209,1327,-1,3208,1327,1329,-1,1319,3125,3124,-1,3124,3125,3429,-1,3124,3429,3642,-1,3642,3429,3431,-1,3642,3431,3643,-1,3643,3431,3433,-1,3643,3433,3644,-1,3644,3433,3435,-1,3644,3435,3645,-1,3645,3435,3437,-1,3645,3437,3646,-1,3646,3437,3439,-1,3646,3439,3647,-1,3647,3439,3441,-1,3647,3441,3648,-1,3648,3441,3443,-1,3648,3443,3649,-1,3649,3443,3445,-1,3649,3445,3650,-1,3650,3445,3447,-1,3650,3447,3651,-1,3651,3447,3449,-1,3651,3449,3652,-1,3652,3449,3451,-1,3652,3451,3653,-1,3653,3451,3453,-1,3653,3453,3654,-1,3654,3453,1410,-1,3654,1410,1408,-1,1418,1416,3452,-1,3452,1416,1414,-1,3452,1414,3453,-1,3453,1414,1412,-1,3453,1412,1410,-1,1317,3124,3210,-1,3210,3124,3642,-1,3210,3642,3655,-1,3655,3642,3643,-1,3655,3643,3656,-1,3656,3643,3644,-1,3656,3644,3657,-1,3657,3644,3645,-1,3657,3645,3658,-1,3658,3645,3646,-1,3658,3646,3659,-1,3659,3646,3647,-1,3659,3647,3660,-1,3660,3647,3648,-1,3660,3648,3661,-1,3661,3648,3649,-1,3661,3649,3662,-1,3662,3649,3650,-1,3662,3650,3663,-1,3663,3650,3651,-1,3663,3651,3664,-1,3664,3651,3652,-1,3664,3652,3665,-1,3665,3652,3653,-1,3665,3653,3666,-1,3666,3653,3654,-1,3666,3654,3112,-1,3112,3654,1408,-1,3112,1408,1406,-1,1404,3478,3112,-1,3112,3478,3476,-1,3112,3476,3666,-1,3666,3476,3474,-1,3666,3474,3665,-1,3665,3474,3472,-1,3665,3472,3664,-1,3664,3472,3470,-1,3664,3470,3663,-1,3663,3470,3468,-1,3663,3468,3662,-1,3662,3468,3466,-1,3662,3466,3661,-1,3661,3466,3464,-1,3661,3464,3660,-1,3660,3464,3462,-1,3660,3462,3659,-1,3659,3462,3460,-1,3659,3460,3658,-1,3658,3460,3458,-1,3658,3458,3657,-1,3657,3458,3456,-1,3657,3456,3656,-1,3656,3456,3454,-1,3656,3454,3655,-1,3655,3454,3211,-1,3655,3211,3210,-1,3210,3211,1313,-1,3210,1313,1315,-1,1404,1402,3478,-1,3478,1402,1400,-1,3478,1400,3479,-1,3479,1400,1398,-1,3479,1398,1396,-1,1396,3504,3479,-1,3479,3504,3502,-1,3479,3502,3477,-1,3477,3502,3500,-1,3477,3500,3475,-1,3475,3500,3498,-1,3475,3498,3473,-1,3473,3498,3496,-1,3473,3496,3471,-1,3471,3496,3494,-1,3471,3494,3469,-1,3469,3494,3492,-1,3469,3492,3467,-1,3467,3492,3490,-1,3467,3490,3465,-1,3465,3490,3488,-1,3465,3488,3463,-1,3463,3488,3486,-1,3463,3486,3461,-1,3461,3486,3484,-1,3461,3484,3459,-1,3459,3484,3482,-1,3459,3482,3457,-1,3457,3482,3480,-1,3457,3480,3455,-1,3455,3480,3123,-1,3455,3123,3212,-1,3212,3123,1305,-1,3212,1305,1307,-1,1299,3122,3213,-1,3213,3122,3481,-1,3213,3481,3667,-1,3667,3481,3483,-1,3667,3483,3668,-1,3668,3483,3485,-1,3668,3485,3669,-1,3669,3485,3487,-1,3669,3487,3670,-1,3670,3487,3489,-1,3670,3489,3671,-1,3671,3489,3491,-1,3671,3491,3672,-1,3672,3491,3493,-1,3672,3493,3673,-1,3673,3493,3495,-1,3673,3495,3674,-1,3674,3495,3497,-1,3674,3497,3675,-1,3675,3497,3499,-1,3675,3499,3676,-1,3676,3499,3501,-1,3676,3501,3677,-1,3677,3501,3503,-1,3677,3503,3678,-1,3678,3503,3505,-1,3678,3505,3679,-1,3679,3505,1388,-1,3679,1388,1386,-1,1396,1394,3504,-1,3504,1394,1392,-1,3504,1392,3505,-1,3505,1392,1390,-1,3505,1390,1388,-1,1386,3530,3679,-1,3679,3530,3528,-1,3679,3528,3678,-1,3678,3528,3526,-1,3678,3526,3677,-1,3677,3526,3524,-1,3677,3524,3676,-1,3676,3524,3522,-1,3676,3522,3675,-1,3675,3522,3520,-1,3675,3520,3674,-1,3674,3520,3518,-1,3674,3518,3673,-1,3673,3518,3516,-1,3673,3516,3672,-1,3672,3516,3514,-1,3672,3514,3671,-1,3671,3514,3512,-1,3671,3512,3670,-1,3670,3512,3510,-1,3670,3510,3669,-1,3669,3510,3508,-1,3669,3508,3668,-1,3668,3508,3506,-1,3668,3506,3667,-1,3667,3506,3214,-1,3667,3214,3213,-1,3213,3214,1295,-1,3213,1295,1297,-1,1386,1384,3530,-1,3530,1384,1382,-1,3530,1382,3531,-1,3531,1382,1380,-1,3531,1380,1378,-1,1378,3556,3531,-1,3531,3556,3554,-1,3531,3554,3529,-1,3529,3554,3552,-1,3529,3552,3527,-1,3527,3552,3550,-1,3527,3550,3525,-1,3525,3550,3548,-1,3525,3548,3523,-1,3523,3548,3546,-1,3523,3546,3521,-1,3521,3546,3544,-1,3521,3544,3519,-1,3519,3544,3542,-1,3519,3542,3517,-1,3517,3542,3540,-1,3517,3540,3515,-1,3515,3540,3538,-1,3515,3538,3513,-1,3513,3538,3536,-1,3513,3536,3511,-1,3511,3536,3534,-1,3511,3534,3509,-1,3509,3534,3532,-1,3509,3532,3507,-1,3507,3532,3121,-1,3507,3121,3215,-1,3215,3121,1287,-1,3215,1287,1289,-1,1281,3216,3217,-1,3217,3216,3533,-1,3217,3533,3680,-1,3680,3533,3535,-1,3680,3535,3681,-1,3681,3535,3537,-1,3681,3537,3682,-1,3682,3537,3539,-1,3682,3539,3683,-1,3683,3539,3541,-1,3683,3541,3684,-1,3684,3541,3543,-1,3684,3543,3685,-1,3685,3543,3545,-1,3685,3545,3686,-1,3686,3545,3547,-1,3686,3547,3687,-1,3687,3547,3549,-1,3687,3549,3688,-1,3688,3549,3551,-1,3688,3551,3689,-1,3689,3551,3553,-1,3689,3553,3690,-1,3690,3553,3555,-1,3690,3555,3691,-1,3691,3555,3557,-1,3691,3557,3692,-1,3692,3557,1370,-1,3692,1370,1368,-1,1378,1376,3556,-1,3556,1376,1374,-1,3556,1374,3557,-1,3557,1374,1372,-1,3557,1372,1370,-1,1368,3582,3692,-1,3692,3582,3580,-1,3692,3580,3691,-1,3691,3580,3578,-1,3691,3578,3690,-1,3690,3578,3576,-1,3690,3576,3689,-1,3689,3576,3574,-1,3689,3574,3688,-1,3688,3574,3572,-1,3688,3572,3687,-1,3687,3572,3570,-1,3687,3570,3686,-1,3686,3570,3568,-1,3686,3568,3685,-1,3685,3568,3566,-1,3685,3566,3684,-1,3684,3566,3564,-1,3684,3564,3683,-1,3683,3564,3562,-1,3683,3562,3682,-1,3682,3562,3560,-1,3682,3560,3681,-1,3681,3560,3558,-1,3681,3558,3680,-1,3680,3558,3218,-1,3680,3218,3217,-1,3217,3218,1277,-1,3217,1277,1279,-1,1368,1366,3582,-1,3582,1366,1364,-1,3582,1364,3583,-1,3583,1364,1362,-1,3583,1362,1360,-1,1360,3608,3583,-1,3583,3608,3606,-1,3583,3606,3581,-1,3581,3606,3604,-1,3581,3604,3579,-1,3579,3604,3602,-1,3579,3602,3577,-1,3577,3602,3600,-1,3577,3600,3575,-1,3575,3600,3598,-1,3575,3598,3573,-1,3573,3598,3596,-1,3573,3596,3571,-1,3571,3596,3594,-1,3571,3594,3569,-1,3569,3594,3592,-1,3569,3592,3567,-1,3567,3592,3590,-1,3567,3590,3565,-1,3565,3590,3588,-1,3565,3588,3563,-1,3563,3588,3586,-1,3563,3586,3561,-1,3561,3586,3584,-1,3561,3584,3559,-1,3559,3584,3220,-1,3559,3220,3219,-1,3219,3220,1269,-1,3219,1269,1271,-1,1261,3120,3119,-1,3119,3120,3585,-1,3119,3585,3693,-1,3693,3585,3587,-1,3693,3587,3694,-1,3694,3587,3589,-1,3694,3589,3695,-1,3695,3589,3591,-1,3695,3591,3696,-1,3696,3591,3593,-1,3696,3593,3697,-1,3697,3593,3595,-1,3697,3595,3698,-1,3698,3595,3597,-1,3698,3597,3699,-1,3699,3597,3599,-1,3699,3599,3700,-1,3700,3599,3601,-1,3700,3601,3701,-1,3701,3601,3603,-1,3701,3603,3702,-1,3702,3603,3605,-1,3702,3605,3703,-1,3703,3605,3607,-1,3703,3607,3704,-1,3704,3607,3609,-1,3704,3609,3705,-1,3705,3609,1352,-1,3705,1352,1350,-1,1360,1358,3608,-1,3608,1358,1356,-1,3608,1356,3609,-1,3609,1356,1354,-1,3609,1354,1352,-1,1259,3119,3221,-1,3221,3119,3693,-1,3221,3693,3312,-1,3312,3693,3694,-1,3312,3694,3311,-1,3311,3694,3695,-1,3311,3695,3310,-1,3310,3695,3696,-1,3310,3696,3309,-1,3309,3696,3697,-1,3309,3697,3308,-1,3308,3697,3698,-1,3308,3698,3307,-1,3307,3698,3699,-1,3307,3699,3306,-1,3306,3699,3700,-1,3306,3700,3305,-1,3305,3700,3701,-1,3305,3701,3304,-1,3304,3701,3702,-1,3304,3702,3303,-1,3303,3702,3703,-1,3303,3703,3302,-1,3302,3703,3704,-1,3302,3704,3301,-1,3301,3704,3705,-1,3301,3705,3300,-1,3300,3705,1350,-1,3300,1350,1348,-1,1270,1268,3706,-1,1328,1326,3707,-1,3708,3709,3710,-1,1091,1093,3711,-1,1109,1111,3712,-1,1123,1125,3713,-1,1127,1129,3714,-1,1149,1151,3715,-1,1163,1165,3716,-1,1167,1169,3717,-1,1181,1183,3718,-1,1185,1187,3719,-1,1203,1205,3720,-1,3721,3722,3723,-1,3724,3725,3726,-1,3727,3728,3729,-1,3730,3731,3732,-1,3733,3734,3735,-1,3736,3737,3738,-1,3739,3740,3741,-1,3742,3743,3744,-1,3745,3746,3747,-1,3748,3709,3749,-1,3749,3709,3708,-1,3749,3708,3750,-1,3751,3752,3753,-1,3753,3752,3754,-1,3755,3756,3757,-1,3757,3756,3758,-1,3757,3758,3759,-1,3760,3761,3757,-1,3761,3762,3757,-1,3757,3762,3763,-1,3757,3763,3755,-1,3764,3765,3766,-1,3766,3765,3767,-1,3766,3767,3768,-1,3769,3770,3771,-1,3771,3770,3772,-1,3771,3772,3773,-1,3736,3738,3774,-1,1212,1211,3774,-1,3775,3776,3777,-1,3777,3776,3778,-1,3779,3780,3776,-1,3780,3781,3776,-1,3776,3781,3782,-1,3776,3782,3778,-1,3783,3784,3785,-1,3785,3784,3786,-1,3785,3786,3787,-1,3788,3789,3790,-1,3790,3789,3791,-1,3721,3723,3792,-1,3793,3794,3795,-1,3796,3797,3798,-1,1205,1207,3799,-1,3800,1201,1203,-1,1195,1197,3801,-1,3801,1197,1199,-1,3802,1193,1195,-1,3803,1189,1191,-1,1189,3803,1187,-1,1185,3719,1183,-1,3804,1179,1181,-1,1173,1175,3805,-1,3805,1175,1177,-1,3806,1171,1173,-1,1167,3717,1165,-1,3807,1161,1163,-1,1155,1157,3808,-1,3808,1157,1159,-1,3809,1153,1155,-1,1145,1147,3810,-1,3810,1147,1149,-1,3811,1143,1145,-1,1137,1139,3812,-1,3812,1139,1141,-1,3813,1135,1137,-1,3814,1131,1133,-1,1131,3814,1129,-1,1127,3714,1125,-1,3815,1121,1123,-1,3816,1117,1119,-1,3817,1113,1115,-1,3818,1103,1105,-1,3819,1099,1101,-1,3820,1095,1097,-1,3821,1085,1087,-1,3822,1081,1083,-1,3748,3823,3709,-1,3709,3823,1074,-1,3709,1074,3710,-1,3710,1074,1077,-1,3710,1077,1079,-1,3746,3750,3747,-1,3747,3750,3708,-1,3747,3708,3824,-1,3824,3708,3710,-1,3824,3710,3822,-1,3822,3710,1079,-1,3822,1079,1081,-1,3825,3745,3826,-1,3826,3745,3747,-1,3826,3747,3827,-1,3827,3747,3824,-1,3827,3824,3828,-1,3828,3824,3822,-1,3828,3822,3821,-1,3821,3822,1083,-1,3821,1083,1085,-1,3743,3825,3744,-1,3744,3825,3826,-1,3744,3826,3829,-1,3829,3826,3827,-1,3829,3827,3830,-1,3830,3827,3828,-1,3830,3828,3831,-1,3831,3828,3821,-1,3831,3821,3832,-1,3832,3821,1087,-1,3832,1087,1089,-1,3740,3742,3741,-1,3741,3742,3744,-1,3741,3744,3833,-1,3833,3744,3829,-1,3833,3829,3834,-1,3834,3829,3830,-1,3834,3830,3835,-1,3835,3830,3831,-1,3835,3831,3836,-1,3836,3831,3832,-1,3836,3832,3711,-1,3711,3832,1089,-1,3711,1089,1091,-1,3754,3739,3753,-1,3753,3739,3741,-1,3753,3741,3837,-1,3837,3741,3833,-1,3837,3833,3838,-1,3838,3833,3834,-1,3838,3834,3839,-1,3839,3834,3835,-1,3839,3835,3840,-1,3840,3835,3836,-1,3840,3836,3841,-1,3841,3836,3711,-1,3841,3711,3820,-1,3820,3711,1093,-1,3820,1093,1095,-1,3759,3751,3757,-1,3757,3751,3753,-1,3757,3753,3842,-1,3842,3753,3837,-1,3842,3837,3843,-1,3843,3837,3838,-1,3843,3838,3844,-1,3844,3838,3839,-1,3844,3839,3845,-1,3845,3839,3840,-1,3845,3840,3846,-1,3846,3840,3841,-1,3846,3841,3847,-1,3847,3841,3820,-1,3847,3820,3819,-1,3819,3820,1097,-1,3819,1097,1099,-1,3768,3760,3766,-1,3766,3760,3757,-1,3766,3757,3848,-1,3848,3757,3842,-1,3848,3842,3849,-1,3849,3842,3843,-1,3849,3843,3850,-1,3850,3843,3844,-1,3850,3844,3851,-1,3851,3844,3845,-1,3851,3845,3852,-1,3852,3845,3846,-1,3852,3846,3853,-1,3853,3846,3847,-1,3853,3847,3854,-1,3854,3847,3819,-1,3854,3819,3818,-1,3818,3819,1101,-1,3818,1101,1103,-1,3764,3766,3855,-1,3855,3766,3848,-1,3855,3848,3856,-1,3856,3848,3849,-1,3856,3849,3857,-1,3857,3849,3850,-1,3857,3850,3858,-1,3858,3850,3851,-1,3858,3851,3859,-1,3859,3851,3852,-1,3859,3852,3860,-1,3860,3852,3853,-1,3860,3853,3861,-1,3861,3853,3854,-1,3861,3854,3862,-1,3862,3854,3818,-1,3862,3818,3863,-1,3863,3818,1105,-1,3863,1105,1107,-1,3773,3765,3771,-1,3771,3765,3764,-1,3771,3764,3864,-1,3864,3764,3855,-1,3864,3855,3865,-1,3865,3855,3856,-1,3865,3856,3866,-1,3866,3856,3857,-1,3866,3857,3867,-1,3867,3857,3858,-1,3867,3858,3868,-1,3868,3858,3859,-1,3868,3859,3869,-1,3869,3859,3860,-1,3869,3860,3870,-1,3870,3860,3861,-1,3870,3861,3871,-1,3871,3861,3862,-1,3871,3862,3872,-1,3872,3862,3863,-1,3872,3863,3712,-1,3712,3863,1107,-1,3712,1107,1109,-1,3769,3771,3873,-1,3873,3771,3864,-1,3873,3864,3874,-1,3874,3864,3865,-1,3874,3865,3875,-1,3875,3865,3866,-1,3875,3866,3876,-1,3876,3866,3867,-1,3876,3867,3877,-1,3877,3867,3868,-1,3877,3868,3878,-1,3878,3868,3869,-1,3878,3869,3879,-1,3879,3869,3870,-1,3879,3870,3880,-1,3880,3870,3871,-1,3880,3871,3881,-1,3881,3871,3872,-1,3881,3872,3882,-1,3882,3872,3712,-1,3882,3712,3817,-1,3817,3712,1111,-1,3817,1111,1113,-1,3737,3770,3738,-1,3738,3770,3769,-1,3738,3769,3883,-1,3883,3769,3873,-1,3883,3873,3884,-1,3884,3873,3874,-1,3884,3874,3885,-1,3885,3874,3875,-1,3885,3875,3886,-1,3886,3875,3876,-1,3886,3876,3887,-1,3887,3876,3877,-1,3887,3877,3888,-1,3888,3877,3878,-1,3888,3878,3889,-1,3889,3878,3879,-1,3889,3879,3890,-1,3890,3879,3880,-1,3890,3880,3891,-1,3891,3880,3881,-1,3891,3881,3892,-1,3892,3881,3882,-1,3892,3882,3893,-1,3893,3882,3817,-1,3893,3817,3816,-1,3816,3817,1115,-1,3816,1115,1117,-1,1212,3774,3894,-1,3894,3774,3738,-1,3894,3738,3895,-1,3895,3738,3883,-1,3895,3883,3896,-1,3896,3883,3884,-1,3896,3884,3897,-1,3897,3884,3885,-1,3897,3885,3898,-1,3898,3885,3886,-1,3898,3886,3899,-1,3899,3886,3887,-1,3899,3887,3900,-1,3900,3887,3888,-1,3900,3888,3901,-1,3901,3888,3889,-1,3901,3889,3902,-1,3902,3889,3890,-1,3902,3890,3903,-1,3903,3890,3891,-1,3903,3891,3904,-1,3904,3891,3892,-1,3904,3892,3905,-1,3905,3892,3893,-1,3905,3893,3906,-1,3906,3893,3816,-1,3906,3816,3815,-1,3815,3816,1119,-1,3815,1119,1121,-1,3734,3907,3735,-1,3735,3907,3908,-1,3735,3908,3909,-1,3731,3910,3732,-1,3732,3910,3911,-1,3732,3911,3912,-1,3912,3911,3913,-1,3912,3913,3914,-1,3914,3913,3915,-1,3914,3915,3916,-1,3787,3779,3785,-1,3785,3779,3776,-1,3785,3776,3917,-1,3917,3776,3918,-1,3917,3918,3919,-1,3919,3918,3920,-1,3919,3920,3921,-1,3921,3920,3922,-1,3921,3922,3923,-1,3923,3922,3924,-1,3923,3924,3925,-1,3925,3924,3926,-1,3925,3926,3927,-1,3927,3926,3928,-1,3927,3928,3929,-1,3788,3790,3930,-1,3930,3790,3931,-1,3930,3931,3932,-1,3932,3931,3933,-1,3932,3933,3934,-1,3934,3933,3935,-1,3934,3935,3936,-1,3936,3935,3937,-1,3936,3937,3938,-1,3938,3937,3939,-1,3938,3939,3940,-1,3940,3939,3941,-1,3940,3941,3942,-1,3942,3941,3943,-1,3942,3943,3944,-1,3944,3943,3945,-1,3944,3945,3946,-1,3797,3793,3798,-1,3798,3793,3795,-1,3798,3795,3947,-1,3947,3795,3948,-1,3947,3948,3949,-1,3949,3948,3950,-1,3949,3950,3951,-1,3951,3950,3952,-1,3951,3952,3953,-1,3953,3952,3954,-1,3953,3954,3955,-1,3955,3954,3956,-1,3955,3956,3957,-1,3957,3956,3958,-1,3957,3958,3959,-1,3959,3958,3960,-1,3959,3960,3961,-1,3961,3960,3962,-1,3961,3962,3963,-1,3963,3962,3964,-1,3963,3964,3965,-1,3965,3964,3966,-1,3965,3966,3967,-1,3967,3966,3968,-1,3967,3968,3969,-1,1205,3799,3720,-1,3720,3799,3970,-1,3720,3970,3971,-1,3971,3970,3972,-1,3971,3972,3973,-1,3973,3972,3974,-1,3973,3974,3975,-1,3975,3974,3976,-1,3975,3976,3977,-1,3977,3976,3978,-1,3977,3978,3979,-1,3979,3978,3980,-1,3979,3980,3981,-1,3981,3980,3982,-1,3981,3982,3983,-1,3983,3982,3984,-1,3983,3984,3985,-1,3985,3984,3986,-1,3985,3986,3987,-1,3987,3986,3988,-1,3987,3988,3989,-1,3989,3988,3990,-1,3989,3990,3991,-1,3991,3990,3992,-1,3991,3992,3993,-1,3993,3992,3994,-1,3993,3994,3995,-1,1195,3801,3802,-1,3802,3801,3996,-1,3802,3996,3997,-1,3997,3996,3998,-1,3997,3998,3999,-1,3999,3998,4000,-1,3999,4000,4001,-1,4001,4000,4002,-1,4001,4002,4003,-1,4003,4002,4004,-1,4003,4004,4005,-1,4005,4004,4006,-1,4005,4006,4007,-1,4007,4006,4008,-1,4007,4008,4009,-1,4009,4008,4010,-1,4009,4010,4011,-1,4011,4010,4012,-1,4011,4012,4013,-1,4013,4012,4014,-1,4013,4014,4015,-1,4015,4014,4016,-1,4015,4016,4017,-1,4017,4016,4018,-1,4017,4018,4019,-1,4019,4018,4020,-1,4019,4020,4021,-1,1187,3803,3719,-1,3719,3803,4022,-1,3719,4022,4023,-1,4023,4022,4024,-1,4023,4024,4025,-1,4025,4024,4026,-1,4025,4026,4027,-1,4027,4026,4028,-1,4027,4028,4029,-1,4029,4028,4030,-1,4029,4030,4031,-1,4031,4030,4032,-1,4031,4032,4033,-1,4033,4032,4034,-1,4033,4034,4035,-1,4035,4034,4036,-1,4035,4036,4037,-1,4037,4036,4038,-1,4037,4038,4039,-1,4039,4038,4040,-1,4039,4040,4041,-1,4041,4040,4042,-1,4041,4042,4043,-1,4043,4042,4044,-1,4043,4044,4045,-1,4045,4044,4046,-1,4045,4046,4047,-1,1173,3805,3806,-1,3806,3805,4048,-1,3806,4048,4049,-1,4049,4048,4050,-1,4049,4050,4051,-1,4051,4050,4052,-1,4051,4052,4053,-1,4053,4052,4054,-1,4053,4054,4055,-1,4055,4054,4056,-1,4055,4056,4057,-1,4057,4056,4058,-1,4057,4058,4059,-1,4059,4058,4060,-1,4059,4060,4061,-1,4061,4060,4062,-1,4061,4062,4063,-1,4063,4062,4064,-1,4063,4064,4065,-1,4065,4064,4066,-1,4065,4066,4067,-1,4067,4066,4068,-1,4067,4068,4069,-1,4069,4068,4070,-1,4069,4070,4071,-1,4071,4070,4072,-1,4071,4072,4073,-1,1165,3717,3716,-1,3716,3717,4074,-1,3716,4074,4075,-1,4075,4074,4076,-1,4075,4076,4077,-1,4077,4076,4078,-1,4077,4078,4079,-1,4079,4078,4080,-1,4079,4080,4081,-1,4081,4080,4082,-1,4081,4082,4083,-1,4083,4082,4084,-1,4083,4084,4085,-1,4085,4084,4086,-1,4085,4086,4087,-1,4087,4086,4088,-1,4087,4088,4089,-1,4089,4088,4090,-1,4089,4090,4091,-1,4091,4090,4092,-1,4091,4092,4093,-1,4093,4092,4094,-1,4093,4094,4095,-1,4095,4094,4096,-1,4095,4096,4097,-1,4097,4096,4098,-1,4097,4098,4099,-1,1155,3808,3809,-1,3809,3808,4100,-1,3809,4100,4101,-1,4101,4100,4102,-1,4101,4102,4103,-1,4103,4102,4104,-1,4103,4104,4105,-1,4105,4104,4106,-1,4105,4106,4107,-1,4107,4106,4108,-1,4107,4108,4109,-1,4109,4108,4110,-1,4109,4110,4111,-1,4111,4110,4112,-1,4111,4112,4113,-1,4113,4112,4114,-1,4113,4114,4115,-1,4115,4114,4116,-1,4115,4116,4117,-1,4117,4116,4118,-1,4117,4118,4119,-1,4119,4118,4120,-1,4119,4120,4121,-1,4121,4120,4122,-1,4121,4122,4123,-1,4123,4122,4124,-1,4123,4124,4125,-1,1149,3715,3810,-1,3810,3715,4126,-1,3810,4126,4127,-1,4127,4126,4128,-1,4127,4128,4129,-1,4129,4128,4130,-1,4129,4130,4131,-1,4131,4130,4132,-1,4131,4132,4133,-1,4133,4132,4134,-1,4133,4134,4135,-1,4135,4134,4136,-1,4135,4136,4137,-1,4137,4136,4138,-1,4137,4138,4139,-1,4139,4138,4140,-1,4139,4140,4141,-1,4141,4140,4142,-1,4141,4142,4143,-1,4143,4142,4144,-1,4143,4144,4145,-1,4145,4144,4146,-1,4145,4146,4147,-1,4147,4146,4148,-1,4147,4148,4149,-1,4149,4148,4150,-1,4149,4150,4151,-1,1137,3812,3813,-1,3813,3812,4152,-1,3813,4152,4153,-1,4153,4152,4154,-1,4153,4154,4155,-1,4155,4154,4156,-1,4155,4156,4157,-1,4157,4156,4158,-1,4157,4158,4159,-1,4159,4158,4160,-1,4159,4160,4161,-1,4161,4160,4162,-1,4161,4162,4163,-1,4163,4162,4164,-1,4163,4164,4165,-1,4165,4164,4166,-1,4165,4166,4167,-1,4167,4166,4168,-1,4167,4168,4169,-1,4169,4168,4170,-1,4169,4170,4171,-1,4171,4170,4172,-1,4171,4172,4173,-1,4173,4172,4174,-1,4173,4174,4175,-1,4175,4174,4176,-1,4175,4176,4177,-1,1129,3814,3714,-1,3714,3814,4178,-1,3714,4178,4179,-1,4179,4178,4180,-1,4179,4180,4181,-1,4181,4180,4182,-1,4181,4182,4183,-1,4183,4182,4184,-1,4183,4184,4185,-1,4185,4184,4186,-1,4185,4186,4187,-1,4187,4186,4188,-1,4187,4188,4189,-1,4189,4188,4190,-1,4189,4190,4191,-1,4191,4190,4192,-1,4191,4192,4193,-1,4193,4192,4194,-1,4193,4194,4195,-1,4195,4194,4196,-1,4195,4196,4197,-1,4197,4196,4198,-1,4197,4198,4199,-1,4199,4198,4200,-1,4199,4200,4201,-1,4201,4200,4202,-1,4201,4202,4203,-1,3907,4204,3908,-1,3908,4204,1344,-1,3908,1344,3909,-1,3909,1344,1342,-1,3909,1342,1340,-1,3910,3733,3911,-1,3911,3733,3735,-1,3911,3735,3913,-1,3913,3735,3909,-1,3913,3909,3915,-1,3915,3909,1340,-1,3728,3730,3729,-1,3729,3730,3732,-1,3729,3732,4205,-1,4205,3732,3912,-1,4205,3912,4206,-1,4206,3912,3914,-1,4206,3914,4207,-1,4207,3914,3916,-1,4207,3916,4208,-1,4208,3916,1332,-1,4208,1332,1330,-1,1340,1338,3915,-1,3915,1338,1336,-1,3915,1336,3916,-1,3916,1336,1334,-1,3916,1334,1332,-1,3725,3727,3726,-1,3726,3727,3729,-1,3726,3729,4209,-1,4209,3729,4205,-1,4209,4205,4210,-1,4210,4205,4206,-1,4210,4206,4211,-1,4211,4206,4207,-1,4211,4207,4212,-1,4212,4207,4208,-1,4212,4208,3707,-1,3707,4208,1330,-1,3707,1330,1328,-1,3775,3724,3776,-1,3776,3724,3726,-1,3776,3726,3918,-1,3918,3726,4209,-1,3918,4209,3920,-1,3920,4209,4210,-1,3920,4210,3922,-1,3922,4210,4211,-1,3922,4211,3924,-1,3924,4211,4212,-1,3924,4212,3926,-1,3926,4212,3707,-1,3926,3707,3928,-1,3928,3707,1326,-1,1326,1324,3928,-1,3928,1324,1322,-1,3928,1322,3929,-1,3929,1322,1320,-1,3929,1320,1318,-1,3791,3783,3790,-1,3790,3783,3785,-1,3790,3785,3931,-1,3931,3785,3917,-1,3931,3917,3933,-1,3933,3917,3919,-1,3933,3919,3935,-1,3935,3919,3921,-1,3935,3921,3937,-1,3937,3921,3923,-1,3937,3923,3939,-1,3939,3923,3925,-1,3939,3925,3941,-1,3941,3925,3927,-1,3941,3927,3943,-1,3943,3927,3929,-1,3943,3929,3945,-1,3945,3929,1318,-1,3722,3789,3723,-1,3723,3789,3788,-1,3723,3788,4213,-1,4213,3788,3930,-1,4213,3930,4214,-1,4214,3930,3932,-1,4214,3932,4215,-1,4215,3932,3934,-1,4215,3934,4216,-1,4216,3934,3936,-1,4216,3936,4217,-1,4217,3936,3938,-1,4217,3938,4218,-1,4218,3938,3940,-1,4218,3940,4219,-1,4219,3940,3942,-1,4219,3942,4220,-1,4220,3942,3944,-1,4220,3944,4221,-1,4221,3944,3946,-1,4221,3946,4222,-1,4222,3946,1310,-1,4222,1310,1308,-1,1318,1316,3945,-1,3945,1316,1314,-1,3945,1314,3946,-1,3946,1314,1312,-1,3946,1312,1310,-1,3794,3792,3795,-1,3795,3792,3723,-1,3795,3723,3948,-1,3948,3723,4213,-1,3948,4213,3950,-1,3950,4213,4214,-1,3950,4214,3952,-1,3952,4214,4215,-1,3952,4215,3954,-1,3954,4215,4216,-1,3954,4216,3956,-1,3956,4216,4217,-1,3956,4217,3958,-1,3958,4217,4218,-1,3958,4218,3960,-1,3960,4218,4219,-1,3960,4219,3962,-1,3962,4219,4220,-1,3962,4220,3964,-1,3964,4220,4221,-1,3964,4221,3966,-1,3966,4221,4222,-1,3966,4222,3968,-1,3968,4222,1308,-1,1308,1306,3968,-1,3968,1306,1304,-1,3968,1304,3969,-1,3969,1304,1302,-1,3969,1302,1300,-1,1300,3994,3969,-1,3969,3994,3992,-1,3969,3992,3967,-1,3967,3992,3990,-1,3967,3990,3965,-1,3965,3990,3988,-1,3965,3988,3963,-1,3963,3988,3986,-1,3963,3986,3961,-1,3961,3986,3984,-1,3961,3984,3959,-1,3959,3984,3982,-1,3959,3982,3957,-1,3957,3982,3980,-1,3957,3980,3955,-1,3955,3980,3978,-1,3955,3978,3953,-1,3953,3978,3976,-1,3953,3976,3951,-1,3951,3976,3974,-1,3951,3974,3949,-1,3949,3974,3972,-1,3949,3972,3947,-1,3947,3972,3970,-1,3947,3970,3798,-1,3798,3970,3799,-1,3798,3799,3796,-1,3796,3799,1207,-1,3796,1207,1209,-1,1203,3720,3800,-1,3800,3720,3971,-1,3800,3971,4223,-1,4223,3971,3973,-1,4223,3973,4224,-1,4224,3973,3975,-1,4224,3975,4225,-1,4225,3975,3977,-1,4225,3977,4226,-1,4226,3977,3979,-1,4226,3979,4227,-1,4227,3979,3981,-1,4227,3981,4228,-1,4228,3981,3983,-1,4228,3983,4229,-1,4229,3983,3985,-1,4229,3985,4230,-1,4230,3985,3987,-1,4230,3987,4231,-1,4231,3987,3989,-1,4231,3989,4232,-1,4232,3989,3991,-1,4232,3991,4233,-1,4233,3991,3993,-1,4233,3993,4234,-1,4234,3993,3995,-1,4234,3995,4235,-1,4235,3995,1292,-1,4235,1292,1290,-1,1300,1298,3994,-1,3994,1298,1296,-1,3994,1296,3995,-1,3995,1296,1294,-1,3995,1294,1292,-1,1290,4020,4235,-1,4235,4020,4018,-1,4235,4018,4234,-1,4234,4018,4016,-1,4234,4016,4233,-1,4233,4016,4014,-1,4233,4014,4232,-1,4232,4014,4012,-1,4232,4012,4231,-1,4231,4012,4010,-1,4231,4010,4230,-1,4230,4010,4008,-1,4230,4008,4229,-1,4229,4008,4006,-1,4229,4006,4228,-1,4228,4006,4004,-1,4228,4004,4227,-1,4227,4004,4002,-1,4227,4002,4226,-1,4226,4002,4000,-1,4226,4000,4225,-1,4225,4000,3998,-1,4225,3998,4224,-1,4224,3998,3996,-1,4224,3996,4223,-1,4223,3996,3801,-1,4223,3801,3800,-1,3800,3801,1199,-1,3800,1199,1201,-1,1290,1288,4020,-1,4020,1288,1286,-1,4020,1286,4021,-1,4021,1286,1284,-1,4021,1284,1282,-1,1282,4046,4021,-1,4021,4046,4044,-1,4021,4044,4019,-1,4019,4044,4042,-1,4019,4042,4017,-1,4017,4042,4040,-1,4017,4040,4015,-1,4015,4040,4038,-1,4015,4038,4013,-1,4013,4038,4036,-1,4013,4036,4011,-1,4011,4036,4034,-1,4011,4034,4009,-1,4009,4034,4032,-1,4009,4032,4007,-1,4007,4032,4030,-1,4007,4030,4005,-1,4005,4030,4028,-1,4005,4028,4003,-1,4003,4028,4026,-1,4003,4026,4001,-1,4001,4026,4024,-1,4001,4024,3999,-1,3999,4024,4022,-1,3999,4022,3997,-1,3997,4022,3803,-1,3997,3803,3802,-1,3802,3803,1191,-1,3802,1191,1193,-1,1183,3719,3718,-1,3718,3719,4023,-1,3718,4023,4236,-1,4236,4023,4025,-1,4236,4025,4237,-1,4237,4025,4027,-1,4237,4027,4238,-1,4238,4027,4029,-1,4238,4029,4239,-1,4239,4029,4031,-1,4239,4031,4240,-1,4240,4031,4033,-1,4240,4033,4241,-1,4241,4033,4035,-1,4241,4035,4242,-1,4242,4035,4037,-1,4242,4037,4243,-1,4243,4037,4039,-1,4243,4039,4244,-1,4244,4039,4041,-1,4244,4041,4245,-1,4245,4041,4043,-1,4245,4043,4246,-1,4246,4043,4045,-1,4246,4045,4247,-1,4247,4045,4047,-1,4247,4047,4248,-1,4248,4047,1274,-1,4248,1274,1272,-1,1282,1280,4046,-1,4046,1280,1278,-1,4046,1278,4047,-1,4047,1278,1276,-1,4047,1276,1274,-1,1181,3718,3804,-1,3804,3718,4236,-1,3804,4236,4249,-1,4249,4236,4237,-1,4249,4237,4250,-1,4250,4237,4238,-1,4250,4238,4251,-1,4251,4238,4239,-1,4251,4239,4252,-1,4252,4239,4240,-1,4252,4240,4253,-1,4253,4240,4241,-1,4253,4241,4254,-1,4254,4241,4242,-1,4254,4242,4255,-1,4255,4242,4243,-1,4255,4243,4256,-1,4256,4243,4244,-1,4256,4244,4257,-1,4257,4244,4245,-1,4257,4245,4258,-1,4258,4245,4246,-1,4258,4246,4259,-1,4259,4246,4247,-1,4259,4247,4260,-1,4260,4247,4248,-1,4260,4248,3706,-1,3706,4248,1272,-1,3706,1272,1270,-1,1268,4072,3706,-1,3706,4072,4070,-1,3706,4070,4260,-1,4260,4070,4068,-1,4260,4068,4259,-1,4259,4068,4066,-1,4259,4066,4258,-1,4258,4066,4064,-1,4258,4064,4257,-1,4257,4064,4062,-1,4257,4062,4256,-1,4256,4062,4060,-1,4256,4060,4255,-1,4255,4060,4058,-1,4255,4058,4254,-1,4254,4058,4056,-1,4254,4056,4253,-1,4253,4056,4054,-1,4253,4054,4252,-1,4252,4054,4052,-1,4252,4052,4251,-1,4251,4052,4050,-1,4251,4050,4250,-1,4250,4050,4048,-1,4250,4048,4249,-1,4249,4048,3805,-1,4249,3805,3804,-1,3804,3805,1177,-1,3804,1177,1179,-1,1268,1266,4072,-1,4072,1266,1264,-1,4072,1264,4073,-1,4073,1264,1262,-1,4073,1262,1260,-1,1260,4098,4073,-1,4073,4098,4096,-1,4073,4096,4071,-1,4071,4096,4094,-1,4071,4094,4069,-1,4069,4094,4092,-1,4069,4092,4067,-1,4067,4092,4090,-1,4067,4090,4065,-1,4065,4090,4088,-1,4065,4088,4063,-1,4063,4088,4086,-1,4063,4086,4061,-1,4061,4086,4084,-1,4061,4084,4059,-1,4059,4084,4082,-1,4059,4082,4057,-1,4057,4082,4080,-1,4057,4080,4055,-1,4055,4080,4078,-1,4055,4078,4053,-1,4053,4078,4076,-1,4053,4076,4051,-1,4051,4076,4074,-1,4051,4074,4049,-1,4049,4074,3717,-1,4049,3717,3806,-1,3806,3717,1169,-1,3806,1169,1171,-1,1163,3716,3807,-1,3807,3716,4075,-1,3807,4075,4261,-1,4261,4075,4077,-1,4261,4077,4262,-1,4262,4077,4079,-1,4262,4079,4263,-1,4263,4079,4081,-1,4263,4081,4264,-1,4264,4081,4083,-1,4264,4083,4265,-1,4265,4083,4085,-1,4265,4085,4266,-1,4266,4085,4087,-1,4266,4087,4267,-1,4267,4087,4089,-1,4267,4089,4268,-1,4268,4089,4091,-1,4268,4091,4269,-1,4269,4091,4093,-1,4269,4093,4270,-1,4270,4093,4095,-1,4270,4095,4271,-1,4271,4095,4097,-1,4271,4097,4272,-1,4272,4097,4099,-1,4272,4099,4273,-1,4273,4099,1252,-1,4273,1252,1250,-1,1260,1258,4098,-1,4098,1258,1256,-1,4098,1256,4099,-1,4099,1256,1254,-1,4099,1254,1252,-1,1250,4124,4273,-1,4273,4124,4122,-1,4273,4122,4272,-1,4272,4122,4120,-1,4272,4120,4271,-1,4271,4120,4118,-1,4271,4118,4270,-1,4270,4118,4116,-1,4270,4116,4269,-1,4269,4116,4114,-1,4269,4114,4268,-1,4268,4114,4112,-1,4268,4112,4267,-1,4267,4112,4110,-1,4267,4110,4266,-1,4266,4110,4108,-1,4266,4108,4265,-1,4265,4108,4106,-1,4265,4106,4264,-1,4264,4106,4104,-1,4264,4104,4263,-1,4263,4104,4102,-1,4263,4102,4262,-1,4262,4102,4100,-1,4262,4100,4261,-1,4261,4100,3808,-1,4261,3808,3807,-1,3807,3808,1159,-1,3807,1159,1161,-1,1250,1248,4124,-1,4124,1248,1246,-1,4124,1246,4125,-1,4125,1246,1244,-1,4125,1244,1242,-1,1242,4150,4125,-1,4125,4150,4148,-1,4125,4148,4123,-1,4123,4148,4146,-1,4123,4146,4121,-1,4121,4146,4144,-1,4121,4144,4119,-1,4119,4144,4142,-1,4119,4142,4117,-1,4117,4142,4140,-1,4117,4140,4115,-1,4115,4140,4138,-1,4115,4138,4113,-1,4113,4138,4136,-1,4113,4136,4111,-1,4111,4136,4134,-1,4111,4134,4109,-1,4109,4134,4132,-1,4109,4132,4107,-1,4107,4132,4130,-1,4107,4130,4105,-1,4105,4130,4128,-1,4105,4128,4103,-1,4103,4128,4126,-1,4103,4126,4101,-1,4101,4126,3715,-1,4101,3715,3809,-1,3809,3715,1151,-1,3809,1151,1153,-1,1145,3810,3811,-1,3811,3810,4127,-1,3811,4127,4274,-1,4274,4127,4129,-1,4274,4129,4275,-1,4275,4129,4131,-1,4275,4131,4276,-1,4276,4131,4133,-1,4276,4133,4277,-1,4277,4133,4135,-1,4277,4135,4278,-1,4278,4135,4137,-1,4278,4137,4279,-1,4279,4137,4139,-1,4279,4139,4280,-1,4280,4139,4141,-1,4280,4141,4281,-1,4281,4141,4143,-1,4281,4143,4282,-1,4282,4143,4145,-1,4282,4145,4283,-1,4283,4145,4147,-1,4283,4147,4284,-1,4284,4147,4149,-1,4284,4149,4285,-1,4285,4149,4151,-1,4285,4151,4286,-1,4286,4151,1234,-1,4286,1234,1232,-1,1242,1240,4150,-1,4150,1240,1238,-1,4150,1238,4151,-1,4151,1238,1236,-1,4151,1236,1234,-1,1232,4176,4286,-1,4286,4176,4174,-1,4286,4174,4285,-1,4285,4174,4172,-1,4285,4172,4284,-1,4284,4172,4170,-1,4284,4170,4283,-1,4283,4170,4168,-1,4283,4168,4282,-1,4282,4168,4166,-1,4282,4166,4281,-1,4281,4166,4164,-1,4281,4164,4280,-1,4280,4164,4162,-1,4280,4162,4279,-1,4279,4162,4160,-1,4279,4160,4278,-1,4278,4160,4158,-1,4278,4158,4277,-1,4277,4158,4156,-1,4277,4156,4276,-1,4276,4156,4154,-1,4276,4154,4275,-1,4275,4154,4152,-1,4275,4152,4274,-1,4274,4152,3812,-1,4274,3812,3811,-1,3811,3812,1141,-1,3811,1141,1143,-1,1232,1230,4176,-1,4176,1230,1228,-1,4176,1228,4177,-1,4177,1228,1226,-1,4177,1226,1224,-1,1224,4202,4177,-1,4177,4202,4200,-1,4177,4200,4175,-1,4175,4200,4198,-1,4175,4198,4173,-1,4173,4198,4196,-1,4173,4196,4171,-1,4171,4196,4194,-1,4171,4194,4169,-1,4169,4194,4192,-1,4169,4192,4167,-1,4167,4192,4190,-1,4167,4190,4165,-1,4165,4190,4188,-1,4165,4188,4163,-1,4163,4188,4186,-1,4163,4186,4161,-1,4161,4186,4184,-1,4161,4184,4159,-1,4159,4184,4182,-1,4159,4182,4157,-1,4157,4182,4180,-1,4157,4180,4155,-1,4155,4180,4178,-1,4155,4178,4153,-1,4153,4178,3814,-1,4153,3814,3813,-1,3813,3814,1133,-1,3813,1133,1135,-1,1125,3714,3713,-1,3713,3714,4179,-1,3713,4179,4287,-1,4287,4179,4181,-1,4287,4181,4288,-1,4288,4181,4183,-1,4288,4183,4289,-1,4289,4183,4185,-1,4289,4185,4290,-1,4290,4185,4187,-1,4290,4187,4291,-1,4291,4187,4189,-1,4291,4189,4292,-1,4292,4189,4191,-1,4292,4191,4293,-1,4293,4191,4193,-1,4293,4193,4294,-1,4294,4193,4195,-1,4294,4195,4295,-1,4295,4195,4197,-1,4295,4197,4296,-1,4296,4197,4199,-1,4296,4199,4297,-1,4297,4199,4201,-1,4297,4201,4298,-1,4298,4201,4203,-1,4298,4203,4299,-1,4299,4203,1216,-1,4299,1216,1214,-1,1224,1222,4202,-1,4202,1222,1220,-1,4202,1220,4203,-1,4203,1220,1218,-1,4203,1218,1216,-1,1123,3713,3815,-1,3815,3713,4287,-1,3815,4287,3906,-1,3906,4287,4288,-1,3906,4288,3905,-1,3905,4288,4289,-1,3905,4289,3904,-1,3904,4289,4290,-1,3904,4290,3903,-1,3903,4290,4291,-1,3903,4291,3902,-1,3902,4291,4292,-1,3902,4292,3901,-1,3901,4292,4293,-1,3901,4293,3900,-1,3900,4293,4294,-1,3900,4294,3899,-1,3899,4294,4295,-1,3899,4295,3898,-1,3898,4295,4296,-1,3898,4296,3897,-1,3897,4296,4297,-1,3897,4297,3896,-1,3896,4297,4298,-1,3896,4298,3895,-1,3895,4298,4299,-1,3895,4299,3894,-1,3894,4299,1214,-1,3894,1214,1212,-1,1134,1132,4300,-1,1192,1190,4301,-1,4302,4303,4304,-1,955,957,4305,-1,973,975,4306,-1,987,989,4307,-1,991,993,4308,-1,1013,1015,4309,-1,1027,1029,4310,-1,1031,1033,4311,-1,1045,1047,4312,-1,1049,1051,4313,-1,1067,1069,4314,-1,4315,4316,4317,-1,4318,4319,4320,-1,4321,4322,4323,-1,4324,4325,4326,-1,4327,4328,4329,-1,4330,4331,4332,-1,4333,4334,4335,-1,4336,4337,4338,-1,4339,4340,4341,-1,4342,4303,4343,-1,4343,4303,4302,-1,4343,4302,4344,-1,4345,4346,4347,-1,4347,4346,4348,-1,4349,4350,4351,-1,4351,4350,4352,-1,4351,4352,4353,-1,4354,4355,4351,-1,4355,4356,4351,-1,4351,4356,4357,-1,4351,4357,4349,-1,4358,4359,4360,-1,4360,4359,4361,-1,4360,4361,4362,-1,4363,4364,4365,-1,4365,4364,4366,-1,4365,4366,4367,-1,4330,4332,4368,-1,1076,1075,4368,-1,4369,4370,4371,-1,4371,4370,4372,-1,4373,4374,4370,-1,4374,4375,4370,-1,4370,4375,4376,-1,4370,4376,4372,-1,4377,4378,4379,-1,4379,4378,4380,-1,4379,4380,4381,-1,4382,4383,4384,-1,4384,4383,4385,-1,4315,4317,4386,-1,4387,4388,4389,-1,4390,4391,4392,-1,1069,1071,4393,-1,4394,1065,1067,-1,1059,1061,4395,-1,4395,1061,1063,-1,4396,1057,1059,-1,4397,1053,1055,-1,1053,4397,1051,-1,1049,4313,1047,-1,4398,1043,1045,-1,1037,1039,4399,-1,4399,1039,1041,-1,4400,1035,1037,-1,1031,4311,1029,-1,4401,1025,1027,-1,1019,1021,4402,-1,4402,1021,1023,-1,4403,1017,1019,-1,1009,1011,4404,-1,4404,1011,1013,-1,4405,1007,1009,-1,1001,1003,4406,-1,4406,1003,1005,-1,4407,999,1001,-1,4408,995,997,-1,995,4408,993,-1,991,4308,989,-1,4409,985,987,-1,4410,981,983,-1,4411,977,979,-1,4412,967,969,-1,4413,963,965,-1,4414,959,961,-1,4415,949,951,-1,4416,945,947,-1,4342,4417,4303,-1,4303,4417,938,-1,4303,938,4304,-1,4304,938,941,-1,4304,941,943,-1,4340,4344,4341,-1,4341,4344,4302,-1,4341,4302,4418,-1,4418,4302,4304,-1,4418,4304,4416,-1,4416,4304,943,-1,4416,943,945,-1,4419,4339,4420,-1,4420,4339,4341,-1,4420,4341,4421,-1,4421,4341,4418,-1,4421,4418,4422,-1,4422,4418,4416,-1,4422,4416,4415,-1,4415,4416,947,-1,4415,947,949,-1,4337,4419,4338,-1,4338,4419,4420,-1,4338,4420,4423,-1,4423,4420,4421,-1,4423,4421,4424,-1,4424,4421,4422,-1,4424,4422,4425,-1,4425,4422,4415,-1,4425,4415,4426,-1,4426,4415,951,-1,4426,951,953,-1,4334,4336,4335,-1,4335,4336,4338,-1,4335,4338,4427,-1,4427,4338,4423,-1,4427,4423,4428,-1,4428,4423,4424,-1,4428,4424,4429,-1,4429,4424,4425,-1,4429,4425,4430,-1,4430,4425,4426,-1,4430,4426,4305,-1,4305,4426,953,-1,4305,953,955,-1,4348,4333,4347,-1,4347,4333,4335,-1,4347,4335,4431,-1,4431,4335,4427,-1,4431,4427,4432,-1,4432,4427,4428,-1,4432,4428,4433,-1,4433,4428,4429,-1,4433,4429,4434,-1,4434,4429,4430,-1,4434,4430,4435,-1,4435,4430,4305,-1,4435,4305,4414,-1,4414,4305,957,-1,4414,957,959,-1,4353,4345,4351,-1,4351,4345,4347,-1,4351,4347,4436,-1,4436,4347,4431,-1,4436,4431,4437,-1,4437,4431,4432,-1,4437,4432,4438,-1,4438,4432,4433,-1,4438,4433,4439,-1,4439,4433,4434,-1,4439,4434,4440,-1,4440,4434,4435,-1,4440,4435,4441,-1,4441,4435,4414,-1,4441,4414,4413,-1,4413,4414,961,-1,4413,961,963,-1,4362,4354,4360,-1,4360,4354,4351,-1,4360,4351,4442,-1,4442,4351,4436,-1,4442,4436,4443,-1,4443,4436,4437,-1,4443,4437,4444,-1,4444,4437,4438,-1,4444,4438,4445,-1,4445,4438,4439,-1,4445,4439,4446,-1,4446,4439,4440,-1,4446,4440,4447,-1,4447,4440,4441,-1,4447,4441,4448,-1,4448,4441,4413,-1,4448,4413,4412,-1,4412,4413,965,-1,4412,965,967,-1,4358,4360,4449,-1,4449,4360,4442,-1,4449,4442,4450,-1,4450,4442,4443,-1,4450,4443,4451,-1,4451,4443,4444,-1,4451,4444,4452,-1,4452,4444,4445,-1,4452,4445,4453,-1,4453,4445,4446,-1,4453,4446,4454,-1,4454,4446,4447,-1,4454,4447,4455,-1,4455,4447,4448,-1,4455,4448,4456,-1,4456,4448,4412,-1,4456,4412,4457,-1,4457,4412,969,-1,4457,969,971,-1,4367,4359,4365,-1,4365,4359,4358,-1,4365,4358,4458,-1,4458,4358,4449,-1,4458,4449,4459,-1,4459,4449,4450,-1,4459,4450,4460,-1,4460,4450,4451,-1,4460,4451,4461,-1,4461,4451,4452,-1,4461,4452,4462,-1,4462,4452,4453,-1,4462,4453,4463,-1,4463,4453,4454,-1,4463,4454,4464,-1,4464,4454,4455,-1,4464,4455,4465,-1,4465,4455,4456,-1,4465,4456,4466,-1,4466,4456,4457,-1,4466,4457,4306,-1,4306,4457,971,-1,4306,971,973,-1,4363,4365,4467,-1,4467,4365,4458,-1,4467,4458,4468,-1,4468,4458,4459,-1,4468,4459,4469,-1,4469,4459,4460,-1,4469,4460,4470,-1,4470,4460,4461,-1,4470,4461,4471,-1,4471,4461,4462,-1,4471,4462,4472,-1,4472,4462,4463,-1,4472,4463,4473,-1,4473,4463,4464,-1,4473,4464,4474,-1,4474,4464,4465,-1,4474,4465,4475,-1,4475,4465,4466,-1,4475,4466,4476,-1,4476,4466,4306,-1,4476,4306,4411,-1,4411,4306,975,-1,4411,975,977,-1,4331,4364,4332,-1,4332,4364,4363,-1,4332,4363,4477,-1,4477,4363,4467,-1,4477,4467,4478,-1,4478,4467,4468,-1,4478,4468,4479,-1,4479,4468,4469,-1,4479,4469,4480,-1,4480,4469,4470,-1,4480,4470,4481,-1,4481,4470,4471,-1,4481,4471,4482,-1,4482,4471,4472,-1,4482,4472,4483,-1,4483,4472,4473,-1,4483,4473,4484,-1,4484,4473,4474,-1,4484,4474,4485,-1,4485,4474,4475,-1,4485,4475,4486,-1,4486,4475,4476,-1,4486,4476,4487,-1,4487,4476,4411,-1,4487,4411,4410,-1,4410,4411,979,-1,4410,979,981,-1,1076,4368,4488,-1,4488,4368,4332,-1,4488,4332,4489,-1,4489,4332,4477,-1,4489,4477,4490,-1,4490,4477,4478,-1,4490,4478,4491,-1,4491,4478,4479,-1,4491,4479,4492,-1,4492,4479,4480,-1,4492,4480,4493,-1,4493,4480,4481,-1,4493,4481,4494,-1,4494,4481,4482,-1,4494,4482,4495,-1,4495,4482,4483,-1,4495,4483,4496,-1,4496,4483,4484,-1,4496,4484,4497,-1,4497,4484,4485,-1,4497,4485,4498,-1,4498,4485,4486,-1,4498,4486,4499,-1,4499,4486,4487,-1,4499,4487,4500,-1,4500,4487,4410,-1,4500,4410,4409,-1,4409,4410,983,-1,4409,983,985,-1,4328,4501,4329,-1,4329,4501,4502,-1,4329,4502,4503,-1,4325,4504,4326,-1,4326,4504,4505,-1,4326,4505,4506,-1,4506,4505,4507,-1,4506,4507,4508,-1,4508,4507,4509,-1,4508,4509,4510,-1,4381,4373,4379,-1,4379,4373,4370,-1,4379,4370,4511,-1,4511,4370,4512,-1,4511,4512,4513,-1,4513,4512,4514,-1,4513,4514,4515,-1,4515,4514,4516,-1,4515,4516,4517,-1,4517,4516,4518,-1,4517,4518,4519,-1,4519,4518,4520,-1,4519,4520,4521,-1,4521,4520,4522,-1,4521,4522,4523,-1,4382,4384,4524,-1,4524,4384,4525,-1,4524,4525,4526,-1,4526,4525,4527,-1,4526,4527,4528,-1,4528,4527,4529,-1,4528,4529,4530,-1,4530,4529,4531,-1,4530,4531,4532,-1,4532,4531,4533,-1,4532,4533,4534,-1,4534,4533,4535,-1,4534,4535,4536,-1,4536,4535,4537,-1,4536,4537,4538,-1,4538,4537,4539,-1,4538,4539,4540,-1,4391,4387,4392,-1,4392,4387,4389,-1,4392,4389,4541,-1,4541,4389,4542,-1,4541,4542,4543,-1,4543,4542,4544,-1,4543,4544,4545,-1,4545,4544,4546,-1,4545,4546,4547,-1,4547,4546,4548,-1,4547,4548,4549,-1,4549,4548,4550,-1,4549,4550,4551,-1,4551,4550,4552,-1,4551,4552,4553,-1,4553,4552,4554,-1,4553,4554,4555,-1,4555,4554,4556,-1,4555,4556,4557,-1,4557,4556,4558,-1,4557,4558,4559,-1,4559,4558,4560,-1,4559,4560,4561,-1,4561,4560,4562,-1,4561,4562,4563,-1,1069,4393,4314,-1,4314,4393,4564,-1,4314,4564,4565,-1,4565,4564,4566,-1,4565,4566,4567,-1,4567,4566,4568,-1,4567,4568,4569,-1,4569,4568,4570,-1,4569,4570,4571,-1,4571,4570,4572,-1,4571,4572,4573,-1,4573,4572,4574,-1,4573,4574,4575,-1,4575,4574,4576,-1,4575,4576,4577,-1,4577,4576,4578,-1,4577,4578,4579,-1,4579,4578,4580,-1,4579,4580,4581,-1,4581,4580,4582,-1,4581,4582,4583,-1,4583,4582,4584,-1,4583,4584,4585,-1,4585,4584,4586,-1,4585,4586,4587,-1,4587,4586,4588,-1,4587,4588,4589,-1,1059,4395,4396,-1,4396,4395,4590,-1,4396,4590,4591,-1,4591,4590,4592,-1,4591,4592,4593,-1,4593,4592,4594,-1,4593,4594,4595,-1,4595,4594,4596,-1,4595,4596,4597,-1,4597,4596,4598,-1,4597,4598,4599,-1,4599,4598,4600,-1,4599,4600,4601,-1,4601,4600,4602,-1,4601,4602,4603,-1,4603,4602,4604,-1,4603,4604,4605,-1,4605,4604,4606,-1,4605,4606,4607,-1,4607,4606,4608,-1,4607,4608,4609,-1,4609,4608,4610,-1,4609,4610,4611,-1,4611,4610,4612,-1,4611,4612,4613,-1,4613,4612,4614,-1,4613,4614,4615,-1,1051,4397,4313,-1,4313,4397,4616,-1,4313,4616,4617,-1,4617,4616,4618,-1,4617,4618,4619,-1,4619,4618,4620,-1,4619,4620,4621,-1,4621,4620,4622,-1,4621,4622,4623,-1,4623,4622,4624,-1,4623,4624,4625,-1,4625,4624,4626,-1,4625,4626,4627,-1,4627,4626,4628,-1,4627,4628,4629,-1,4629,4628,4630,-1,4629,4630,4631,-1,4631,4630,4632,-1,4631,4632,4633,-1,4633,4632,4634,-1,4633,4634,4635,-1,4635,4634,4636,-1,4635,4636,4637,-1,4637,4636,4638,-1,4637,4638,4639,-1,4639,4638,4640,-1,4639,4640,4641,-1,1037,4399,4400,-1,4400,4399,4642,-1,4400,4642,4643,-1,4643,4642,4644,-1,4643,4644,4645,-1,4645,4644,4646,-1,4645,4646,4647,-1,4647,4646,4648,-1,4647,4648,4649,-1,4649,4648,4650,-1,4649,4650,4651,-1,4651,4650,4652,-1,4651,4652,4653,-1,4653,4652,4654,-1,4653,4654,4655,-1,4655,4654,4656,-1,4655,4656,4657,-1,4657,4656,4658,-1,4657,4658,4659,-1,4659,4658,4660,-1,4659,4660,4661,-1,4661,4660,4662,-1,4661,4662,4663,-1,4663,4662,4664,-1,4663,4664,4665,-1,4665,4664,4666,-1,4665,4666,4667,-1,1029,4311,4310,-1,4310,4311,4668,-1,4310,4668,4669,-1,4669,4668,4670,-1,4669,4670,4671,-1,4671,4670,4672,-1,4671,4672,4673,-1,4673,4672,4674,-1,4673,4674,4675,-1,4675,4674,4676,-1,4675,4676,4677,-1,4677,4676,4678,-1,4677,4678,4679,-1,4679,4678,4680,-1,4679,4680,4681,-1,4681,4680,4682,-1,4681,4682,4683,-1,4683,4682,4684,-1,4683,4684,4685,-1,4685,4684,4686,-1,4685,4686,4687,-1,4687,4686,4688,-1,4687,4688,4689,-1,4689,4688,4690,-1,4689,4690,4691,-1,4691,4690,4692,-1,4691,4692,4693,-1,1019,4402,4403,-1,4403,4402,4694,-1,4403,4694,4695,-1,4695,4694,4696,-1,4695,4696,4697,-1,4697,4696,4698,-1,4697,4698,4699,-1,4699,4698,4700,-1,4699,4700,4701,-1,4701,4700,4702,-1,4701,4702,4703,-1,4703,4702,4704,-1,4703,4704,4705,-1,4705,4704,4706,-1,4705,4706,4707,-1,4707,4706,4708,-1,4707,4708,4709,-1,4709,4708,4710,-1,4709,4710,4711,-1,4711,4710,4712,-1,4711,4712,4713,-1,4713,4712,4714,-1,4713,4714,4715,-1,4715,4714,4716,-1,4715,4716,4717,-1,4717,4716,4718,-1,4717,4718,4719,-1,1013,4309,4404,-1,4404,4309,4720,-1,4404,4720,4721,-1,4721,4720,4722,-1,4721,4722,4723,-1,4723,4722,4724,-1,4723,4724,4725,-1,4725,4724,4726,-1,4725,4726,4727,-1,4727,4726,4728,-1,4727,4728,4729,-1,4729,4728,4730,-1,4729,4730,4731,-1,4731,4730,4732,-1,4731,4732,4733,-1,4733,4732,4734,-1,4733,4734,4735,-1,4735,4734,4736,-1,4735,4736,4737,-1,4737,4736,4738,-1,4737,4738,4739,-1,4739,4738,4740,-1,4739,4740,4741,-1,4741,4740,4742,-1,4741,4742,4743,-1,4743,4742,4744,-1,4743,4744,4745,-1,1001,4406,4407,-1,4407,4406,4746,-1,4407,4746,4747,-1,4747,4746,4748,-1,4747,4748,4749,-1,4749,4748,4750,-1,4749,4750,4751,-1,4751,4750,4752,-1,4751,4752,4753,-1,4753,4752,4754,-1,4753,4754,4755,-1,4755,4754,4756,-1,4755,4756,4757,-1,4757,4756,4758,-1,4757,4758,4759,-1,4759,4758,4760,-1,4759,4760,4761,-1,4761,4760,4762,-1,4761,4762,4763,-1,4763,4762,4764,-1,4763,4764,4765,-1,4765,4764,4766,-1,4765,4766,4767,-1,4767,4766,4768,-1,4767,4768,4769,-1,4769,4768,4770,-1,4769,4770,4771,-1,993,4408,4308,-1,4308,4408,4772,-1,4308,4772,4773,-1,4773,4772,4774,-1,4773,4774,4775,-1,4775,4774,4776,-1,4775,4776,4777,-1,4777,4776,4778,-1,4777,4778,4779,-1,4779,4778,4780,-1,4779,4780,4781,-1,4781,4780,4782,-1,4781,4782,4783,-1,4783,4782,4784,-1,4783,4784,4785,-1,4785,4784,4786,-1,4785,4786,4787,-1,4787,4786,4788,-1,4787,4788,4789,-1,4789,4788,4790,-1,4789,4790,4791,-1,4791,4790,4792,-1,4791,4792,4793,-1,4793,4792,4794,-1,4793,4794,4795,-1,4795,4794,4796,-1,4795,4796,4797,-1,4501,4798,4502,-1,4502,4798,1208,-1,4502,1208,4503,-1,4503,1208,1206,-1,4503,1206,1204,-1,4504,4327,4505,-1,4505,4327,4329,-1,4505,4329,4507,-1,4507,4329,4503,-1,4507,4503,4509,-1,4509,4503,1204,-1,4322,4324,4323,-1,4323,4324,4326,-1,4323,4326,4799,-1,4799,4326,4506,-1,4799,4506,4800,-1,4800,4506,4508,-1,4800,4508,4801,-1,4801,4508,4510,-1,4801,4510,4802,-1,4802,4510,1196,-1,4802,1196,1194,-1,1204,1202,4509,-1,4509,1202,1200,-1,4509,1200,4510,-1,4510,1200,1198,-1,4510,1198,1196,-1,4319,4321,4320,-1,4320,4321,4323,-1,4320,4323,4803,-1,4803,4323,4799,-1,4803,4799,4804,-1,4804,4799,4800,-1,4804,4800,4805,-1,4805,4800,4801,-1,4805,4801,4806,-1,4806,4801,4802,-1,4806,4802,4301,-1,4301,4802,1194,-1,4301,1194,1192,-1,4369,4318,4370,-1,4370,4318,4320,-1,4370,4320,4512,-1,4512,4320,4803,-1,4512,4803,4514,-1,4514,4803,4804,-1,4514,4804,4516,-1,4516,4804,4805,-1,4516,4805,4518,-1,4518,4805,4806,-1,4518,4806,4520,-1,4520,4806,4301,-1,4520,4301,4522,-1,4522,4301,1190,-1,1190,1188,4522,-1,4522,1188,1186,-1,4522,1186,4523,-1,4523,1186,1184,-1,4523,1184,1182,-1,4385,4377,4384,-1,4384,4377,4379,-1,4384,4379,4525,-1,4525,4379,4511,-1,4525,4511,4527,-1,4527,4511,4513,-1,4527,4513,4529,-1,4529,4513,4515,-1,4529,4515,4531,-1,4531,4515,4517,-1,4531,4517,4533,-1,4533,4517,4519,-1,4533,4519,4535,-1,4535,4519,4521,-1,4535,4521,4537,-1,4537,4521,4523,-1,4537,4523,4539,-1,4539,4523,1182,-1,4316,4383,4317,-1,4317,4383,4382,-1,4317,4382,4807,-1,4807,4382,4524,-1,4807,4524,4808,-1,4808,4524,4526,-1,4808,4526,4809,-1,4809,4526,4528,-1,4809,4528,4810,-1,4810,4528,4530,-1,4810,4530,4811,-1,4811,4530,4532,-1,4811,4532,4812,-1,4812,4532,4534,-1,4812,4534,4813,-1,4813,4534,4536,-1,4813,4536,4814,-1,4814,4536,4538,-1,4814,4538,4815,-1,4815,4538,4540,-1,4815,4540,4816,-1,4816,4540,1174,-1,4816,1174,1172,-1,1182,1180,4539,-1,4539,1180,1178,-1,4539,1178,4540,-1,4540,1178,1176,-1,4540,1176,1174,-1,4388,4386,4389,-1,4389,4386,4317,-1,4389,4317,4542,-1,4542,4317,4807,-1,4542,4807,4544,-1,4544,4807,4808,-1,4544,4808,4546,-1,4546,4808,4809,-1,4546,4809,4548,-1,4548,4809,4810,-1,4548,4810,4550,-1,4550,4810,4811,-1,4550,4811,4552,-1,4552,4811,4812,-1,4552,4812,4554,-1,4554,4812,4813,-1,4554,4813,4556,-1,4556,4813,4814,-1,4556,4814,4558,-1,4558,4814,4815,-1,4558,4815,4560,-1,4560,4815,4816,-1,4560,4816,4562,-1,4562,4816,1172,-1,1172,1170,4562,-1,4562,1170,1168,-1,4562,1168,4563,-1,4563,1168,1166,-1,4563,1166,1164,-1,1164,4588,4563,-1,4563,4588,4586,-1,4563,4586,4561,-1,4561,4586,4584,-1,4561,4584,4559,-1,4559,4584,4582,-1,4559,4582,4557,-1,4557,4582,4580,-1,4557,4580,4555,-1,4555,4580,4578,-1,4555,4578,4553,-1,4553,4578,4576,-1,4553,4576,4551,-1,4551,4576,4574,-1,4551,4574,4549,-1,4549,4574,4572,-1,4549,4572,4547,-1,4547,4572,4570,-1,4547,4570,4545,-1,4545,4570,4568,-1,4545,4568,4543,-1,4543,4568,4566,-1,4543,4566,4541,-1,4541,4566,4564,-1,4541,4564,4392,-1,4392,4564,4393,-1,4392,4393,4390,-1,4390,4393,1071,-1,4390,1071,1073,-1,1067,4314,4394,-1,4394,4314,4565,-1,4394,4565,4817,-1,4817,4565,4567,-1,4817,4567,4818,-1,4818,4567,4569,-1,4818,4569,4819,-1,4819,4569,4571,-1,4819,4571,4820,-1,4820,4571,4573,-1,4820,4573,4821,-1,4821,4573,4575,-1,4821,4575,4822,-1,4822,4575,4577,-1,4822,4577,4823,-1,4823,4577,4579,-1,4823,4579,4824,-1,4824,4579,4581,-1,4824,4581,4825,-1,4825,4581,4583,-1,4825,4583,4826,-1,4826,4583,4585,-1,4826,4585,4827,-1,4827,4585,4587,-1,4827,4587,4828,-1,4828,4587,4589,-1,4828,4589,4829,-1,4829,4589,1156,-1,4829,1156,1154,-1,1164,1162,4588,-1,4588,1162,1160,-1,4588,1160,4589,-1,4589,1160,1158,-1,4589,1158,1156,-1,1154,4614,4829,-1,4829,4614,4612,-1,4829,4612,4828,-1,4828,4612,4610,-1,4828,4610,4827,-1,4827,4610,4608,-1,4827,4608,4826,-1,4826,4608,4606,-1,4826,4606,4825,-1,4825,4606,4604,-1,4825,4604,4824,-1,4824,4604,4602,-1,4824,4602,4823,-1,4823,4602,4600,-1,4823,4600,4822,-1,4822,4600,4598,-1,4822,4598,4821,-1,4821,4598,4596,-1,4821,4596,4820,-1,4820,4596,4594,-1,4820,4594,4819,-1,4819,4594,4592,-1,4819,4592,4818,-1,4818,4592,4590,-1,4818,4590,4817,-1,4817,4590,4395,-1,4817,4395,4394,-1,4394,4395,1063,-1,4394,1063,1065,-1,1154,1152,4614,-1,4614,1152,1150,-1,4614,1150,4615,-1,4615,1150,1148,-1,4615,1148,1146,-1,1146,4640,4615,-1,4615,4640,4638,-1,4615,4638,4613,-1,4613,4638,4636,-1,4613,4636,4611,-1,4611,4636,4634,-1,4611,4634,4609,-1,4609,4634,4632,-1,4609,4632,4607,-1,4607,4632,4630,-1,4607,4630,4605,-1,4605,4630,4628,-1,4605,4628,4603,-1,4603,4628,4626,-1,4603,4626,4601,-1,4601,4626,4624,-1,4601,4624,4599,-1,4599,4624,4622,-1,4599,4622,4597,-1,4597,4622,4620,-1,4597,4620,4595,-1,4595,4620,4618,-1,4595,4618,4593,-1,4593,4618,4616,-1,4593,4616,4591,-1,4591,4616,4397,-1,4591,4397,4396,-1,4396,4397,1055,-1,4396,1055,1057,-1,1047,4313,4312,-1,4312,4313,4617,-1,4312,4617,4830,-1,4830,4617,4619,-1,4830,4619,4831,-1,4831,4619,4621,-1,4831,4621,4832,-1,4832,4621,4623,-1,4832,4623,4833,-1,4833,4623,4625,-1,4833,4625,4834,-1,4834,4625,4627,-1,4834,4627,4835,-1,4835,4627,4629,-1,4835,4629,4836,-1,4836,4629,4631,-1,4836,4631,4837,-1,4837,4631,4633,-1,4837,4633,4838,-1,4838,4633,4635,-1,4838,4635,4839,-1,4839,4635,4637,-1,4839,4637,4840,-1,4840,4637,4639,-1,4840,4639,4841,-1,4841,4639,4641,-1,4841,4641,4842,-1,4842,4641,1138,-1,4842,1138,1136,-1,1146,1144,4640,-1,4640,1144,1142,-1,4640,1142,4641,-1,4641,1142,1140,-1,4641,1140,1138,-1,1045,4312,4398,-1,4398,4312,4830,-1,4398,4830,4843,-1,4843,4830,4831,-1,4843,4831,4844,-1,4844,4831,4832,-1,4844,4832,4845,-1,4845,4832,4833,-1,4845,4833,4846,-1,4846,4833,4834,-1,4846,4834,4847,-1,4847,4834,4835,-1,4847,4835,4848,-1,4848,4835,4836,-1,4848,4836,4849,-1,4849,4836,4837,-1,4849,4837,4850,-1,4850,4837,4838,-1,4850,4838,4851,-1,4851,4838,4839,-1,4851,4839,4852,-1,4852,4839,4840,-1,4852,4840,4853,-1,4853,4840,4841,-1,4853,4841,4854,-1,4854,4841,4842,-1,4854,4842,4300,-1,4300,4842,1136,-1,4300,1136,1134,-1,1132,4666,4300,-1,4300,4666,4664,-1,4300,4664,4854,-1,4854,4664,4662,-1,4854,4662,4853,-1,4853,4662,4660,-1,4853,4660,4852,-1,4852,4660,4658,-1,4852,4658,4851,-1,4851,4658,4656,-1,4851,4656,4850,-1,4850,4656,4654,-1,4850,4654,4849,-1,4849,4654,4652,-1,4849,4652,4848,-1,4848,4652,4650,-1,4848,4650,4847,-1,4847,4650,4648,-1,4847,4648,4846,-1,4846,4648,4646,-1,4846,4646,4845,-1,4845,4646,4644,-1,4845,4644,4844,-1,4844,4644,4642,-1,4844,4642,4843,-1,4843,4642,4399,-1,4843,4399,4398,-1,4398,4399,1041,-1,4398,1041,1043,-1,1132,1130,4666,-1,4666,1130,1128,-1,4666,1128,4667,-1,4667,1128,1126,-1,4667,1126,1124,-1,1124,4692,4667,-1,4667,4692,4690,-1,4667,4690,4665,-1,4665,4690,4688,-1,4665,4688,4663,-1,4663,4688,4686,-1,4663,4686,4661,-1,4661,4686,4684,-1,4661,4684,4659,-1,4659,4684,4682,-1,4659,4682,4657,-1,4657,4682,4680,-1,4657,4680,4655,-1,4655,4680,4678,-1,4655,4678,4653,-1,4653,4678,4676,-1,4653,4676,4651,-1,4651,4676,4674,-1,4651,4674,4649,-1,4649,4674,4672,-1,4649,4672,4647,-1,4647,4672,4670,-1,4647,4670,4645,-1,4645,4670,4668,-1,4645,4668,4643,-1,4643,4668,4311,-1,4643,4311,4400,-1,4400,4311,1033,-1,4400,1033,1035,-1,1027,4310,4401,-1,4401,4310,4669,-1,4401,4669,4855,-1,4855,4669,4671,-1,4855,4671,4856,-1,4856,4671,4673,-1,4856,4673,4857,-1,4857,4673,4675,-1,4857,4675,4858,-1,4858,4675,4677,-1,4858,4677,4859,-1,4859,4677,4679,-1,4859,4679,4860,-1,4860,4679,4681,-1,4860,4681,4861,-1,4861,4681,4683,-1,4861,4683,4862,-1,4862,4683,4685,-1,4862,4685,4863,-1,4863,4685,4687,-1,4863,4687,4864,-1,4864,4687,4689,-1,4864,4689,4865,-1,4865,4689,4691,-1,4865,4691,4866,-1,4866,4691,4693,-1,4866,4693,4867,-1,4867,4693,1116,-1,4867,1116,1114,-1,1124,1122,4692,-1,4692,1122,1120,-1,4692,1120,4693,-1,4693,1120,1118,-1,4693,1118,1116,-1,1114,4718,4867,-1,4867,4718,4716,-1,4867,4716,4866,-1,4866,4716,4714,-1,4866,4714,4865,-1,4865,4714,4712,-1,4865,4712,4864,-1,4864,4712,4710,-1,4864,4710,4863,-1,4863,4710,4708,-1,4863,4708,4862,-1,4862,4708,4706,-1,4862,4706,4861,-1,4861,4706,4704,-1,4861,4704,4860,-1,4860,4704,4702,-1,4860,4702,4859,-1,4859,4702,4700,-1,4859,4700,4858,-1,4858,4700,4698,-1,4858,4698,4857,-1,4857,4698,4696,-1,4857,4696,4856,-1,4856,4696,4694,-1,4856,4694,4855,-1,4855,4694,4402,-1,4855,4402,4401,-1,4401,4402,1023,-1,4401,1023,1025,-1,1114,1112,4718,-1,4718,1112,1110,-1,4718,1110,4719,-1,4719,1110,1108,-1,4719,1108,1106,-1,1106,4744,4719,-1,4719,4744,4742,-1,4719,4742,4717,-1,4717,4742,4740,-1,4717,4740,4715,-1,4715,4740,4738,-1,4715,4738,4713,-1,4713,4738,4736,-1,4713,4736,4711,-1,4711,4736,4734,-1,4711,4734,4709,-1,4709,4734,4732,-1,4709,4732,4707,-1,4707,4732,4730,-1,4707,4730,4705,-1,4705,4730,4728,-1,4705,4728,4703,-1,4703,4728,4726,-1,4703,4726,4701,-1,4701,4726,4724,-1,4701,4724,4699,-1,4699,4724,4722,-1,4699,4722,4697,-1,4697,4722,4720,-1,4697,4720,4695,-1,4695,4720,4309,-1,4695,4309,4403,-1,4403,4309,1015,-1,4403,1015,1017,-1,1009,4404,4405,-1,4405,4404,4721,-1,4405,4721,4868,-1,4868,4721,4723,-1,4868,4723,4869,-1,4869,4723,4725,-1,4869,4725,4870,-1,4870,4725,4727,-1,4870,4727,4871,-1,4871,4727,4729,-1,4871,4729,4872,-1,4872,4729,4731,-1,4872,4731,4873,-1,4873,4731,4733,-1,4873,4733,4874,-1,4874,4733,4735,-1,4874,4735,4875,-1,4875,4735,4737,-1,4875,4737,4876,-1,4876,4737,4739,-1,4876,4739,4877,-1,4877,4739,4741,-1,4877,4741,4878,-1,4878,4741,4743,-1,4878,4743,4879,-1,4879,4743,4745,-1,4879,4745,4880,-1,4880,4745,1098,-1,4880,1098,1096,-1,1106,1104,4744,-1,4744,1104,1102,-1,4744,1102,4745,-1,4745,1102,1100,-1,4745,1100,1098,-1,1096,4770,4880,-1,4880,4770,4768,-1,4880,4768,4879,-1,4879,4768,4766,-1,4879,4766,4878,-1,4878,4766,4764,-1,4878,4764,4877,-1,4877,4764,4762,-1,4877,4762,4876,-1,4876,4762,4760,-1,4876,4760,4875,-1,4875,4760,4758,-1,4875,4758,4874,-1,4874,4758,4756,-1,4874,4756,4873,-1,4873,4756,4754,-1,4873,4754,4872,-1,4872,4754,4752,-1,4872,4752,4871,-1,4871,4752,4750,-1,4871,4750,4870,-1,4870,4750,4748,-1,4870,4748,4869,-1,4869,4748,4746,-1,4869,4746,4868,-1,4868,4746,4406,-1,4868,4406,4405,-1,4405,4406,1005,-1,4405,1005,1007,-1,1096,1094,4770,-1,4770,1094,1092,-1,4770,1092,4771,-1,4771,1092,1090,-1,4771,1090,1088,-1,1088,4796,4771,-1,4771,4796,4794,-1,4771,4794,4769,-1,4769,4794,4792,-1,4769,4792,4767,-1,4767,4792,4790,-1,4767,4790,4765,-1,4765,4790,4788,-1,4765,4788,4763,-1,4763,4788,4786,-1,4763,4786,4761,-1,4761,4786,4784,-1,4761,4784,4759,-1,4759,4784,4782,-1,4759,4782,4757,-1,4757,4782,4780,-1,4757,4780,4755,-1,4755,4780,4778,-1,4755,4778,4753,-1,4753,4778,4776,-1,4753,4776,4751,-1,4751,4776,4774,-1,4751,4774,4749,-1,4749,4774,4772,-1,4749,4772,4747,-1,4747,4772,4408,-1,4747,4408,4407,-1,4407,4408,997,-1,4407,997,999,-1,989,4308,4307,-1,4307,4308,4773,-1,4307,4773,4881,-1,4881,4773,4775,-1,4881,4775,4882,-1,4882,4775,4777,-1,4882,4777,4883,-1,4883,4777,4779,-1,4883,4779,4884,-1,4884,4779,4781,-1,4884,4781,4885,-1,4885,4781,4783,-1,4885,4783,4886,-1,4886,4783,4785,-1,4886,4785,4887,-1,4887,4785,4787,-1,4887,4787,4888,-1,4888,4787,4789,-1,4888,4789,4889,-1,4889,4789,4791,-1,4889,4791,4890,-1,4890,4791,4793,-1,4890,4793,4891,-1,4891,4793,4795,-1,4891,4795,4892,-1,4892,4795,4797,-1,4892,4797,4893,-1,4893,4797,1080,-1,4893,1080,1078,-1,1088,1086,4796,-1,4796,1086,1084,-1,4796,1084,4797,-1,4797,1084,1082,-1,4797,1082,1080,-1,987,4307,4409,-1,4409,4307,4881,-1,4409,4881,4500,-1,4500,4881,4882,-1,4500,4882,4499,-1,4499,4882,4883,-1,4499,4883,4498,-1,4498,4883,4884,-1,4498,4884,4497,-1,4497,4884,4885,-1,4497,4885,4496,-1,4496,4885,4886,-1,4496,4886,4495,-1,4495,4886,4887,-1,4495,4887,4494,-1,4494,4887,4888,-1,4494,4888,4493,-1,4493,4888,4889,-1,4493,4889,4492,-1,4492,4889,4890,-1,4492,4890,4491,-1,4491,4890,4891,-1,4491,4891,4490,-1,4490,4891,4892,-1,4490,4892,4489,-1,4489,4892,4893,-1,4489,4893,4488,-1,4488,4893,1078,-1,4488,1078,1076,-1,998,996,4894,-1,1056,1054,4895,-1,4896,4897,4898,-1,819,821,4899,-1,837,839,4900,-1,851,853,4901,-1,855,857,4902,-1,877,879,4903,-1,891,893,4904,-1,895,897,4905,-1,909,911,4906,-1,913,915,4907,-1,931,933,4908,-1,4909,4910,4911,-1,4912,4913,4914,-1,4915,4916,4917,-1,4918,4919,4920,-1,4921,4922,4923,-1,4924,4925,4926,-1,4927,4928,4929,-1,4930,4931,4932,-1,4933,4934,4935,-1,4936,4897,4937,-1,4937,4897,4896,-1,4937,4896,4938,-1,4939,4940,4941,-1,4941,4940,4942,-1,4943,4944,4945,-1,4945,4944,4946,-1,4945,4946,4947,-1,4948,4949,4945,-1,4949,4950,4945,-1,4945,4950,4951,-1,4945,4951,4943,-1,4952,4953,4954,-1,4954,4953,4955,-1,4954,4955,4956,-1,4957,4958,4959,-1,4959,4958,4960,-1,4959,4960,4961,-1,4924,4926,4962,-1,940,939,4962,-1,4963,4964,4965,-1,4965,4964,4966,-1,4967,4968,4964,-1,4968,4969,4964,-1,4964,4969,4970,-1,4964,4970,4966,-1,4971,4972,4973,-1,4973,4972,4974,-1,4973,4974,4975,-1,4976,4977,4978,-1,4978,4977,4979,-1,4909,4911,4980,-1,4981,4982,4983,-1,4984,4985,4986,-1,933,935,4987,-1,4988,929,931,-1,923,925,4989,-1,4989,925,927,-1,4990,921,923,-1,4991,917,919,-1,917,4991,915,-1,913,4907,911,-1,4992,907,909,-1,901,903,4993,-1,4993,903,905,-1,4994,899,901,-1,895,4905,893,-1,4995,889,891,-1,883,885,4996,-1,4996,885,887,-1,4997,881,883,-1,873,875,4998,-1,4998,875,877,-1,4999,871,873,-1,865,867,5000,-1,5000,867,869,-1,5001,863,865,-1,5002,859,861,-1,859,5002,857,-1,855,4902,853,-1,5003,849,851,-1,5004,845,847,-1,5005,841,843,-1,5006,831,833,-1,5007,827,829,-1,5008,823,825,-1,5009,813,815,-1,5010,809,811,-1,4936,5011,4897,-1,4897,5011,802,-1,4897,802,4898,-1,4898,802,805,-1,4898,805,807,-1,4934,4938,4935,-1,4935,4938,4896,-1,4935,4896,5012,-1,5012,4896,4898,-1,5012,4898,5010,-1,5010,4898,807,-1,5010,807,809,-1,5013,4933,5014,-1,5014,4933,4935,-1,5014,4935,5015,-1,5015,4935,5012,-1,5015,5012,5016,-1,5016,5012,5010,-1,5016,5010,5009,-1,5009,5010,811,-1,5009,811,813,-1,4931,5013,4932,-1,4932,5013,5014,-1,4932,5014,5017,-1,5017,5014,5015,-1,5017,5015,5018,-1,5018,5015,5016,-1,5018,5016,5019,-1,5019,5016,5009,-1,5019,5009,5020,-1,5020,5009,815,-1,5020,815,817,-1,4928,4930,4929,-1,4929,4930,4932,-1,4929,4932,5021,-1,5021,4932,5017,-1,5021,5017,5022,-1,5022,5017,5018,-1,5022,5018,5023,-1,5023,5018,5019,-1,5023,5019,5024,-1,5024,5019,5020,-1,5024,5020,4899,-1,4899,5020,817,-1,4899,817,819,-1,4942,4927,4941,-1,4941,4927,4929,-1,4941,4929,5025,-1,5025,4929,5021,-1,5025,5021,5026,-1,5026,5021,5022,-1,5026,5022,5027,-1,5027,5022,5023,-1,5027,5023,5028,-1,5028,5023,5024,-1,5028,5024,5029,-1,5029,5024,4899,-1,5029,4899,5008,-1,5008,4899,821,-1,5008,821,823,-1,4947,4939,4945,-1,4945,4939,4941,-1,4945,4941,5030,-1,5030,4941,5025,-1,5030,5025,5031,-1,5031,5025,5026,-1,5031,5026,5032,-1,5032,5026,5027,-1,5032,5027,5033,-1,5033,5027,5028,-1,5033,5028,5034,-1,5034,5028,5029,-1,5034,5029,5035,-1,5035,5029,5008,-1,5035,5008,5007,-1,5007,5008,825,-1,5007,825,827,-1,4956,4948,4954,-1,4954,4948,4945,-1,4954,4945,5036,-1,5036,4945,5030,-1,5036,5030,5037,-1,5037,5030,5031,-1,5037,5031,5038,-1,5038,5031,5032,-1,5038,5032,5039,-1,5039,5032,5033,-1,5039,5033,5040,-1,5040,5033,5034,-1,5040,5034,5041,-1,5041,5034,5035,-1,5041,5035,5042,-1,5042,5035,5007,-1,5042,5007,5006,-1,5006,5007,829,-1,5006,829,831,-1,4952,4954,5043,-1,5043,4954,5036,-1,5043,5036,5044,-1,5044,5036,5037,-1,5044,5037,5045,-1,5045,5037,5038,-1,5045,5038,5046,-1,5046,5038,5039,-1,5046,5039,5047,-1,5047,5039,5040,-1,5047,5040,5048,-1,5048,5040,5041,-1,5048,5041,5049,-1,5049,5041,5042,-1,5049,5042,5050,-1,5050,5042,5006,-1,5050,5006,5051,-1,5051,5006,833,-1,5051,833,835,-1,4961,4953,4959,-1,4959,4953,4952,-1,4959,4952,5052,-1,5052,4952,5043,-1,5052,5043,5053,-1,5053,5043,5044,-1,5053,5044,5054,-1,5054,5044,5045,-1,5054,5045,5055,-1,5055,5045,5046,-1,5055,5046,5056,-1,5056,5046,5047,-1,5056,5047,5057,-1,5057,5047,5048,-1,5057,5048,5058,-1,5058,5048,5049,-1,5058,5049,5059,-1,5059,5049,5050,-1,5059,5050,5060,-1,5060,5050,5051,-1,5060,5051,4900,-1,4900,5051,835,-1,4900,835,837,-1,4957,4959,5061,-1,5061,4959,5052,-1,5061,5052,5062,-1,5062,5052,5053,-1,5062,5053,5063,-1,5063,5053,5054,-1,5063,5054,5064,-1,5064,5054,5055,-1,5064,5055,5065,-1,5065,5055,5056,-1,5065,5056,5066,-1,5066,5056,5057,-1,5066,5057,5067,-1,5067,5057,5058,-1,5067,5058,5068,-1,5068,5058,5059,-1,5068,5059,5069,-1,5069,5059,5060,-1,5069,5060,5070,-1,5070,5060,4900,-1,5070,4900,5005,-1,5005,4900,839,-1,5005,839,841,-1,4925,4958,4926,-1,4926,4958,4957,-1,4926,4957,5071,-1,5071,4957,5061,-1,5071,5061,5072,-1,5072,5061,5062,-1,5072,5062,5073,-1,5073,5062,5063,-1,5073,5063,5074,-1,5074,5063,5064,-1,5074,5064,5075,-1,5075,5064,5065,-1,5075,5065,5076,-1,5076,5065,5066,-1,5076,5066,5077,-1,5077,5066,5067,-1,5077,5067,5078,-1,5078,5067,5068,-1,5078,5068,5079,-1,5079,5068,5069,-1,5079,5069,5080,-1,5080,5069,5070,-1,5080,5070,5081,-1,5081,5070,5005,-1,5081,5005,5004,-1,5004,5005,843,-1,5004,843,845,-1,940,4962,5082,-1,5082,4962,4926,-1,5082,4926,5083,-1,5083,4926,5071,-1,5083,5071,5084,-1,5084,5071,5072,-1,5084,5072,5085,-1,5085,5072,5073,-1,5085,5073,5086,-1,5086,5073,5074,-1,5086,5074,5087,-1,5087,5074,5075,-1,5087,5075,5088,-1,5088,5075,5076,-1,5088,5076,5089,-1,5089,5076,5077,-1,5089,5077,5090,-1,5090,5077,5078,-1,5090,5078,5091,-1,5091,5078,5079,-1,5091,5079,5092,-1,5092,5079,5080,-1,5092,5080,5093,-1,5093,5080,5081,-1,5093,5081,5094,-1,5094,5081,5004,-1,5094,5004,5003,-1,5003,5004,847,-1,5003,847,849,-1,4922,5095,4923,-1,4923,5095,5096,-1,4923,5096,5097,-1,4919,5098,4920,-1,4920,5098,5099,-1,4920,5099,5100,-1,5100,5099,5101,-1,5100,5101,5102,-1,5102,5101,5103,-1,5102,5103,5104,-1,4975,4967,4973,-1,4973,4967,4964,-1,4973,4964,5105,-1,5105,4964,5106,-1,5105,5106,5107,-1,5107,5106,5108,-1,5107,5108,5109,-1,5109,5108,5110,-1,5109,5110,5111,-1,5111,5110,5112,-1,5111,5112,5113,-1,5113,5112,5114,-1,5113,5114,5115,-1,5115,5114,5116,-1,5115,5116,5117,-1,4976,4978,5118,-1,5118,4978,5119,-1,5118,5119,5120,-1,5120,5119,5121,-1,5120,5121,5122,-1,5122,5121,5123,-1,5122,5123,5124,-1,5124,5123,5125,-1,5124,5125,5126,-1,5126,5125,5127,-1,5126,5127,5128,-1,5128,5127,5129,-1,5128,5129,5130,-1,5130,5129,5131,-1,5130,5131,5132,-1,5132,5131,5133,-1,5132,5133,5134,-1,4985,4981,4986,-1,4986,4981,4983,-1,4986,4983,5135,-1,5135,4983,5136,-1,5135,5136,5137,-1,5137,5136,5138,-1,5137,5138,5139,-1,5139,5138,5140,-1,5139,5140,5141,-1,5141,5140,5142,-1,5141,5142,5143,-1,5143,5142,5144,-1,5143,5144,5145,-1,5145,5144,5146,-1,5145,5146,5147,-1,5147,5146,5148,-1,5147,5148,5149,-1,5149,5148,5150,-1,5149,5150,5151,-1,5151,5150,5152,-1,5151,5152,5153,-1,5153,5152,5154,-1,5153,5154,5155,-1,5155,5154,5156,-1,5155,5156,5157,-1,933,4987,4908,-1,4908,4987,5158,-1,4908,5158,5159,-1,5159,5158,5160,-1,5159,5160,5161,-1,5161,5160,5162,-1,5161,5162,5163,-1,5163,5162,5164,-1,5163,5164,5165,-1,5165,5164,5166,-1,5165,5166,5167,-1,5167,5166,5168,-1,5167,5168,5169,-1,5169,5168,5170,-1,5169,5170,5171,-1,5171,5170,5172,-1,5171,5172,5173,-1,5173,5172,5174,-1,5173,5174,5175,-1,5175,5174,5176,-1,5175,5176,5177,-1,5177,5176,5178,-1,5177,5178,5179,-1,5179,5178,5180,-1,5179,5180,5181,-1,5181,5180,5182,-1,5181,5182,5183,-1,923,4989,4990,-1,4990,4989,5184,-1,4990,5184,5185,-1,5185,5184,5186,-1,5185,5186,5187,-1,5187,5186,5188,-1,5187,5188,5189,-1,5189,5188,5190,-1,5189,5190,5191,-1,5191,5190,5192,-1,5191,5192,5193,-1,5193,5192,5194,-1,5193,5194,5195,-1,5195,5194,5196,-1,5195,5196,5197,-1,5197,5196,5198,-1,5197,5198,5199,-1,5199,5198,5200,-1,5199,5200,5201,-1,5201,5200,5202,-1,5201,5202,5203,-1,5203,5202,5204,-1,5203,5204,5205,-1,5205,5204,5206,-1,5205,5206,5207,-1,5207,5206,5208,-1,5207,5208,5209,-1,915,4991,4907,-1,4907,4991,5210,-1,4907,5210,5211,-1,5211,5210,5212,-1,5211,5212,5213,-1,5213,5212,5214,-1,5213,5214,5215,-1,5215,5214,5216,-1,5215,5216,5217,-1,5217,5216,5218,-1,5217,5218,5219,-1,5219,5218,5220,-1,5219,5220,5221,-1,5221,5220,5222,-1,5221,5222,5223,-1,5223,5222,5224,-1,5223,5224,5225,-1,5225,5224,5226,-1,5225,5226,5227,-1,5227,5226,5228,-1,5227,5228,5229,-1,5229,5228,5230,-1,5229,5230,5231,-1,5231,5230,5232,-1,5231,5232,5233,-1,5233,5232,5234,-1,5233,5234,5235,-1,901,4993,4994,-1,4994,4993,5236,-1,4994,5236,5237,-1,5237,5236,5238,-1,5237,5238,5239,-1,5239,5238,5240,-1,5239,5240,5241,-1,5241,5240,5242,-1,5241,5242,5243,-1,5243,5242,5244,-1,5243,5244,5245,-1,5245,5244,5246,-1,5245,5246,5247,-1,5247,5246,5248,-1,5247,5248,5249,-1,5249,5248,5250,-1,5249,5250,5251,-1,5251,5250,5252,-1,5251,5252,5253,-1,5253,5252,5254,-1,5253,5254,5255,-1,5255,5254,5256,-1,5255,5256,5257,-1,5257,5256,5258,-1,5257,5258,5259,-1,5259,5258,5260,-1,5259,5260,5261,-1,893,4905,4904,-1,4904,4905,5262,-1,4904,5262,5263,-1,5263,5262,5264,-1,5263,5264,5265,-1,5265,5264,5266,-1,5265,5266,5267,-1,5267,5266,5268,-1,5267,5268,5269,-1,5269,5268,5270,-1,5269,5270,5271,-1,5271,5270,5272,-1,5271,5272,5273,-1,5273,5272,5274,-1,5273,5274,5275,-1,5275,5274,5276,-1,5275,5276,5277,-1,5277,5276,5278,-1,5277,5278,5279,-1,5279,5278,5280,-1,5279,5280,5281,-1,5281,5280,5282,-1,5281,5282,5283,-1,5283,5282,5284,-1,5283,5284,5285,-1,5285,5284,5286,-1,5285,5286,5287,-1,883,4996,4997,-1,4997,4996,5288,-1,4997,5288,5289,-1,5289,5288,5290,-1,5289,5290,5291,-1,5291,5290,5292,-1,5291,5292,5293,-1,5293,5292,5294,-1,5293,5294,5295,-1,5295,5294,5296,-1,5295,5296,5297,-1,5297,5296,5298,-1,5297,5298,5299,-1,5299,5298,5300,-1,5299,5300,5301,-1,5301,5300,5302,-1,5301,5302,5303,-1,5303,5302,5304,-1,5303,5304,5305,-1,5305,5304,5306,-1,5305,5306,5307,-1,5307,5306,5308,-1,5307,5308,5309,-1,5309,5308,5310,-1,5309,5310,5311,-1,5311,5310,5312,-1,5311,5312,5313,-1,877,4903,4998,-1,4998,4903,5314,-1,4998,5314,5315,-1,5315,5314,5316,-1,5315,5316,5317,-1,5317,5316,5318,-1,5317,5318,5319,-1,5319,5318,5320,-1,5319,5320,5321,-1,5321,5320,5322,-1,5321,5322,5323,-1,5323,5322,5324,-1,5323,5324,5325,-1,5325,5324,5326,-1,5325,5326,5327,-1,5327,5326,5328,-1,5327,5328,5329,-1,5329,5328,5330,-1,5329,5330,5331,-1,5331,5330,5332,-1,5331,5332,5333,-1,5333,5332,5334,-1,5333,5334,5335,-1,5335,5334,5336,-1,5335,5336,5337,-1,5337,5336,5338,-1,5337,5338,5339,-1,865,5000,5001,-1,5001,5000,5340,-1,5001,5340,5341,-1,5341,5340,5342,-1,5341,5342,5343,-1,5343,5342,5344,-1,5343,5344,5345,-1,5345,5344,5346,-1,5345,5346,5347,-1,5347,5346,5348,-1,5347,5348,5349,-1,5349,5348,5350,-1,5349,5350,5351,-1,5351,5350,5352,-1,5351,5352,5353,-1,5353,5352,5354,-1,5353,5354,5355,-1,5355,5354,5356,-1,5355,5356,5357,-1,5357,5356,5358,-1,5357,5358,5359,-1,5359,5358,5360,-1,5359,5360,5361,-1,5361,5360,5362,-1,5361,5362,5363,-1,5363,5362,5364,-1,5363,5364,5365,-1,857,5002,4902,-1,4902,5002,5366,-1,4902,5366,5367,-1,5367,5366,5368,-1,5367,5368,5369,-1,5369,5368,5370,-1,5369,5370,5371,-1,5371,5370,5372,-1,5371,5372,5373,-1,5373,5372,5374,-1,5373,5374,5375,-1,5375,5374,5376,-1,5375,5376,5377,-1,5377,5376,5378,-1,5377,5378,5379,-1,5379,5378,5380,-1,5379,5380,5381,-1,5381,5380,5382,-1,5381,5382,5383,-1,5383,5382,5384,-1,5383,5384,5385,-1,5385,5384,5386,-1,5385,5386,5387,-1,5387,5386,5388,-1,5387,5388,5389,-1,5389,5388,5390,-1,5389,5390,5391,-1,5095,5392,5096,-1,5096,5392,1072,-1,5096,1072,5097,-1,5097,1072,1070,-1,5097,1070,1068,-1,5098,4921,5099,-1,5099,4921,4923,-1,5099,4923,5101,-1,5101,4923,5097,-1,5101,5097,5103,-1,5103,5097,1068,-1,4916,4918,4917,-1,4917,4918,4920,-1,4917,4920,5393,-1,5393,4920,5100,-1,5393,5100,5394,-1,5394,5100,5102,-1,5394,5102,5395,-1,5395,5102,5104,-1,5395,5104,5396,-1,5396,5104,1060,-1,5396,1060,1058,-1,1068,1066,5103,-1,5103,1066,1064,-1,5103,1064,5104,-1,5104,1064,1062,-1,5104,1062,1060,-1,4913,4915,4914,-1,4914,4915,4917,-1,4914,4917,5397,-1,5397,4917,5393,-1,5397,5393,5398,-1,5398,5393,5394,-1,5398,5394,5399,-1,5399,5394,5395,-1,5399,5395,5400,-1,5400,5395,5396,-1,5400,5396,4895,-1,4895,5396,1058,-1,4895,1058,1056,-1,4963,4912,4964,-1,4964,4912,4914,-1,4964,4914,5106,-1,5106,4914,5397,-1,5106,5397,5108,-1,5108,5397,5398,-1,5108,5398,5110,-1,5110,5398,5399,-1,5110,5399,5112,-1,5112,5399,5400,-1,5112,5400,5114,-1,5114,5400,4895,-1,5114,4895,5116,-1,5116,4895,1054,-1,1054,1052,5116,-1,5116,1052,1050,-1,5116,1050,5117,-1,5117,1050,1048,-1,5117,1048,1046,-1,4979,4971,4978,-1,4978,4971,4973,-1,4978,4973,5119,-1,5119,4973,5105,-1,5119,5105,5121,-1,5121,5105,5107,-1,5121,5107,5123,-1,5123,5107,5109,-1,5123,5109,5125,-1,5125,5109,5111,-1,5125,5111,5127,-1,5127,5111,5113,-1,5127,5113,5129,-1,5129,5113,5115,-1,5129,5115,5131,-1,5131,5115,5117,-1,5131,5117,5133,-1,5133,5117,1046,-1,4910,4977,4911,-1,4911,4977,4976,-1,4911,4976,5401,-1,5401,4976,5118,-1,5401,5118,5402,-1,5402,5118,5120,-1,5402,5120,5403,-1,5403,5120,5122,-1,5403,5122,5404,-1,5404,5122,5124,-1,5404,5124,5405,-1,5405,5124,5126,-1,5405,5126,5406,-1,5406,5126,5128,-1,5406,5128,5407,-1,5407,5128,5130,-1,5407,5130,5408,-1,5408,5130,5132,-1,5408,5132,5409,-1,5409,5132,5134,-1,5409,5134,5410,-1,5410,5134,1038,-1,5410,1038,1036,-1,1046,1044,5133,-1,5133,1044,1042,-1,5133,1042,5134,-1,5134,1042,1040,-1,5134,1040,1038,-1,4982,4980,4983,-1,4983,4980,4911,-1,4983,4911,5136,-1,5136,4911,5401,-1,5136,5401,5138,-1,5138,5401,5402,-1,5138,5402,5140,-1,5140,5402,5403,-1,5140,5403,5142,-1,5142,5403,5404,-1,5142,5404,5144,-1,5144,5404,5405,-1,5144,5405,5146,-1,5146,5405,5406,-1,5146,5406,5148,-1,5148,5406,5407,-1,5148,5407,5150,-1,5150,5407,5408,-1,5150,5408,5152,-1,5152,5408,5409,-1,5152,5409,5154,-1,5154,5409,5410,-1,5154,5410,5156,-1,5156,5410,1036,-1,1036,1034,5156,-1,5156,1034,1032,-1,5156,1032,5157,-1,5157,1032,1030,-1,5157,1030,1028,-1,1028,5182,5157,-1,5157,5182,5180,-1,5157,5180,5155,-1,5155,5180,5178,-1,5155,5178,5153,-1,5153,5178,5176,-1,5153,5176,5151,-1,5151,5176,5174,-1,5151,5174,5149,-1,5149,5174,5172,-1,5149,5172,5147,-1,5147,5172,5170,-1,5147,5170,5145,-1,5145,5170,5168,-1,5145,5168,5143,-1,5143,5168,5166,-1,5143,5166,5141,-1,5141,5166,5164,-1,5141,5164,5139,-1,5139,5164,5162,-1,5139,5162,5137,-1,5137,5162,5160,-1,5137,5160,5135,-1,5135,5160,5158,-1,5135,5158,4986,-1,4986,5158,4987,-1,4986,4987,4984,-1,4984,4987,935,-1,4984,935,937,-1,931,4908,4988,-1,4988,4908,5159,-1,4988,5159,5411,-1,5411,5159,5161,-1,5411,5161,5412,-1,5412,5161,5163,-1,5412,5163,5413,-1,5413,5163,5165,-1,5413,5165,5414,-1,5414,5165,5167,-1,5414,5167,5415,-1,5415,5167,5169,-1,5415,5169,5416,-1,5416,5169,5171,-1,5416,5171,5417,-1,5417,5171,5173,-1,5417,5173,5418,-1,5418,5173,5175,-1,5418,5175,5419,-1,5419,5175,5177,-1,5419,5177,5420,-1,5420,5177,5179,-1,5420,5179,5421,-1,5421,5179,5181,-1,5421,5181,5422,-1,5422,5181,5183,-1,5422,5183,5423,-1,5423,5183,1020,-1,5423,1020,1018,-1,1028,1026,5182,-1,5182,1026,1024,-1,5182,1024,5183,-1,5183,1024,1022,-1,5183,1022,1020,-1,1018,5208,5423,-1,5423,5208,5206,-1,5423,5206,5422,-1,5422,5206,5204,-1,5422,5204,5421,-1,5421,5204,5202,-1,5421,5202,5420,-1,5420,5202,5200,-1,5420,5200,5419,-1,5419,5200,5198,-1,5419,5198,5418,-1,5418,5198,5196,-1,5418,5196,5417,-1,5417,5196,5194,-1,5417,5194,5416,-1,5416,5194,5192,-1,5416,5192,5415,-1,5415,5192,5190,-1,5415,5190,5414,-1,5414,5190,5188,-1,5414,5188,5413,-1,5413,5188,5186,-1,5413,5186,5412,-1,5412,5186,5184,-1,5412,5184,5411,-1,5411,5184,4989,-1,5411,4989,4988,-1,4988,4989,927,-1,4988,927,929,-1,1018,1016,5208,-1,5208,1016,1014,-1,5208,1014,5209,-1,5209,1014,1012,-1,5209,1012,1010,-1,1010,5234,5209,-1,5209,5234,5232,-1,5209,5232,5207,-1,5207,5232,5230,-1,5207,5230,5205,-1,5205,5230,5228,-1,5205,5228,5203,-1,5203,5228,5226,-1,5203,5226,5201,-1,5201,5226,5224,-1,5201,5224,5199,-1,5199,5224,5222,-1,5199,5222,5197,-1,5197,5222,5220,-1,5197,5220,5195,-1,5195,5220,5218,-1,5195,5218,5193,-1,5193,5218,5216,-1,5193,5216,5191,-1,5191,5216,5214,-1,5191,5214,5189,-1,5189,5214,5212,-1,5189,5212,5187,-1,5187,5212,5210,-1,5187,5210,5185,-1,5185,5210,4991,-1,5185,4991,4990,-1,4990,4991,919,-1,4990,919,921,-1,911,4907,4906,-1,4906,4907,5211,-1,4906,5211,5424,-1,5424,5211,5213,-1,5424,5213,5425,-1,5425,5213,5215,-1,5425,5215,5426,-1,5426,5215,5217,-1,5426,5217,5427,-1,5427,5217,5219,-1,5427,5219,5428,-1,5428,5219,5221,-1,5428,5221,5429,-1,5429,5221,5223,-1,5429,5223,5430,-1,5430,5223,5225,-1,5430,5225,5431,-1,5431,5225,5227,-1,5431,5227,5432,-1,5432,5227,5229,-1,5432,5229,5433,-1,5433,5229,5231,-1,5433,5231,5434,-1,5434,5231,5233,-1,5434,5233,5435,-1,5435,5233,5235,-1,5435,5235,5436,-1,5436,5235,1002,-1,5436,1002,1000,-1,1010,1008,5234,-1,5234,1008,1006,-1,5234,1006,5235,-1,5235,1006,1004,-1,5235,1004,1002,-1,909,4906,4992,-1,4992,4906,5424,-1,4992,5424,5437,-1,5437,5424,5425,-1,5437,5425,5438,-1,5438,5425,5426,-1,5438,5426,5439,-1,5439,5426,5427,-1,5439,5427,5440,-1,5440,5427,5428,-1,5440,5428,5441,-1,5441,5428,5429,-1,5441,5429,5442,-1,5442,5429,5430,-1,5442,5430,5443,-1,5443,5430,5431,-1,5443,5431,5444,-1,5444,5431,5432,-1,5444,5432,5445,-1,5445,5432,5433,-1,5445,5433,5446,-1,5446,5433,5434,-1,5446,5434,5447,-1,5447,5434,5435,-1,5447,5435,5448,-1,5448,5435,5436,-1,5448,5436,4894,-1,4894,5436,1000,-1,4894,1000,998,-1,996,5260,4894,-1,4894,5260,5258,-1,4894,5258,5448,-1,5448,5258,5256,-1,5448,5256,5447,-1,5447,5256,5254,-1,5447,5254,5446,-1,5446,5254,5252,-1,5446,5252,5445,-1,5445,5252,5250,-1,5445,5250,5444,-1,5444,5250,5248,-1,5444,5248,5443,-1,5443,5248,5246,-1,5443,5246,5442,-1,5442,5246,5244,-1,5442,5244,5441,-1,5441,5244,5242,-1,5441,5242,5440,-1,5440,5242,5240,-1,5440,5240,5439,-1,5439,5240,5238,-1,5439,5238,5438,-1,5438,5238,5236,-1,5438,5236,5437,-1,5437,5236,4993,-1,5437,4993,4992,-1,4992,4993,905,-1,4992,905,907,-1,996,994,5260,-1,5260,994,992,-1,5260,992,5261,-1,5261,992,990,-1,5261,990,988,-1,988,5286,5261,-1,5261,5286,5284,-1,5261,5284,5259,-1,5259,5284,5282,-1,5259,5282,5257,-1,5257,5282,5280,-1,5257,5280,5255,-1,5255,5280,5278,-1,5255,5278,5253,-1,5253,5278,5276,-1,5253,5276,5251,-1,5251,5276,5274,-1,5251,5274,5249,-1,5249,5274,5272,-1,5249,5272,5247,-1,5247,5272,5270,-1,5247,5270,5245,-1,5245,5270,5268,-1,5245,5268,5243,-1,5243,5268,5266,-1,5243,5266,5241,-1,5241,5266,5264,-1,5241,5264,5239,-1,5239,5264,5262,-1,5239,5262,5237,-1,5237,5262,4905,-1,5237,4905,4994,-1,4994,4905,897,-1,4994,897,899,-1,891,4904,4995,-1,4995,4904,5263,-1,4995,5263,5449,-1,5449,5263,5265,-1,5449,5265,5450,-1,5450,5265,5267,-1,5450,5267,5451,-1,5451,5267,5269,-1,5451,5269,5452,-1,5452,5269,5271,-1,5452,5271,5453,-1,5453,5271,5273,-1,5453,5273,5454,-1,5454,5273,5275,-1,5454,5275,5455,-1,5455,5275,5277,-1,5455,5277,5456,-1,5456,5277,5279,-1,5456,5279,5457,-1,5457,5279,5281,-1,5457,5281,5458,-1,5458,5281,5283,-1,5458,5283,5459,-1,5459,5283,5285,-1,5459,5285,5460,-1,5460,5285,5287,-1,5460,5287,5461,-1,5461,5287,980,-1,5461,980,978,-1,988,986,5286,-1,5286,986,984,-1,5286,984,5287,-1,5287,984,982,-1,5287,982,980,-1,978,5312,5461,-1,5461,5312,5310,-1,5461,5310,5460,-1,5460,5310,5308,-1,5460,5308,5459,-1,5459,5308,5306,-1,5459,5306,5458,-1,5458,5306,5304,-1,5458,5304,5457,-1,5457,5304,5302,-1,5457,5302,5456,-1,5456,5302,5300,-1,5456,5300,5455,-1,5455,5300,5298,-1,5455,5298,5454,-1,5454,5298,5296,-1,5454,5296,5453,-1,5453,5296,5294,-1,5453,5294,5452,-1,5452,5294,5292,-1,5452,5292,5451,-1,5451,5292,5290,-1,5451,5290,5450,-1,5450,5290,5288,-1,5450,5288,5449,-1,5449,5288,4996,-1,5449,4996,4995,-1,4995,4996,887,-1,4995,887,889,-1,978,976,5312,-1,5312,976,974,-1,5312,974,5313,-1,5313,974,972,-1,5313,972,970,-1,970,5338,5313,-1,5313,5338,5336,-1,5313,5336,5311,-1,5311,5336,5334,-1,5311,5334,5309,-1,5309,5334,5332,-1,5309,5332,5307,-1,5307,5332,5330,-1,5307,5330,5305,-1,5305,5330,5328,-1,5305,5328,5303,-1,5303,5328,5326,-1,5303,5326,5301,-1,5301,5326,5324,-1,5301,5324,5299,-1,5299,5324,5322,-1,5299,5322,5297,-1,5297,5322,5320,-1,5297,5320,5295,-1,5295,5320,5318,-1,5295,5318,5293,-1,5293,5318,5316,-1,5293,5316,5291,-1,5291,5316,5314,-1,5291,5314,5289,-1,5289,5314,4903,-1,5289,4903,4997,-1,4997,4903,879,-1,4997,879,881,-1,873,4998,4999,-1,4999,4998,5315,-1,4999,5315,5462,-1,5462,5315,5317,-1,5462,5317,5463,-1,5463,5317,5319,-1,5463,5319,5464,-1,5464,5319,5321,-1,5464,5321,5465,-1,5465,5321,5323,-1,5465,5323,5466,-1,5466,5323,5325,-1,5466,5325,5467,-1,5467,5325,5327,-1,5467,5327,5468,-1,5468,5327,5329,-1,5468,5329,5469,-1,5469,5329,5331,-1,5469,5331,5470,-1,5470,5331,5333,-1,5470,5333,5471,-1,5471,5333,5335,-1,5471,5335,5472,-1,5472,5335,5337,-1,5472,5337,5473,-1,5473,5337,5339,-1,5473,5339,5474,-1,5474,5339,962,-1,5474,962,960,-1,970,968,5338,-1,5338,968,966,-1,5338,966,5339,-1,5339,966,964,-1,5339,964,962,-1,960,5364,5474,-1,5474,5364,5362,-1,5474,5362,5473,-1,5473,5362,5360,-1,5473,5360,5472,-1,5472,5360,5358,-1,5472,5358,5471,-1,5471,5358,5356,-1,5471,5356,5470,-1,5470,5356,5354,-1,5470,5354,5469,-1,5469,5354,5352,-1,5469,5352,5468,-1,5468,5352,5350,-1,5468,5350,5467,-1,5467,5350,5348,-1,5467,5348,5466,-1,5466,5348,5346,-1,5466,5346,5465,-1,5465,5346,5344,-1,5465,5344,5464,-1,5464,5344,5342,-1,5464,5342,5463,-1,5463,5342,5340,-1,5463,5340,5462,-1,5462,5340,5000,-1,5462,5000,4999,-1,4999,5000,869,-1,4999,869,871,-1,960,958,5364,-1,5364,958,956,-1,5364,956,5365,-1,5365,956,954,-1,5365,954,952,-1,952,5390,5365,-1,5365,5390,5388,-1,5365,5388,5363,-1,5363,5388,5386,-1,5363,5386,5361,-1,5361,5386,5384,-1,5361,5384,5359,-1,5359,5384,5382,-1,5359,5382,5357,-1,5357,5382,5380,-1,5357,5380,5355,-1,5355,5380,5378,-1,5355,5378,5353,-1,5353,5378,5376,-1,5353,5376,5351,-1,5351,5376,5374,-1,5351,5374,5349,-1,5349,5374,5372,-1,5349,5372,5347,-1,5347,5372,5370,-1,5347,5370,5345,-1,5345,5370,5368,-1,5345,5368,5343,-1,5343,5368,5366,-1,5343,5366,5341,-1,5341,5366,5002,-1,5341,5002,5001,-1,5001,5002,861,-1,5001,861,863,-1,853,4902,4901,-1,4901,4902,5367,-1,4901,5367,5475,-1,5475,5367,5369,-1,5475,5369,5476,-1,5476,5369,5371,-1,5476,5371,5477,-1,5477,5371,5373,-1,5477,5373,5478,-1,5478,5373,5375,-1,5478,5375,5479,-1,5479,5375,5377,-1,5479,5377,5480,-1,5480,5377,5379,-1,5480,5379,5481,-1,5481,5379,5381,-1,5481,5381,5482,-1,5482,5381,5383,-1,5482,5383,5483,-1,5483,5383,5385,-1,5483,5385,5484,-1,5484,5385,5387,-1,5484,5387,5485,-1,5485,5387,5389,-1,5485,5389,5486,-1,5486,5389,5391,-1,5486,5391,5487,-1,5487,5391,944,-1,5487,944,942,-1,952,950,5390,-1,5390,950,948,-1,5390,948,5391,-1,5391,948,946,-1,5391,946,944,-1,851,4901,5003,-1,5003,4901,5475,-1,5003,5475,5094,-1,5094,5475,5476,-1,5094,5476,5093,-1,5093,5476,5477,-1,5093,5477,5092,-1,5092,5477,5478,-1,5092,5478,5091,-1,5091,5478,5479,-1,5091,5479,5090,-1,5090,5479,5480,-1,5090,5480,5089,-1,5089,5480,5481,-1,5089,5481,5088,-1,5088,5481,5482,-1,5088,5482,5087,-1,5087,5482,5483,-1,5087,5483,5086,-1,5086,5483,5484,-1,5086,5484,5085,-1,5085,5484,5485,-1,5085,5485,5084,-1,5084,5485,5486,-1,5084,5486,5083,-1,5083,5486,5487,-1,5083,5487,5082,-1,5082,5487,942,-1,5082,942,940,-1,862,860,5488,-1,920,918,5489,-1,5490,5491,5492,-1,683,685,5493,-1,701,703,5494,-1,715,717,5495,-1,719,721,5496,-1,737,739,5497,-1,741,743,5498,-1,755,757,5499,-1,759,761,5500,-1,773,775,5501,-1,777,779,5502,-1,795,797,5503,-1,5504,5505,5506,-1,5507,5508,5509,-1,5510,5511,5512,-1,5513,5514,5515,-1,5516,5517,5518,-1,5519,5520,5521,-1,5522,5523,5524,-1,5525,5526,5527,-1,5528,5529,5530,-1,5531,5491,5532,-1,5532,5491,5490,-1,5532,5490,5533,-1,5534,5535,5536,-1,5536,5535,5537,-1,5538,5539,5540,-1,5540,5539,5541,-1,5540,5541,5542,-1,5543,5544,5540,-1,5544,5545,5540,-1,5540,5545,5546,-1,5540,5546,5538,-1,5547,5548,5549,-1,5549,5548,5550,-1,5549,5550,5551,-1,5552,5553,5554,-1,5554,5553,5555,-1,5554,5555,5556,-1,5519,5521,5557,-1,804,803,5557,-1,5558,5559,5560,-1,5560,5559,5561,-1,5562,5563,5559,-1,5563,5564,5559,-1,5559,5564,5565,-1,5559,5565,5561,-1,5566,5567,5568,-1,5568,5567,5569,-1,5568,5569,5570,-1,5571,5572,5573,-1,5573,5572,5574,-1,5504,5506,5575,-1,5576,5577,5578,-1,5579,5580,5581,-1,797,799,5582,-1,5583,793,795,-1,787,789,5584,-1,5584,789,791,-1,5585,785,787,-1,5586,781,783,-1,781,5586,779,-1,777,5502,775,-1,5587,771,773,-1,765,767,5588,-1,5588,767,769,-1,5589,763,765,-1,759,5500,757,-1,5590,753,755,-1,747,749,5591,-1,5591,749,751,-1,5592,745,747,-1,741,5498,739,-1,5593,735,737,-1,729,731,5594,-1,5594,731,733,-1,5595,727,729,-1,5596,723,725,-1,723,5596,721,-1,719,5496,717,-1,5597,713,715,-1,5598,709,711,-1,5599,705,707,-1,5600,695,697,-1,5601,691,693,-1,5602,687,689,-1,5603,677,679,-1,5604,673,675,-1,5531,5605,5491,-1,5491,5605,666,-1,5491,666,5492,-1,5492,666,669,-1,5492,669,671,-1,5529,5533,5530,-1,5530,5533,5490,-1,5530,5490,5606,-1,5606,5490,5492,-1,5606,5492,5604,-1,5604,5492,671,-1,5604,671,673,-1,5607,5528,5608,-1,5608,5528,5530,-1,5608,5530,5609,-1,5609,5530,5606,-1,5609,5606,5610,-1,5610,5606,5604,-1,5610,5604,5603,-1,5603,5604,675,-1,5603,675,677,-1,5526,5607,5527,-1,5527,5607,5608,-1,5527,5608,5611,-1,5611,5608,5609,-1,5611,5609,5612,-1,5612,5609,5610,-1,5612,5610,5613,-1,5613,5610,5603,-1,5613,5603,5614,-1,5614,5603,679,-1,5614,679,681,-1,5523,5525,5524,-1,5524,5525,5527,-1,5524,5527,5615,-1,5615,5527,5611,-1,5615,5611,5616,-1,5616,5611,5612,-1,5616,5612,5617,-1,5617,5612,5613,-1,5617,5613,5618,-1,5618,5613,5614,-1,5618,5614,5493,-1,5493,5614,681,-1,5493,681,683,-1,5537,5522,5536,-1,5536,5522,5524,-1,5536,5524,5619,-1,5619,5524,5615,-1,5619,5615,5620,-1,5620,5615,5616,-1,5620,5616,5621,-1,5621,5616,5617,-1,5621,5617,5622,-1,5622,5617,5618,-1,5622,5618,5623,-1,5623,5618,5493,-1,5623,5493,5602,-1,5602,5493,685,-1,5602,685,687,-1,5542,5534,5540,-1,5540,5534,5536,-1,5540,5536,5624,-1,5624,5536,5619,-1,5624,5619,5625,-1,5625,5619,5620,-1,5625,5620,5626,-1,5626,5620,5621,-1,5626,5621,5627,-1,5627,5621,5622,-1,5627,5622,5628,-1,5628,5622,5623,-1,5628,5623,5629,-1,5629,5623,5602,-1,5629,5602,5601,-1,5601,5602,689,-1,5601,689,691,-1,5551,5543,5549,-1,5549,5543,5540,-1,5549,5540,5630,-1,5630,5540,5624,-1,5630,5624,5631,-1,5631,5624,5625,-1,5631,5625,5632,-1,5632,5625,5626,-1,5632,5626,5633,-1,5633,5626,5627,-1,5633,5627,5634,-1,5634,5627,5628,-1,5634,5628,5635,-1,5635,5628,5629,-1,5635,5629,5636,-1,5636,5629,5601,-1,5636,5601,5600,-1,5600,5601,693,-1,5600,693,695,-1,5547,5549,5637,-1,5637,5549,5630,-1,5637,5630,5638,-1,5638,5630,5631,-1,5638,5631,5639,-1,5639,5631,5632,-1,5639,5632,5640,-1,5640,5632,5633,-1,5640,5633,5641,-1,5641,5633,5634,-1,5641,5634,5642,-1,5642,5634,5635,-1,5642,5635,5643,-1,5643,5635,5636,-1,5643,5636,5644,-1,5644,5636,5600,-1,5644,5600,5645,-1,5645,5600,697,-1,5645,697,699,-1,5556,5548,5554,-1,5554,5548,5547,-1,5554,5547,5646,-1,5646,5547,5637,-1,5646,5637,5647,-1,5647,5637,5638,-1,5647,5638,5648,-1,5648,5638,5639,-1,5648,5639,5649,-1,5649,5639,5640,-1,5649,5640,5650,-1,5650,5640,5641,-1,5650,5641,5651,-1,5651,5641,5642,-1,5651,5642,5652,-1,5652,5642,5643,-1,5652,5643,5653,-1,5653,5643,5644,-1,5653,5644,5654,-1,5654,5644,5645,-1,5654,5645,5494,-1,5494,5645,699,-1,5494,699,701,-1,5552,5554,5655,-1,5655,5554,5646,-1,5655,5646,5656,-1,5656,5646,5647,-1,5656,5647,5657,-1,5657,5647,5648,-1,5657,5648,5658,-1,5658,5648,5649,-1,5658,5649,5659,-1,5659,5649,5650,-1,5659,5650,5660,-1,5660,5650,5651,-1,5660,5651,5661,-1,5661,5651,5652,-1,5661,5652,5662,-1,5662,5652,5653,-1,5662,5653,5663,-1,5663,5653,5654,-1,5663,5654,5664,-1,5664,5654,5494,-1,5664,5494,5599,-1,5599,5494,703,-1,5599,703,705,-1,5520,5553,5521,-1,5521,5553,5552,-1,5521,5552,5665,-1,5665,5552,5655,-1,5665,5655,5666,-1,5666,5655,5656,-1,5666,5656,5667,-1,5667,5656,5657,-1,5667,5657,5668,-1,5668,5657,5658,-1,5668,5658,5669,-1,5669,5658,5659,-1,5669,5659,5670,-1,5670,5659,5660,-1,5670,5660,5671,-1,5671,5660,5661,-1,5671,5661,5672,-1,5672,5661,5662,-1,5672,5662,5673,-1,5673,5662,5663,-1,5673,5663,5674,-1,5674,5663,5664,-1,5674,5664,5675,-1,5675,5664,5599,-1,5675,5599,5598,-1,5598,5599,707,-1,5598,707,709,-1,804,5557,5676,-1,5676,5557,5521,-1,5676,5521,5677,-1,5677,5521,5665,-1,5677,5665,5678,-1,5678,5665,5666,-1,5678,5666,5679,-1,5679,5666,5667,-1,5679,5667,5680,-1,5680,5667,5668,-1,5680,5668,5681,-1,5681,5668,5669,-1,5681,5669,5682,-1,5682,5669,5670,-1,5682,5670,5683,-1,5683,5670,5671,-1,5683,5671,5684,-1,5684,5671,5672,-1,5684,5672,5685,-1,5685,5672,5673,-1,5685,5673,5686,-1,5686,5673,5674,-1,5686,5674,5687,-1,5687,5674,5675,-1,5687,5675,5688,-1,5688,5675,5598,-1,5688,5598,5597,-1,5597,5598,711,-1,5597,711,713,-1,5517,5689,5518,-1,5518,5689,5690,-1,5518,5690,5691,-1,5514,5692,5515,-1,5515,5692,5693,-1,5515,5693,5694,-1,5694,5693,5695,-1,5694,5695,5696,-1,5696,5695,5697,-1,5696,5697,5698,-1,5570,5562,5568,-1,5568,5562,5559,-1,5568,5559,5699,-1,5699,5559,5700,-1,5699,5700,5701,-1,5701,5700,5702,-1,5701,5702,5703,-1,5703,5702,5704,-1,5703,5704,5705,-1,5705,5704,5706,-1,5705,5706,5707,-1,5707,5706,5708,-1,5707,5708,5709,-1,5709,5708,5710,-1,5709,5710,5711,-1,5571,5573,5712,-1,5712,5573,5713,-1,5712,5713,5714,-1,5714,5713,5715,-1,5714,5715,5716,-1,5716,5715,5717,-1,5716,5717,5718,-1,5718,5717,5719,-1,5718,5719,5720,-1,5720,5719,5721,-1,5720,5721,5722,-1,5722,5721,5723,-1,5722,5723,5724,-1,5724,5723,5725,-1,5724,5725,5726,-1,5726,5725,5727,-1,5726,5727,5728,-1,5580,5576,5581,-1,5581,5576,5578,-1,5581,5578,5729,-1,5729,5578,5730,-1,5729,5730,5731,-1,5731,5730,5732,-1,5731,5732,5733,-1,5733,5732,5734,-1,5733,5734,5735,-1,5735,5734,5736,-1,5735,5736,5737,-1,5737,5736,5738,-1,5737,5738,5739,-1,5739,5738,5740,-1,5739,5740,5741,-1,5741,5740,5742,-1,5741,5742,5743,-1,5743,5742,5744,-1,5743,5744,5745,-1,5745,5744,5746,-1,5745,5746,5747,-1,5747,5746,5748,-1,5747,5748,5749,-1,5749,5748,5750,-1,5749,5750,5751,-1,797,5582,5503,-1,5503,5582,5752,-1,5503,5752,5753,-1,5753,5752,5754,-1,5753,5754,5755,-1,5755,5754,5756,-1,5755,5756,5757,-1,5757,5756,5758,-1,5757,5758,5759,-1,5759,5758,5760,-1,5759,5760,5761,-1,5761,5760,5762,-1,5761,5762,5763,-1,5763,5762,5764,-1,5763,5764,5765,-1,5765,5764,5766,-1,5765,5766,5767,-1,5767,5766,5768,-1,5767,5768,5769,-1,5769,5768,5770,-1,5769,5770,5771,-1,5771,5770,5772,-1,5771,5772,5773,-1,5773,5772,5774,-1,5773,5774,5775,-1,5775,5774,5776,-1,5775,5776,5777,-1,787,5584,5585,-1,5585,5584,5778,-1,5585,5778,5779,-1,5779,5778,5780,-1,5779,5780,5781,-1,5781,5780,5782,-1,5781,5782,5783,-1,5783,5782,5784,-1,5783,5784,5785,-1,5785,5784,5786,-1,5785,5786,5787,-1,5787,5786,5788,-1,5787,5788,5789,-1,5789,5788,5790,-1,5789,5790,5791,-1,5791,5790,5792,-1,5791,5792,5793,-1,5793,5792,5794,-1,5793,5794,5795,-1,5795,5794,5796,-1,5795,5796,5797,-1,5797,5796,5798,-1,5797,5798,5799,-1,5799,5798,5800,-1,5799,5800,5801,-1,5801,5800,5802,-1,5801,5802,5803,-1,779,5586,5502,-1,5502,5586,5804,-1,5502,5804,5805,-1,5805,5804,5806,-1,5805,5806,5807,-1,5807,5806,5808,-1,5807,5808,5809,-1,5809,5808,5810,-1,5809,5810,5811,-1,5811,5810,5812,-1,5811,5812,5813,-1,5813,5812,5814,-1,5813,5814,5815,-1,5815,5814,5816,-1,5815,5816,5817,-1,5817,5816,5818,-1,5817,5818,5819,-1,5819,5818,5820,-1,5819,5820,5821,-1,5821,5820,5822,-1,5821,5822,5823,-1,5823,5822,5824,-1,5823,5824,5825,-1,5825,5824,5826,-1,5825,5826,5827,-1,5827,5826,5828,-1,5827,5828,5829,-1,765,5588,5589,-1,5589,5588,5830,-1,5589,5830,5831,-1,5831,5830,5832,-1,5831,5832,5833,-1,5833,5832,5834,-1,5833,5834,5835,-1,5835,5834,5836,-1,5835,5836,5837,-1,5837,5836,5838,-1,5837,5838,5839,-1,5839,5838,5840,-1,5839,5840,5841,-1,5841,5840,5842,-1,5841,5842,5843,-1,5843,5842,5844,-1,5843,5844,5845,-1,5845,5844,5846,-1,5845,5846,5847,-1,5847,5846,5848,-1,5847,5848,5849,-1,5849,5848,5850,-1,5849,5850,5851,-1,5851,5850,5852,-1,5851,5852,5853,-1,5853,5852,5854,-1,5853,5854,5855,-1,757,5500,5499,-1,5499,5500,5856,-1,5499,5856,5857,-1,5857,5856,5858,-1,5857,5858,5859,-1,5859,5858,5860,-1,5859,5860,5861,-1,5861,5860,5862,-1,5861,5862,5863,-1,5863,5862,5864,-1,5863,5864,5865,-1,5865,5864,5866,-1,5865,5866,5867,-1,5867,5866,5868,-1,5867,5868,5869,-1,5869,5868,5870,-1,5869,5870,5871,-1,5871,5870,5872,-1,5871,5872,5873,-1,5873,5872,5874,-1,5873,5874,5875,-1,5875,5874,5876,-1,5875,5876,5877,-1,5877,5876,5878,-1,5877,5878,5879,-1,5879,5878,5880,-1,5879,5880,5881,-1,747,5591,5592,-1,5592,5591,5882,-1,5592,5882,5883,-1,5883,5882,5884,-1,5883,5884,5885,-1,5885,5884,5886,-1,5885,5886,5887,-1,5887,5886,5888,-1,5887,5888,5889,-1,5889,5888,5890,-1,5889,5890,5891,-1,5891,5890,5892,-1,5891,5892,5893,-1,5893,5892,5894,-1,5893,5894,5895,-1,5895,5894,5896,-1,5895,5896,5897,-1,5897,5896,5898,-1,5897,5898,5899,-1,5899,5898,5900,-1,5899,5900,5901,-1,5901,5900,5902,-1,5901,5902,5903,-1,5903,5902,5904,-1,5903,5904,5905,-1,5905,5904,5906,-1,5905,5906,5907,-1,739,5498,5497,-1,5497,5498,5908,-1,5497,5908,5909,-1,5909,5908,5910,-1,5909,5910,5911,-1,5911,5910,5912,-1,5911,5912,5913,-1,5913,5912,5914,-1,5913,5914,5915,-1,5915,5914,5916,-1,5915,5916,5917,-1,5917,5916,5918,-1,5917,5918,5919,-1,5919,5918,5920,-1,5919,5920,5921,-1,5921,5920,5922,-1,5921,5922,5923,-1,5923,5922,5924,-1,5923,5924,5925,-1,5925,5924,5926,-1,5925,5926,5927,-1,5927,5926,5928,-1,5927,5928,5929,-1,5929,5928,5930,-1,5929,5930,5931,-1,5931,5930,5932,-1,5931,5932,5933,-1,729,5594,5595,-1,5595,5594,5934,-1,5595,5934,5935,-1,5935,5934,5936,-1,5935,5936,5937,-1,5937,5936,5938,-1,5937,5938,5939,-1,5939,5938,5940,-1,5939,5940,5941,-1,5941,5940,5942,-1,5941,5942,5943,-1,5943,5942,5944,-1,5943,5944,5945,-1,5945,5944,5946,-1,5945,5946,5947,-1,5947,5946,5948,-1,5947,5948,5949,-1,5949,5948,5950,-1,5949,5950,5951,-1,5951,5950,5952,-1,5951,5952,5953,-1,5953,5952,5954,-1,5953,5954,5955,-1,5955,5954,5956,-1,5955,5956,5957,-1,5957,5956,5958,-1,5957,5958,5959,-1,721,5596,5496,-1,5496,5596,5960,-1,5496,5960,5961,-1,5961,5960,5962,-1,5961,5962,5963,-1,5963,5962,5964,-1,5963,5964,5965,-1,5965,5964,5966,-1,5965,5966,5967,-1,5967,5966,5968,-1,5967,5968,5969,-1,5969,5968,5970,-1,5969,5970,5971,-1,5971,5970,5972,-1,5971,5972,5973,-1,5973,5972,5974,-1,5973,5974,5975,-1,5975,5974,5976,-1,5975,5976,5977,-1,5977,5976,5978,-1,5977,5978,5979,-1,5979,5978,5980,-1,5979,5980,5981,-1,5981,5980,5982,-1,5981,5982,5983,-1,5983,5982,5984,-1,5983,5984,5985,-1,5689,5986,5690,-1,5690,5986,936,-1,5690,936,5691,-1,5691,936,934,-1,5691,934,932,-1,5692,5516,5693,-1,5693,5516,5518,-1,5693,5518,5695,-1,5695,5518,5691,-1,5695,5691,5697,-1,5697,5691,932,-1,5511,5513,5512,-1,5512,5513,5515,-1,5512,5515,5987,-1,5987,5515,5694,-1,5987,5694,5988,-1,5988,5694,5696,-1,5988,5696,5989,-1,5989,5696,5698,-1,5989,5698,5990,-1,5990,5698,924,-1,5990,924,922,-1,932,930,5697,-1,5697,930,928,-1,5697,928,5698,-1,5698,928,926,-1,5698,926,924,-1,5508,5510,5509,-1,5509,5510,5512,-1,5509,5512,5991,-1,5991,5512,5987,-1,5991,5987,5992,-1,5992,5987,5988,-1,5992,5988,5993,-1,5993,5988,5989,-1,5993,5989,5994,-1,5994,5989,5990,-1,5994,5990,5489,-1,5489,5990,922,-1,5489,922,920,-1,5558,5507,5559,-1,5559,5507,5509,-1,5559,5509,5700,-1,5700,5509,5991,-1,5700,5991,5702,-1,5702,5991,5992,-1,5702,5992,5704,-1,5704,5992,5993,-1,5704,5993,5706,-1,5706,5993,5994,-1,5706,5994,5708,-1,5708,5994,5489,-1,5708,5489,5710,-1,5710,5489,918,-1,918,916,5710,-1,5710,916,914,-1,5710,914,5711,-1,5711,914,912,-1,5711,912,910,-1,5574,5566,5573,-1,5573,5566,5568,-1,5573,5568,5713,-1,5713,5568,5699,-1,5713,5699,5715,-1,5715,5699,5701,-1,5715,5701,5717,-1,5717,5701,5703,-1,5717,5703,5719,-1,5719,5703,5705,-1,5719,5705,5721,-1,5721,5705,5707,-1,5721,5707,5723,-1,5723,5707,5709,-1,5723,5709,5725,-1,5725,5709,5711,-1,5725,5711,5727,-1,5727,5711,910,-1,5505,5572,5506,-1,5506,5572,5571,-1,5506,5571,5995,-1,5995,5571,5712,-1,5995,5712,5996,-1,5996,5712,5714,-1,5996,5714,5997,-1,5997,5714,5716,-1,5997,5716,5998,-1,5998,5716,5718,-1,5998,5718,5999,-1,5999,5718,5720,-1,5999,5720,6000,-1,6000,5720,5722,-1,6000,5722,6001,-1,6001,5722,5724,-1,6001,5724,6002,-1,6002,5724,5726,-1,6002,5726,6003,-1,6003,5726,5728,-1,6003,5728,6004,-1,6004,5728,902,-1,6004,902,900,-1,910,908,5727,-1,5727,908,906,-1,5727,906,5728,-1,5728,906,904,-1,5728,904,902,-1,5577,5575,5578,-1,5578,5575,5506,-1,5578,5506,5730,-1,5730,5506,5995,-1,5730,5995,5732,-1,5732,5995,5996,-1,5732,5996,5734,-1,5734,5996,5997,-1,5734,5997,5736,-1,5736,5997,5998,-1,5736,5998,5738,-1,5738,5998,5999,-1,5738,5999,5740,-1,5740,5999,6000,-1,5740,6000,5742,-1,5742,6000,6001,-1,5742,6001,5744,-1,5744,6001,6002,-1,5744,6002,5746,-1,5746,6002,6003,-1,5746,6003,5748,-1,5748,6003,6004,-1,5748,6004,5750,-1,5750,6004,900,-1,900,898,5750,-1,5750,898,896,-1,5750,896,5751,-1,5751,896,894,-1,5751,894,892,-1,892,5776,5751,-1,5751,5776,5774,-1,5751,5774,5749,-1,5749,5774,5772,-1,5749,5772,5747,-1,5747,5772,5770,-1,5747,5770,5745,-1,5745,5770,5768,-1,5745,5768,5743,-1,5743,5768,5766,-1,5743,5766,5741,-1,5741,5766,5764,-1,5741,5764,5739,-1,5739,5764,5762,-1,5739,5762,5737,-1,5737,5762,5760,-1,5737,5760,5735,-1,5735,5760,5758,-1,5735,5758,5733,-1,5733,5758,5756,-1,5733,5756,5731,-1,5731,5756,5754,-1,5731,5754,5729,-1,5729,5754,5752,-1,5729,5752,5581,-1,5581,5752,5582,-1,5581,5582,5579,-1,5579,5582,799,-1,5579,799,801,-1,795,5503,5583,-1,5583,5503,5753,-1,5583,5753,6005,-1,6005,5753,5755,-1,6005,5755,6006,-1,6006,5755,5757,-1,6006,5757,6007,-1,6007,5757,5759,-1,6007,5759,6008,-1,6008,5759,5761,-1,6008,5761,6009,-1,6009,5761,5763,-1,6009,5763,6010,-1,6010,5763,5765,-1,6010,5765,6011,-1,6011,5765,5767,-1,6011,5767,6012,-1,6012,5767,5769,-1,6012,5769,6013,-1,6013,5769,5771,-1,6013,5771,6014,-1,6014,5771,5773,-1,6014,5773,6015,-1,6015,5773,5775,-1,6015,5775,6016,-1,6016,5775,5777,-1,6016,5777,6017,-1,6017,5777,884,-1,6017,884,882,-1,892,890,5776,-1,5776,890,888,-1,5776,888,5777,-1,5777,888,886,-1,5777,886,884,-1,882,5802,6017,-1,6017,5802,5800,-1,6017,5800,6016,-1,6016,5800,5798,-1,6016,5798,6015,-1,6015,5798,5796,-1,6015,5796,6014,-1,6014,5796,5794,-1,6014,5794,6013,-1,6013,5794,5792,-1,6013,5792,6012,-1,6012,5792,5790,-1,6012,5790,6011,-1,6011,5790,5788,-1,6011,5788,6010,-1,6010,5788,5786,-1,6010,5786,6009,-1,6009,5786,5784,-1,6009,5784,6008,-1,6008,5784,5782,-1,6008,5782,6007,-1,6007,5782,5780,-1,6007,5780,6006,-1,6006,5780,5778,-1,6006,5778,6005,-1,6005,5778,5584,-1,6005,5584,5583,-1,5583,5584,791,-1,5583,791,793,-1,882,880,5802,-1,5802,880,878,-1,5802,878,5803,-1,5803,878,876,-1,5803,876,874,-1,874,5828,5803,-1,5803,5828,5826,-1,5803,5826,5801,-1,5801,5826,5824,-1,5801,5824,5799,-1,5799,5824,5822,-1,5799,5822,5797,-1,5797,5822,5820,-1,5797,5820,5795,-1,5795,5820,5818,-1,5795,5818,5793,-1,5793,5818,5816,-1,5793,5816,5791,-1,5791,5816,5814,-1,5791,5814,5789,-1,5789,5814,5812,-1,5789,5812,5787,-1,5787,5812,5810,-1,5787,5810,5785,-1,5785,5810,5808,-1,5785,5808,5783,-1,5783,5808,5806,-1,5783,5806,5781,-1,5781,5806,5804,-1,5781,5804,5779,-1,5779,5804,5586,-1,5779,5586,5585,-1,5585,5586,783,-1,5585,783,785,-1,775,5502,5501,-1,5501,5502,5805,-1,5501,5805,6018,-1,6018,5805,5807,-1,6018,5807,6019,-1,6019,5807,5809,-1,6019,5809,6020,-1,6020,5809,5811,-1,6020,5811,6021,-1,6021,5811,5813,-1,6021,5813,6022,-1,6022,5813,5815,-1,6022,5815,6023,-1,6023,5815,5817,-1,6023,5817,6024,-1,6024,5817,5819,-1,6024,5819,6025,-1,6025,5819,5821,-1,6025,5821,6026,-1,6026,5821,5823,-1,6026,5823,6027,-1,6027,5823,5825,-1,6027,5825,6028,-1,6028,5825,5827,-1,6028,5827,6029,-1,6029,5827,5829,-1,6029,5829,6030,-1,6030,5829,866,-1,6030,866,864,-1,874,872,5828,-1,5828,872,870,-1,5828,870,5829,-1,5829,870,868,-1,5829,868,866,-1,773,5501,5587,-1,5587,5501,6018,-1,5587,6018,6031,-1,6031,6018,6019,-1,6031,6019,6032,-1,6032,6019,6020,-1,6032,6020,6033,-1,6033,6020,6021,-1,6033,6021,6034,-1,6034,6021,6022,-1,6034,6022,6035,-1,6035,6022,6023,-1,6035,6023,6036,-1,6036,6023,6024,-1,6036,6024,6037,-1,6037,6024,6025,-1,6037,6025,6038,-1,6038,6025,6026,-1,6038,6026,6039,-1,6039,6026,6027,-1,6039,6027,6040,-1,6040,6027,6028,-1,6040,6028,6041,-1,6041,6028,6029,-1,6041,6029,6042,-1,6042,6029,6030,-1,6042,6030,5488,-1,5488,6030,864,-1,5488,864,862,-1,860,5854,5488,-1,5488,5854,5852,-1,5488,5852,6042,-1,6042,5852,5850,-1,6042,5850,6041,-1,6041,5850,5848,-1,6041,5848,6040,-1,6040,5848,5846,-1,6040,5846,6039,-1,6039,5846,5844,-1,6039,5844,6038,-1,6038,5844,5842,-1,6038,5842,6037,-1,6037,5842,5840,-1,6037,5840,6036,-1,6036,5840,5838,-1,6036,5838,6035,-1,6035,5838,5836,-1,6035,5836,6034,-1,6034,5836,5834,-1,6034,5834,6033,-1,6033,5834,5832,-1,6033,5832,6032,-1,6032,5832,5830,-1,6032,5830,6031,-1,6031,5830,5588,-1,6031,5588,5587,-1,5587,5588,769,-1,5587,769,771,-1,860,858,5854,-1,5854,858,856,-1,5854,856,5855,-1,5855,856,854,-1,5855,854,852,-1,852,5880,5855,-1,5855,5880,5878,-1,5855,5878,5853,-1,5853,5878,5876,-1,5853,5876,5851,-1,5851,5876,5874,-1,5851,5874,5849,-1,5849,5874,5872,-1,5849,5872,5847,-1,5847,5872,5870,-1,5847,5870,5845,-1,5845,5870,5868,-1,5845,5868,5843,-1,5843,5868,5866,-1,5843,5866,5841,-1,5841,5866,5864,-1,5841,5864,5839,-1,5839,5864,5862,-1,5839,5862,5837,-1,5837,5862,5860,-1,5837,5860,5835,-1,5835,5860,5858,-1,5835,5858,5833,-1,5833,5858,5856,-1,5833,5856,5831,-1,5831,5856,5500,-1,5831,5500,5589,-1,5589,5500,761,-1,5589,761,763,-1,755,5499,5590,-1,5590,5499,5857,-1,5590,5857,6043,-1,6043,5857,5859,-1,6043,5859,6044,-1,6044,5859,5861,-1,6044,5861,6045,-1,6045,5861,5863,-1,6045,5863,6046,-1,6046,5863,5865,-1,6046,5865,6047,-1,6047,5865,5867,-1,6047,5867,6048,-1,6048,5867,5869,-1,6048,5869,6049,-1,6049,5869,5871,-1,6049,5871,6050,-1,6050,5871,5873,-1,6050,5873,6051,-1,6051,5873,5875,-1,6051,5875,6052,-1,6052,5875,5877,-1,6052,5877,6053,-1,6053,5877,5879,-1,6053,5879,6054,-1,6054,5879,5881,-1,6054,5881,6055,-1,6055,5881,844,-1,6055,844,842,-1,852,850,5880,-1,5880,850,848,-1,5880,848,5881,-1,5881,848,846,-1,5881,846,844,-1,842,5906,6055,-1,6055,5906,5904,-1,6055,5904,6054,-1,6054,5904,5902,-1,6054,5902,6053,-1,6053,5902,5900,-1,6053,5900,6052,-1,6052,5900,5898,-1,6052,5898,6051,-1,6051,5898,5896,-1,6051,5896,6050,-1,6050,5896,5894,-1,6050,5894,6049,-1,6049,5894,5892,-1,6049,5892,6048,-1,6048,5892,5890,-1,6048,5890,6047,-1,6047,5890,5888,-1,6047,5888,6046,-1,6046,5888,5886,-1,6046,5886,6045,-1,6045,5886,5884,-1,6045,5884,6044,-1,6044,5884,5882,-1,6044,5882,6043,-1,6043,5882,5591,-1,6043,5591,5590,-1,5590,5591,751,-1,5590,751,753,-1,842,840,5906,-1,5906,840,838,-1,5906,838,5907,-1,5907,838,836,-1,5907,836,834,-1,834,5932,5907,-1,5907,5932,5930,-1,5907,5930,5905,-1,5905,5930,5928,-1,5905,5928,5903,-1,5903,5928,5926,-1,5903,5926,5901,-1,5901,5926,5924,-1,5901,5924,5899,-1,5899,5924,5922,-1,5899,5922,5897,-1,5897,5922,5920,-1,5897,5920,5895,-1,5895,5920,5918,-1,5895,5918,5893,-1,5893,5918,5916,-1,5893,5916,5891,-1,5891,5916,5914,-1,5891,5914,5889,-1,5889,5914,5912,-1,5889,5912,5887,-1,5887,5912,5910,-1,5887,5910,5885,-1,5885,5910,5908,-1,5885,5908,5883,-1,5883,5908,5498,-1,5883,5498,5592,-1,5592,5498,743,-1,5592,743,745,-1,737,5497,5593,-1,5593,5497,5909,-1,5593,5909,6056,-1,6056,5909,5911,-1,6056,5911,6057,-1,6057,5911,5913,-1,6057,5913,6058,-1,6058,5913,5915,-1,6058,5915,6059,-1,6059,5915,5917,-1,6059,5917,6060,-1,6060,5917,5919,-1,6060,5919,6061,-1,6061,5919,5921,-1,6061,5921,6062,-1,6062,5921,5923,-1,6062,5923,6063,-1,6063,5923,5925,-1,6063,5925,6064,-1,6064,5925,5927,-1,6064,5927,6065,-1,6065,5927,5929,-1,6065,5929,6066,-1,6066,5929,5931,-1,6066,5931,6067,-1,6067,5931,5933,-1,6067,5933,6068,-1,6068,5933,826,-1,6068,826,824,-1,834,832,5932,-1,5932,832,830,-1,5932,830,5933,-1,5933,830,828,-1,5933,828,826,-1,824,5958,6068,-1,6068,5958,5956,-1,6068,5956,6067,-1,6067,5956,5954,-1,6067,5954,6066,-1,6066,5954,5952,-1,6066,5952,6065,-1,6065,5952,5950,-1,6065,5950,6064,-1,6064,5950,5948,-1,6064,5948,6063,-1,6063,5948,5946,-1,6063,5946,6062,-1,6062,5946,5944,-1,6062,5944,6061,-1,6061,5944,5942,-1,6061,5942,6060,-1,6060,5942,5940,-1,6060,5940,6059,-1,6059,5940,5938,-1,6059,5938,6058,-1,6058,5938,5936,-1,6058,5936,6057,-1,6057,5936,5934,-1,6057,5934,6056,-1,6056,5934,5594,-1,6056,5594,5593,-1,5593,5594,733,-1,5593,733,735,-1,824,822,5958,-1,5958,822,820,-1,5958,820,5959,-1,5959,820,818,-1,5959,818,816,-1,816,5984,5959,-1,5959,5984,5982,-1,5959,5982,5957,-1,5957,5982,5980,-1,5957,5980,5955,-1,5955,5980,5978,-1,5955,5978,5953,-1,5953,5978,5976,-1,5953,5976,5951,-1,5951,5976,5974,-1,5951,5974,5949,-1,5949,5974,5972,-1,5949,5972,5947,-1,5947,5972,5970,-1,5947,5970,5945,-1,5945,5970,5968,-1,5945,5968,5943,-1,5943,5968,5966,-1,5943,5966,5941,-1,5941,5966,5964,-1,5941,5964,5939,-1,5939,5964,5962,-1,5939,5962,5937,-1,5937,5962,5960,-1,5937,5960,5935,-1,5935,5960,5596,-1,5935,5596,5595,-1,5595,5596,725,-1,5595,725,727,-1,717,5496,5495,-1,5495,5496,5961,-1,5495,5961,6069,-1,6069,5961,5963,-1,6069,5963,6070,-1,6070,5963,5965,-1,6070,5965,6071,-1,6071,5965,5967,-1,6071,5967,6072,-1,6072,5967,5969,-1,6072,5969,6073,-1,6073,5969,5971,-1,6073,5971,6074,-1,6074,5971,5973,-1,6074,5973,6075,-1,6075,5973,5975,-1,6075,5975,6076,-1,6076,5975,5977,-1,6076,5977,6077,-1,6077,5977,5979,-1,6077,5979,6078,-1,6078,5979,5981,-1,6078,5981,6079,-1,6079,5981,5983,-1,6079,5983,6080,-1,6080,5983,5985,-1,6080,5985,6081,-1,6081,5985,808,-1,6081,808,806,-1,816,814,5984,-1,5984,814,812,-1,5984,812,5985,-1,5985,812,810,-1,5985,810,808,-1,715,5495,5597,-1,5597,5495,6069,-1,5597,6069,5688,-1,5688,6069,6070,-1,5688,6070,5687,-1,5687,6070,6071,-1,5687,6071,5686,-1,5686,6071,6072,-1,5686,6072,5685,-1,5685,6072,6073,-1,5685,6073,5684,-1,5684,6073,6074,-1,5684,6074,5683,-1,5683,6074,6075,-1,5683,6075,5682,-1,5682,6075,6076,-1,5682,6076,5681,-1,5681,6076,6077,-1,5681,6077,5680,-1,5680,6077,6078,-1,5680,6078,5679,-1,5679,6078,6079,-1,5679,6079,5678,-1,5678,6079,6080,-1,5678,6080,5677,-1,5677,6080,6081,-1,5677,6081,5676,-1,5676,6081,806,-1,5676,806,804,-1,726,724,6082,-1,784,782,6083,-1,6084,6085,6086,-1,547,549,6087,-1,565,567,6088,-1,579,581,6089,-1,583,585,6090,-1,601,603,6091,-1,605,607,6092,-1,619,621,6093,-1,623,625,6094,-1,637,639,6095,-1,641,643,6096,-1,659,661,6097,-1,6098,6099,6100,-1,6101,6102,6103,-1,6104,6105,6106,-1,6107,6108,6109,-1,6110,6111,6112,-1,6113,6114,6115,-1,6116,6117,6118,-1,6119,6120,6121,-1,6122,6123,6124,-1,6125,6085,6126,-1,6126,6085,6084,-1,6126,6084,6127,-1,6128,6129,6130,-1,6130,6129,6131,-1,6132,6133,6134,-1,6134,6133,6135,-1,6134,6135,6136,-1,6137,6138,6134,-1,6138,6139,6134,-1,6134,6139,6140,-1,6134,6140,6132,-1,6141,6142,6143,-1,6143,6142,6144,-1,6143,6144,6145,-1,6146,6147,6148,-1,6148,6147,6149,-1,6148,6149,6150,-1,6113,6115,6151,-1,668,667,6151,-1,6152,6153,6154,-1,6154,6153,6155,-1,6156,6157,6153,-1,6157,6158,6153,-1,6153,6158,6159,-1,6153,6159,6155,-1,6160,6161,6162,-1,6162,6161,6163,-1,6162,6163,6164,-1,6165,6166,6167,-1,6167,6166,6168,-1,6098,6100,6169,-1,6170,6171,6172,-1,6173,6174,6175,-1,661,663,6176,-1,6177,657,659,-1,651,653,6178,-1,6178,653,655,-1,6179,649,651,-1,6180,645,647,-1,645,6180,643,-1,641,6096,639,-1,6181,635,637,-1,629,631,6182,-1,6182,631,633,-1,6183,627,629,-1,623,6094,621,-1,6184,617,619,-1,611,613,6185,-1,6185,613,615,-1,6186,609,611,-1,605,6092,603,-1,6187,599,601,-1,593,595,6188,-1,6188,595,597,-1,6189,591,593,-1,6190,587,589,-1,587,6190,585,-1,583,6090,581,-1,6191,577,579,-1,6192,573,575,-1,6193,569,571,-1,6194,559,561,-1,6195,555,557,-1,6196,551,553,-1,6197,541,543,-1,6198,537,539,-1,6125,6199,6085,-1,6085,6199,530,-1,6085,530,6086,-1,6086,530,533,-1,6086,533,535,-1,6123,6127,6124,-1,6124,6127,6084,-1,6124,6084,6200,-1,6200,6084,6086,-1,6200,6086,6198,-1,6198,6086,535,-1,6198,535,537,-1,6201,6122,6202,-1,6202,6122,6124,-1,6202,6124,6203,-1,6203,6124,6200,-1,6203,6200,6204,-1,6204,6200,6198,-1,6204,6198,6197,-1,6197,6198,539,-1,6197,539,541,-1,6120,6201,6121,-1,6121,6201,6202,-1,6121,6202,6205,-1,6205,6202,6203,-1,6205,6203,6206,-1,6206,6203,6204,-1,6206,6204,6207,-1,6207,6204,6197,-1,6207,6197,6208,-1,6208,6197,543,-1,6208,543,545,-1,6117,6119,6118,-1,6118,6119,6121,-1,6118,6121,6209,-1,6209,6121,6205,-1,6209,6205,6210,-1,6210,6205,6206,-1,6210,6206,6211,-1,6211,6206,6207,-1,6211,6207,6212,-1,6212,6207,6208,-1,6212,6208,6087,-1,6087,6208,545,-1,6087,545,547,-1,6131,6116,6130,-1,6130,6116,6118,-1,6130,6118,6213,-1,6213,6118,6209,-1,6213,6209,6214,-1,6214,6209,6210,-1,6214,6210,6215,-1,6215,6210,6211,-1,6215,6211,6216,-1,6216,6211,6212,-1,6216,6212,6217,-1,6217,6212,6087,-1,6217,6087,6196,-1,6196,6087,549,-1,6196,549,551,-1,6136,6128,6134,-1,6134,6128,6130,-1,6134,6130,6218,-1,6218,6130,6213,-1,6218,6213,6219,-1,6219,6213,6214,-1,6219,6214,6220,-1,6220,6214,6215,-1,6220,6215,6221,-1,6221,6215,6216,-1,6221,6216,6222,-1,6222,6216,6217,-1,6222,6217,6223,-1,6223,6217,6196,-1,6223,6196,6195,-1,6195,6196,553,-1,6195,553,555,-1,6145,6137,6143,-1,6143,6137,6134,-1,6143,6134,6224,-1,6224,6134,6218,-1,6224,6218,6225,-1,6225,6218,6219,-1,6225,6219,6226,-1,6226,6219,6220,-1,6226,6220,6227,-1,6227,6220,6221,-1,6227,6221,6228,-1,6228,6221,6222,-1,6228,6222,6229,-1,6229,6222,6223,-1,6229,6223,6230,-1,6230,6223,6195,-1,6230,6195,6194,-1,6194,6195,557,-1,6194,557,559,-1,6141,6143,6231,-1,6231,6143,6224,-1,6231,6224,6232,-1,6232,6224,6225,-1,6232,6225,6233,-1,6233,6225,6226,-1,6233,6226,6234,-1,6234,6226,6227,-1,6234,6227,6235,-1,6235,6227,6228,-1,6235,6228,6236,-1,6236,6228,6229,-1,6236,6229,6237,-1,6237,6229,6230,-1,6237,6230,6238,-1,6238,6230,6194,-1,6238,6194,6239,-1,6239,6194,561,-1,6239,561,563,-1,6150,6142,6148,-1,6148,6142,6141,-1,6148,6141,6240,-1,6240,6141,6231,-1,6240,6231,6241,-1,6241,6231,6232,-1,6241,6232,6242,-1,6242,6232,6233,-1,6242,6233,6243,-1,6243,6233,6234,-1,6243,6234,6244,-1,6244,6234,6235,-1,6244,6235,6245,-1,6245,6235,6236,-1,6245,6236,6246,-1,6246,6236,6237,-1,6246,6237,6247,-1,6247,6237,6238,-1,6247,6238,6248,-1,6248,6238,6239,-1,6248,6239,6088,-1,6088,6239,563,-1,6088,563,565,-1,6146,6148,6249,-1,6249,6148,6240,-1,6249,6240,6250,-1,6250,6240,6241,-1,6250,6241,6251,-1,6251,6241,6242,-1,6251,6242,6252,-1,6252,6242,6243,-1,6252,6243,6253,-1,6253,6243,6244,-1,6253,6244,6254,-1,6254,6244,6245,-1,6254,6245,6255,-1,6255,6245,6246,-1,6255,6246,6256,-1,6256,6246,6247,-1,6256,6247,6257,-1,6257,6247,6248,-1,6257,6248,6258,-1,6258,6248,6088,-1,6258,6088,6193,-1,6193,6088,567,-1,6193,567,569,-1,6114,6147,6115,-1,6115,6147,6146,-1,6115,6146,6259,-1,6259,6146,6249,-1,6259,6249,6260,-1,6260,6249,6250,-1,6260,6250,6261,-1,6261,6250,6251,-1,6261,6251,6262,-1,6262,6251,6252,-1,6262,6252,6263,-1,6263,6252,6253,-1,6263,6253,6264,-1,6264,6253,6254,-1,6264,6254,6265,-1,6265,6254,6255,-1,6265,6255,6266,-1,6266,6255,6256,-1,6266,6256,6267,-1,6267,6256,6257,-1,6267,6257,6268,-1,6268,6257,6258,-1,6268,6258,6269,-1,6269,6258,6193,-1,6269,6193,6192,-1,6192,6193,571,-1,6192,571,573,-1,668,6151,6270,-1,6270,6151,6115,-1,6270,6115,6271,-1,6271,6115,6259,-1,6271,6259,6272,-1,6272,6259,6260,-1,6272,6260,6273,-1,6273,6260,6261,-1,6273,6261,6274,-1,6274,6261,6262,-1,6274,6262,6275,-1,6275,6262,6263,-1,6275,6263,6276,-1,6276,6263,6264,-1,6276,6264,6277,-1,6277,6264,6265,-1,6277,6265,6278,-1,6278,6265,6266,-1,6278,6266,6279,-1,6279,6266,6267,-1,6279,6267,6280,-1,6280,6267,6268,-1,6280,6268,6281,-1,6281,6268,6269,-1,6281,6269,6282,-1,6282,6269,6192,-1,6282,6192,6191,-1,6191,6192,575,-1,6191,575,577,-1,6111,6283,6112,-1,6112,6283,6284,-1,6112,6284,6285,-1,6108,6286,6109,-1,6109,6286,6287,-1,6109,6287,6288,-1,6288,6287,6289,-1,6288,6289,6290,-1,6290,6289,6291,-1,6290,6291,6292,-1,6164,6156,6162,-1,6162,6156,6153,-1,6162,6153,6293,-1,6293,6153,6294,-1,6293,6294,6295,-1,6295,6294,6296,-1,6295,6296,6297,-1,6297,6296,6298,-1,6297,6298,6299,-1,6299,6298,6300,-1,6299,6300,6301,-1,6301,6300,6302,-1,6301,6302,6303,-1,6303,6302,6304,-1,6303,6304,6305,-1,6165,6167,6306,-1,6306,6167,6307,-1,6306,6307,6308,-1,6308,6307,6309,-1,6308,6309,6310,-1,6310,6309,6311,-1,6310,6311,6312,-1,6312,6311,6313,-1,6312,6313,6314,-1,6314,6313,6315,-1,6314,6315,6316,-1,6316,6315,6317,-1,6316,6317,6318,-1,6318,6317,6319,-1,6318,6319,6320,-1,6320,6319,6321,-1,6320,6321,6322,-1,6174,6170,6175,-1,6175,6170,6172,-1,6175,6172,6323,-1,6323,6172,6324,-1,6323,6324,6325,-1,6325,6324,6326,-1,6325,6326,6327,-1,6327,6326,6328,-1,6327,6328,6329,-1,6329,6328,6330,-1,6329,6330,6331,-1,6331,6330,6332,-1,6331,6332,6333,-1,6333,6332,6334,-1,6333,6334,6335,-1,6335,6334,6336,-1,6335,6336,6337,-1,6337,6336,6338,-1,6337,6338,6339,-1,6339,6338,6340,-1,6339,6340,6341,-1,6341,6340,6342,-1,6341,6342,6343,-1,6343,6342,6344,-1,6343,6344,6345,-1,661,6176,6097,-1,6097,6176,6346,-1,6097,6346,6347,-1,6347,6346,6348,-1,6347,6348,6349,-1,6349,6348,6350,-1,6349,6350,6351,-1,6351,6350,6352,-1,6351,6352,6353,-1,6353,6352,6354,-1,6353,6354,6355,-1,6355,6354,6356,-1,6355,6356,6357,-1,6357,6356,6358,-1,6357,6358,6359,-1,6359,6358,6360,-1,6359,6360,6361,-1,6361,6360,6362,-1,6361,6362,6363,-1,6363,6362,6364,-1,6363,6364,6365,-1,6365,6364,6366,-1,6365,6366,6367,-1,6367,6366,6368,-1,6367,6368,6369,-1,6369,6368,6370,-1,6369,6370,6371,-1,651,6178,6179,-1,6179,6178,6372,-1,6179,6372,6373,-1,6373,6372,6374,-1,6373,6374,6375,-1,6375,6374,6376,-1,6375,6376,6377,-1,6377,6376,6378,-1,6377,6378,6379,-1,6379,6378,6380,-1,6379,6380,6381,-1,6381,6380,6382,-1,6381,6382,6383,-1,6383,6382,6384,-1,6383,6384,6385,-1,6385,6384,6386,-1,6385,6386,6387,-1,6387,6386,6388,-1,6387,6388,6389,-1,6389,6388,6390,-1,6389,6390,6391,-1,6391,6390,6392,-1,6391,6392,6393,-1,6393,6392,6394,-1,6393,6394,6395,-1,6395,6394,6396,-1,6395,6396,6397,-1,643,6180,6096,-1,6096,6180,6398,-1,6096,6398,6399,-1,6399,6398,6400,-1,6399,6400,6401,-1,6401,6400,6402,-1,6401,6402,6403,-1,6403,6402,6404,-1,6403,6404,6405,-1,6405,6404,6406,-1,6405,6406,6407,-1,6407,6406,6408,-1,6407,6408,6409,-1,6409,6408,6410,-1,6409,6410,6411,-1,6411,6410,6412,-1,6411,6412,6413,-1,6413,6412,6414,-1,6413,6414,6415,-1,6415,6414,6416,-1,6415,6416,6417,-1,6417,6416,6418,-1,6417,6418,6419,-1,6419,6418,6420,-1,6419,6420,6421,-1,6421,6420,6422,-1,6421,6422,6423,-1,629,6182,6183,-1,6183,6182,6424,-1,6183,6424,6425,-1,6425,6424,6426,-1,6425,6426,6427,-1,6427,6426,6428,-1,6427,6428,6429,-1,6429,6428,6430,-1,6429,6430,6431,-1,6431,6430,6432,-1,6431,6432,6433,-1,6433,6432,6434,-1,6433,6434,6435,-1,6435,6434,6436,-1,6435,6436,6437,-1,6437,6436,6438,-1,6437,6438,6439,-1,6439,6438,6440,-1,6439,6440,6441,-1,6441,6440,6442,-1,6441,6442,6443,-1,6443,6442,6444,-1,6443,6444,6445,-1,6445,6444,6446,-1,6445,6446,6447,-1,6447,6446,6448,-1,6447,6448,6449,-1,621,6094,6093,-1,6093,6094,6450,-1,6093,6450,6451,-1,6451,6450,6452,-1,6451,6452,6453,-1,6453,6452,6454,-1,6453,6454,6455,-1,6455,6454,6456,-1,6455,6456,6457,-1,6457,6456,6458,-1,6457,6458,6459,-1,6459,6458,6460,-1,6459,6460,6461,-1,6461,6460,6462,-1,6461,6462,6463,-1,6463,6462,6464,-1,6463,6464,6465,-1,6465,6464,6466,-1,6465,6466,6467,-1,6467,6466,6468,-1,6467,6468,6469,-1,6469,6468,6470,-1,6469,6470,6471,-1,6471,6470,6472,-1,6471,6472,6473,-1,6473,6472,6474,-1,6473,6474,6475,-1,611,6185,6186,-1,6186,6185,6476,-1,6186,6476,6477,-1,6477,6476,6478,-1,6477,6478,6479,-1,6479,6478,6480,-1,6479,6480,6481,-1,6481,6480,6482,-1,6481,6482,6483,-1,6483,6482,6484,-1,6483,6484,6485,-1,6485,6484,6486,-1,6485,6486,6487,-1,6487,6486,6488,-1,6487,6488,6489,-1,6489,6488,6490,-1,6489,6490,6491,-1,6491,6490,6492,-1,6491,6492,6493,-1,6493,6492,6494,-1,6493,6494,6495,-1,6495,6494,6496,-1,6495,6496,6497,-1,6497,6496,6498,-1,6497,6498,6499,-1,6499,6498,6500,-1,6499,6500,6501,-1,603,6092,6091,-1,6091,6092,6502,-1,6091,6502,6503,-1,6503,6502,6504,-1,6503,6504,6505,-1,6505,6504,6506,-1,6505,6506,6507,-1,6507,6506,6508,-1,6507,6508,6509,-1,6509,6508,6510,-1,6509,6510,6511,-1,6511,6510,6512,-1,6511,6512,6513,-1,6513,6512,6514,-1,6513,6514,6515,-1,6515,6514,6516,-1,6515,6516,6517,-1,6517,6516,6518,-1,6517,6518,6519,-1,6519,6518,6520,-1,6519,6520,6521,-1,6521,6520,6522,-1,6521,6522,6523,-1,6523,6522,6524,-1,6523,6524,6525,-1,6525,6524,6526,-1,6525,6526,6527,-1,593,6188,6189,-1,6189,6188,6528,-1,6189,6528,6529,-1,6529,6528,6530,-1,6529,6530,6531,-1,6531,6530,6532,-1,6531,6532,6533,-1,6533,6532,6534,-1,6533,6534,6535,-1,6535,6534,6536,-1,6535,6536,6537,-1,6537,6536,6538,-1,6537,6538,6539,-1,6539,6538,6540,-1,6539,6540,6541,-1,6541,6540,6542,-1,6541,6542,6543,-1,6543,6542,6544,-1,6543,6544,6545,-1,6545,6544,6546,-1,6545,6546,6547,-1,6547,6546,6548,-1,6547,6548,6549,-1,6549,6548,6550,-1,6549,6550,6551,-1,6551,6550,6552,-1,6551,6552,6553,-1,585,6190,6090,-1,6090,6190,6554,-1,6090,6554,6555,-1,6555,6554,6556,-1,6555,6556,6557,-1,6557,6556,6558,-1,6557,6558,6559,-1,6559,6558,6560,-1,6559,6560,6561,-1,6561,6560,6562,-1,6561,6562,6563,-1,6563,6562,6564,-1,6563,6564,6565,-1,6565,6564,6566,-1,6565,6566,6567,-1,6567,6566,6568,-1,6567,6568,6569,-1,6569,6568,6570,-1,6569,6570,6571,-1,6571,6570,6572,-1,6571,6572,6573,-1,6573,6572,6574,-1,6573,6574,6575,-1,6575,6574,6576,-1,6575,6576,6577,-1,6577,6576,6578,-1,6577,6578,6579,-1,6283,6580,6284,-1,6284,6580,800,-1,6284,800,6285,-1,6285,800,798,-1,6285,798,796,-1,6286,6110,6287,-1,6287,6110,6112,-1,6287,6112,6289,-1,6289,6112,6285,-1,6289,6285,6291,-1,6291,6285,796,-1,6105,6107,6106,-1,6106,6107,6109,-1,6106,6109,6581,-1,6581,6109,6288,-1,6581,6288,6582,-1,6582,6288,6290,-1,6582,6290,6583,-1,6583,6290,6292,-1,6583,6292,6584,-1,6584,6292,788,-1,6584,788,786,-1,796,794,6291,-1,6291,794,792,-1,6291,792,6292,-1,6292,792,790,-1,6292,790,788,-1,6102,6104,6103,-1,6103,6104,6106,-1,6103,6106,6585,-1,6585,6106,6581,-1,6585,6581,6586,-1,6586,6581,6582,-1,6586,6582,6587,-1,6587,6582,6583,-1,6587,6583,6588,-1,6588,6583,6584,-1,6588,6584,6083,-1,6083,6584,786,-1,6083,786,784,-1,6152,6101,6153,-1,6153,6101,6103,-1,6153,6103,6294,-1,6294,6103,6585,-1,6294,6585,6296,-1,6296,6585,6586,-1,6296,6586,6298,-1,6298,6586,6587,-1,6298,6587,6300,-1,6300,6587,6588,-1,6300,6588,6302,-1,6302,6588,6083,-1,6302,6083,6304,-1,6304,6083,782,-1,782,780,6304,-1,6304,780,778,-1,6304,778,6305,-1,6305,778,776,-1,6305,776,774,-1,6168,6160,6167,-1,6167,6160,6162,-1,6167,6162,6307,-1,6307,6162,6293,-1,6307,6293,6309,-1,6309,6293,6295,-1,6309,6295,6311,-1,6311,6295,6297,-1,6311,6297,6313,-1,6313,6297,6299,-1,6313,6299,6315,-1,6315,6299,6301,-1,6315,6301,6317,-1,6317,6301,6303,-1,6317,6303,6319,-1,6319,6303,6305,-1,6319,6305,6321,-1,6321,6305,774,-1,6099,6166,6100,-1,6100,6166,6165,-1,6100,6165,6589,-1,6589,6165,6306,-1,6589,6306,6590,-1,6590,6306,6308,-1,6590,6308,6591,-1,6591,6308,6310,-1,6591,6310,6592,-1,6592,6310,6312,-1,6592,6312,6593,-1,6593,6312,6314,-1,6593,6314,6594,-1,6594,6314,6316,-1,6594,6316,6595,-1,6595,6316,6318,-1,6595,6318,6596,-1,6596,6318,6320,-1,6596,6320,6597,-1,6597,6320,6322,-1,6597,6322,6598,-1,6598,6322,766,-1,6598,766,764,-1,774,772,6321,-1,6321,772,770,-1,6321,770,6322,-1,6322,770,768,-1,6322,768,766,-1,6171,6169,6172,-1,6172,6169,6100,-1,6172,6100,6324,-1,6324,6100,6589,-1,6324,6589,6326,-1,6326,6589,6590,-1,6326,6590,6328,-1,6328,6590,6591,-1,6328,6591,6330,-1,6330,6591,6592,-1,6330,6592,6332,-1,6332,6592,6593,-1,6332,6593,6334,-1,6334,6593,6594,-1,6334,6594,6336,-1,6336,6594,6595,-1,6336,6595,6338,-1,6338,6595,6596,-1,6338,6596,6340,-1,6340,6596,6597,-1,6340,6597,6342,-1,6342,6597,6598,-1,6342,6598,6344,-1,6344,6598,764,-1,764,762,6344,-1,6344,762,760,-1,6344,760,6345,-1,6345,760,758,-1,6345,758,756,-1,756,6370,6345,-1,6345,6370,6368,-1,6345,6368,6343,-1,6343,6368,6366,-1,6343,6366,6341,-1,6341,6366,6364,-1,6341,6364,6339,-1,6339,6364,6362,-1,6339,6362,6337,-1,6337,6362,6360,-1,6337,6360,6335,-1,6335,6360,6358,-1,6335,6358,6333,-1,6333,6358,6356,-1,6333,6356,6331,-1,6331,6356,6354,-1,6331,6354,6329,-1,6329,6354,6352,-1,6329,6352,6327,-1,6327,6352,6350,-1,6327,6350,6325,-1,6325,6350,6348,-1,6325,6348,6323,-1,6323,6348,6346,-1,6323,6346,6175,-1,6175,6346,6176,-1,6175,6176,6173,-1,6173,6176,663,-1,6173,663,665,-1,659,6097,6177,-1,6177,6097,6347,-1,6177,6347,6599,-1,6599,6347,6349,-1,6599,6349,6600,-1,6600,6349,6351,-1,6600,6351,6601,-1,6601,6351,6353,-1,6601,6353,6602,-1,6602,6353,6355,-1,6602,6355,6603,-1,6603,6355,6357,-1,6603,6357,6604,-1,6604,6357,6359,-1,6604,6359,6605,-1,6605,6359,6361,-1,6605,6361,6606,-1,6606,6361,6363,-1,6606,6363,6607,-1,6607,6363,6365,-1,6607,6365,6608,-1,6608,6365,6367,-1,6608,6367,6609,-1,6609,6367,6369,-1,6609,6369,6610,-1,6610,6369,6371,-1,6610,6371,6611,-1,6611,6371,748,-1,6611,748,746,-1,756,754,6370,-1,6370,754,752,-1,6370,752,6371,-1,6371,752,750,-1,6371,750,748,-1,746,6396,6611,-1,6611,6396,6394,-1,6611,6394,6610,-1,6610,6394,6392,-1,6610,6392,6609,-1,6609,6392,6390,-1,6609,6390,6608,-1,6608,6390,6388,-1,6608,6388,6607,-1,6607,6388,6386,-1,6607,6386,6606,-1,6606,6386,6384,-1,6606,6384,6605,-1,6605,6384,6382,-1,6605,6382,6604,-1,6604,6382,6380,-1,6604,6380,6603,-1,6603,6380,6378,-1,6603,6378,6602,-1,6602,6378,6376,-1,6602,6376,6601,-1,6601,6376,6374,-1,6601,6374,6600,-1,6600,6374,6372,-1,6600,6372,6599,-1,6599,6372,6178,-1,6599,6178,6177,-1,6177,6178,655,-1,6177,655,657,-1,746,744,6396,-1,6396,744,742,-1,6396,742,6397,-1,6397,742,740,-1,6397,740,738,-1,738,6422,6397,-1,6397,6422,6420,-1,6397,6420,6395,-1,6395,6420,6418,-1,6395,6418,6393,-1,6393,6418,6416,-1,6393,6416,6391,-1,6391,6416,6414,-1,6391,6414,6389,-1,6389,6414,6412,-1,6389,6412,6387,-1,6387,6412,6410,-1,6387,6410,6385,-1,6385,6410,6408,-1,6385,6408,6383,-1,6383,6408,6406,-1,6383,6406,6381,-1,6381,6406,6404,-1,6381,6404,6379,-1,6379,6404,6402,-1,6379,6402,6377,-1,6377,6402,6400,-1,6377,6400,6375,-1,6375,6400,6398,-1,6375,6398,6373,-1,6373,6398,6180,-1,6373,6180,6179,-1,6179,6180,647,-1,6179,647,649,-1,639,6096,6095,-1,6095,6096,6399,-1,6095,6399,6612,-1,6612,6399,6401,-1,6612,6401,6613,-1,6613,6401,6403,-1,6613,6403,6614,-1,6614,6403,6405,-1,6614,6405,6615,-1,6615,6405,6407,-1,6615,6407,6616,-1,6616,6407,6409,-1,6616,6409,6617,-1,6617,6409,6411,-1,6617,6411,6618,-1,6618,6411,6413,-1,6618,6413,6619,-1,6619,6413,6415,-1,6619,6415,6620,-1,6620,6415,6417,-1,6620,6417,6621,-1,6621,6417,6419,-1,6621,6419,6622,-1,6622,6419,6421,-1,6622,6421,6623,-1,6623,6421,6423,-1,6623,6423,6624,-1,6624,6423,730,-1,6624,730,728,-1,738,736,6422,-1,6422,736,734,-1,6422,734,6423,-1,6423,734,732,-1,6423,732,730,-1,637,6095,6181,-1,6181,6095,6612,-1,6181,6612,6625,-1,6625,6612,6613,-1,6625,6613,6626,-1,6626,6613,6614,-1,6626,6614,6627,-1,6627,6614,6615,-1,6627,6615,6628,-1,6628,6615,6616,-1,6628,6616,6629,-1,6629,6616,6617,-1,6629,6617,6630,-1,6630,6617,6618,-1,6630,6618,6631,-1,6631,6618,6619,-1,6631,6619,6632,-1,6632,6619,6620,-1,6632,6620,6633,-1,6633,6620,6621,-1,6633,6621,6634,-1,6634,6621,6622,-1,6634,6622,6635,-1,6635,6622,6623,-1,6635,6623,6636,-1,6636,6623,6624,-1,6636,6624,6082,-1,6082,6624,728,-1,6082,728,726,-1,724,6448,6082,-1,6082,6448,6446,-1,6082,6446,6636,-1,6636,6446,6444,-1,6636,6444,6635,-1,6635,6444,6442,-1,6635,6442,6634,-1,6634,6442,6440,-1,6634,6440,6633,-1,6633,6440,6438,-1,6633,6438,6632,-1,6632,6438,6436,-1,6632,6436,6631,-1,6631,6436,6434,-1,6631,6434,6630,-1,6630,6434,6432,-1,6630,6432,6629,-1,6629,6432,6430,-1,6629,6430,6628,-1,6628,6430,6428,-1,6628,6428,6627,-1,6627,6428,6426,-1,6627,6426,6626,-1,6626,6426,6424,-1,6626,6424,6625,-1,6625,6424,6182,-1,6625,6182,6181,-1,6181,6182,633,-1,6181,633,635,-1,724,722,6448,-1,6448,722,720,-1,6448,720,6449,-1,6449,720,718,-1,6449,718,716,-1,716,6474,6449,-1,6449,6474,6472,-1,6449,6472,6447,-1,6447,6472,6470,-1,6447,6470,6445,-1,6445,6470,6468,-1,6445,6468,6443,-1,6443,6468,6466,-1,6443,6466,6441,-1,6441,6466,6464,-1,6441,6464,6439,-1,6439,6464,6462,-1,6439,6462,6437,-1,6437,6462,6460,-1,6437,6460,6435,-1,6435,6460,6458,-1,6435,6458,6433,-1,6433,6458,6456,-1,6433,6456,6431,-1,6431,6456,6454,-1,6431,6454,6429,-1,6429,6454,6452,-1,6429,6452,6427,-1,6427,6452,6450,-1,6427,6450,6425,-1,6425,6450,6094,-1,6425,6094,6183,-1,6183,6094,625,-1,6183,625,627,-1,619,6093,6184,-1,6184,6093,6451,-1,6184,6451,6637,-1,6637,6451,6453,-1,6637,6453,6638,-1,6638,6453,6455,-1,6638,6455,6639,-1,6639,6455,6457,-1,6639,6457,6640,-1,6640,6457,6459,-1,6640,6459,6641,-1,6641,6459,6461,-1,6641,6461,6642,-1,6642,6461,6463,-1,6642,6463,6643,-1,6643,6463,6465,-1,6643,6465,6644,-1,6644,6465,6467,-1,6644,6467,6645,-1,6645,6467,6469,-1,6645,6469,6646,-1,6646,6469,6471,-1,6646,6471,6647,-1,6647,6471,6473,-1,6647,6473,6648,-1,6648,6473,6475,-1,6648,6475,6649,-1,6649,6475,708,-1,6649,708,706,-1,716,714,6474,-1,6474,714,712,-1,6474,712,6475,-1,6475,712,710,-1,6475,710,708,-1,706,6500,6649,-1,6649,6500,6498,-1,6649,6498,6648,-1,6648,6498,6496,-1,6648,6496,6647,-1,6647,6496,6494,-1,6647,6494,6646,-1,6646,6494,6492,-1,6646,6492,6645,-1,6645,6492,6490,-1,6645,6490,6644,-1,6644,6490,6488,-1,6644,6488,6643,-1,6643,6488,6486,-1,6643,6486,6642,-1,6642,6486,6484,-1,6642,6484,6641,-1,6641,6484,6482,-1,6641,6482,6640,-1,6640,6482,6480,-1,6640,6480,6639,-1,6639,6480,6478,-1,6639,6478,6638,-1,6638,6478,6476,-1,6638,6476,6637,-1,6637,6476,6185,-1,6637,6185,6184,-1,6184,6185,615,-1,6184,615,617,-1,706,704,6500,-1,6500,704,702,-1,6500,702,6501,-1,6501,702,700,-1,6501,700,698,-1,698,6526,6501,-1,6501,6526,6524,-1,6501,6524,6499,-1,6499,6524,6522,-1,6499,6522,6497,-1,6497,6522,6520,-1,6497,6520,6495,-1,6495,6520,6518,-1,6495,6518,6493,-1,6493,6518,6516,-1,6493,6516,6491,-1,6491,6516,6514,-1,6491,6514,6489,-1,6489,6514,6512,-1,6489,6512,6487,-1,6487,6512,6510,-1,6487,6510,6485,-1,6485,6510,6508,-1,6485,6508,6483,-1,6483,6508,6506,-1,6483,6506,6481,-1,6481,6506,6504,-1,6481,6504,6479,-1,6479,6504,6502,-1,6479,6502,6477,-1,6477,6502,6092,-1,6477,6092,6186,-1,6186,6092,607,-1,6186,607,609,-1,601,6091,6187,-1,6187,6091,6503,-1,6187,6503,6650,-1,6650,6503,6505,-1,6650,6505,6651,-1,6651,6505,6507,-1,6651,6507,6652,-1,6652,6507,6509,-1,6652,6509,6653,-1,6653,6509,6511,-1,6653,6511,6654,-1,6654,6511,6513,-1,6654,6513,6655,-1,6655,6513,6515,-1,6655,6515,6656,-1,6656,6515,6517,-1,6656,6517,6657,-1,6657,6517,6519,-1,6657,6519,6658,-1,6658,6519,6521,-1,6658,6521,6659,-1,6659,6521,6523,-1,6659,6523,6660,-1,6660,6523,6525,-1,6660,6525,6661,-1,6661,6525,6527,-1,6661,6527,6662,-1,6662,6527,690,-1,6662,690,688,-1,698,696,6526,-1,6526,696,694,-1,6526,694,6527,-1,6527,694,692,-1,6527,692,690,-1,688,6552,6662,-1,6662,6552,6550,-1,6662,6550,6661,-1,6661,6550,6548,-1,6661,6548,6660,-1,6660,6548,6546,-1,6660,6546,6659,-1,6659,6546,6544,-1,6659,6544,6658,-1,6658,6544,6542,-1,6658,6542,6657,-1,6657,6542,6540,-1,6657,6540,6656,-1,6656,6540,6538,-1,6656,6538,6655,-1,6655,6538,6536,-1,6655,6536,6654,-1,6654,6536,6534,-1,6654,6534,6653,-1,6653,6534,6532,-1,6653,6532,6652,-1,6652,6532,6530,-1,6652,6530,6651,-1,6651,6530,6528,-1,6651,6528,6650,-1,6650,6528,6188,-1,6650,6188,6187,-1,6187,6188,597,-1,6187,597,599,-1,688,686,6552,-1,6552,686,684,-1,6552,684,6553,-1,6553,684,682,-1,6553,682,680,-1,680,6578,6553,-1,6553,6578,6576,-1,6553,6576,6551,-1,6551,6576,6574,-1,6551,6574,6549,-1,6549,6574,6572,-1,6549,6572,6547,-1,6547,6572,6570,-1,6547,6570,6545,-1,6545,6570,6568,-1,6545,6568,6543,-1,6543,6568,6566,-1,6543,6566,6541,-1,6541,6566,6564,-1,6541,6564,6539,-1,6539,6564,6562,-1,6539,6562,6537,-1,6537,6562,6560,-1,6537,6560,6535,-1,6535,6560,6558,-1,6535,6558,6533,-1,6533,6558,6556,-1,6533,6556,6531,-1,6531,6556,6554,-1,6531,6554,6529,-1,6529,6554,6190,-1,6529,6190,6189,-1,6189,6190,589,-1,6189,589,591,-1,581,6090,6089,-1,6089,6090,6555,-1,6089,6555,6663,-1,6663,6555,6557,-1,6663,6557,6664,-1,6664,6557,6559,-1,6664,6559,6665,-1,6665,6559,6561,-1,6665,6561,6666,-1,6666,6561,6563,-1,6666,6563,6667,-1,6667,6563,6565,-1,6667,6565,6668,-1,6668,6565,6567,-1,6668,6567,6669,-1,6669,6567,6569,-1,6669,6569,6670,-1,6670,6569,6571,-1,6670,6571,6671,-1,6671,6571,6573,-1,6671,6573,6672,-1,6672,6573,6575,-1,6672,6575,6673,-1,6673,6575,6577,-1,6673,6577,6674,-1,6674,6577,6579,-1,6674,6579,6675,-1,6675,6579,672,-1,6675,672,670,-1,680,678,6578,-1,6578,678,676,-1,6578,676,6579,-1,6579,676,674,-1,6579,674,672,-1,579,6089,6191,-1,6191,6089,6663,-1,6191,6663,6282,-1,6282,6663,6664,-1,6282,6664,6281,-1,6281,6664,6665,-1,6281,6665,6280,-1,6280,6665,6666,-1,6280,6666,6279,-1,6279,6666,6667,-1,6279,6667,6278,-1,6278,6667,6668,-1,6278,6668,6277,-1,6277,6668,6669,-1,6277,6669,6276,-1,6276,6669,6670,-1,6276,6670,6275,-1,6275,6670,6671,-1,6275,6671,6274,-1,6274,6671,6672,-1,6274,6672,6273,-1,6273,6672,6673,-1,6273,6673,6272,-1,6272,6673,6674,-1,6272,6674,6271,-1,6271,6674,6675,-1,6271,6675,6270,-1,6270,6675,670,-1,6270,670,668,-1,590,588,6676,-1,648,646,6677,-1,6678,6679,6680,-1,411,413,6681,-1,429,431,6682,-1,443,445,6683,-1,447,449,6684,-1,465,467,6685,-1,469,471,6686,-1,483,485,6687,-1,487,489,6688,-1,501,503,6689,-1,505,507,6690,-1,523,525,6691,-1,6692,6693,6694,-1,6695,6696,6697,-1,6698,6699,6700,-1,6701,6702,6703,-1,6704,6705,6706,-1,6707,6708,6709,-1,6710,6711,6712,-1,6713,6714,6715,-1,6716,6717,6718,-1,6719,6679,6720,-1,6720,6679,6678,-1,6720,6678,6721,-1,6722,6723,6724,-1,6724,6723,6725,-1,6726,6727,6728,-1,6728,6727,6729,-1,6728,6729,6730,-1,6731,6732,6728,-1,6732,6733,6728,-1,6728,6733,6734,-1,6728,6734,6726,-1,6735,6736,6737,-1,6737,6736,6738,-1,6737,6738,6739,-1,6740,6741,6742,-1,6742,6741,6743,-1,6742,6743,6744,-1,6707,6709,6745,-1,532,531,6745,-1,6746,6747,6748,-1,6748,6747,6749,-1,6750,6751,6747,-1,6751,6752,6747,-1,6747,6752,6753,-1,6747,6753,6749,-1,6754,6755,6756,-1,6756,6755,6757,-1,6756,6757,6758,-1,6759,6760,6761,-1,6761,6760,6762,-1,6692,6694,6763,-1,6764,6765,6766,-1,6767,6768,6769,-1,525,527,6770,-1,6771,521,523,-1,515,517,6772,-1,6772,517,519,-1,6773,513,515,-1,6774,509,511,-1,509,6774,507,-1,505,6690,503,-1,6775,499,501,-1,493,495,6776,-1,6776,495,497,-1,6777,491,493,-1,487,6688,485,-1,6778,481,483,-1,475,477,6779,-1,6779,477,479,-1,6780,473,475,-1,469,6686,467,-1,6781,463,465,-1,457,459,6782,-1,6782,459,461,-1,6783,455,457,-1,6784,451,453,-1,451,6784,449,-1,447,6684,445,-1,6785,441,443,-1,6786,437,439,-1,6787,433,435,-1,6788,423,425,-1,6789,419,421,-1,6790,415,417,-1,6791,405,407,-1,6792,401,403,-1,6719,6793,6679,-1,6679,6793,394,-1,6679,394,6680,-1,6680,394,397,-1,6680,397,399,-1,6717,6721,6718,-1,6718,6721,6678,-1,6718,6678,6794,-1,6794,6678,6680,-1,6794,6680,6792,-1,6792,6680,399,-1,6792,399,401,-1,6795,6716,6796,-1,6796,6716,6718,-1,6796,6718,6797,-1,6797,6718,6794,-1,6797,6794,6798,-1,6798,6794,6792,-1,6798,6792,6791,-1,6791,6792,403,-1,6791,403,405,-1,6714,6795,6715,-1,6715,6795,6796,-1,6715,6796,6799,-1,6799,6796,6797,-1,6799,6797,6800,-1,6800,6797,6798,-1,6800,6798,6801,-1,6801,6798,6791,-1,6801,6791,6802,-1,6802,6791,407,-1,6802,407,409,-1,6711,6713,6712,-1,6712,6713,6715,-1,6712,6715,6803,-1,6803,6715,6799,-1,6803,6799,6804,-1,6804,6799,6800,-1,6804,6800,6805,-1,6805,6800,6801,-1,6805,6801,6806,-1,6806,6801,6802,-1,6806,6802,6681,-1,6681,6802,409,-1,6681,409,411,-1,6725,6710,6724,-1,6724,6710,6712,-1,6724,6712,6807,-1,6807,6712,6803,-1,6807,6803,6808,-1,6808,6803,6804,-1,6808,6804,6809,-1,6809,6804,6805,-1,6809,6805,6810,-1,6810,6805,6806,-1,6810,6806,6811,-1,6811,6806,6681,-1,6811,6681,6790,-1,6790,6681,413,-1,6790,413,415,-1,6730,6722,6728,-1,6728,6722,6724,-1,6728,6724,6812,-1,6812,6724,6807,-1,6812,6807,6813,-1,6813,6807,6808,-1,6813,6808,6814,-1,6814,6808,6809,-1,6814,6809,6815,-1,6815,6809,6810,-1,6815,6810,6816,-1,6816,6810,6811,-1,6816,6811,6817,-1,6817,6811,6790,-1,6817,6790,6789,-1,6789,6790,417,-1,6789,417,419,-1,6739,6731,6737,-1,6737,6731,6728,-1,6737,6728,6818,-1,6818,6728,6812,-1,6818,6812,6819,-1,6819,6812,6813,-1,6819,6813,6820,-1,6820,6813,6814,-1,6820,6814,6821,-1,6821,6814,6815,-1,6821,6815,6822,-1,6822,6815,6816,-1,6822,6816,6823,-1,6823,6816,6817,-1,6823,6817,6824,-1,6824,6817,6789,-1,6824,6789,6788,-1,6788,6789,421,-1,6788,421,423,-1,6735,6737,6825,-1,6825,6737,6818,-1,6825,6818,6826,-1,6826,6818,6819,-1,6826,6819,6827,-1,6827,6819,6820,-1,6827,6820,6828,-1,6828,6820,6821,-1,6828,6821,6829,-1,6829,6821,6822,-1,6829,6822,6830,-1,6830,6822,6823,-1,6830,6823,6831,-1,6831,6823,6824,-1,6831,6824,6832,-1,6832,6824,6788,-1,6832,6788,6833,-1,6833,6788,425,-1,6833,425,427,-1,6744,6736,6742,-1,6742,6736,6735,-1,6742,6735,6834,-1,6834,6735,6825,-1,6834,6825,6835,-1,6835,6825,6826,-1,6835,6826,6836,-1,6836,6826,6827,-1,6836,6827,6837,-1,6837,6827,6828,-1,6837,6828,6838,-1,6838,6828,6829,-1,6838,6829,6839,-1,6839,6829,6830,-1,6839,6830,6840,-1,6840,6830,6831,-1,6840,6831,6841,-1,6841,6831,6832,-1,6841,6832,6842,-1,6842,6832,6833,-1,6842,6833,6682,-1,6682,6833,427,-1,6682,427,429,-1,6740,6742,6843,-1,6843,6742,6834,-1,6843,6834,6844,-1,6844,6834,6835,-1,6844,6835,6845,-1,6845,6835,6836,-1,6845,6836,6846,-1,6846,6836,6837,-1,6846,6837,6847,-1,6847,6837,6838,-1,6847,6838,6848,-1,6848,6838,6839,-1,6848,6839,6849,-1,6849,6839,6840,-1,6849,6840,6850,-1,6850,6840,6841,-1,6850,6841,6851,-1,6851,6841,6842,-1,6851,6842,6852,-1,6852,6842,6682,-1,6852,6682,6787,-1,6787,6682,431,-1,6787,431,433,-1,6708,6741,6709,-1,6709,6741,6740,-1,6709,6740,6853,-1,6853,6740,6843,-1,6853,6843,6854,-1,6854,6843,6844,-1,6854,6844,6855,-1,6855,6844,6845,-1,6855,6845,6856,-1,6856,6845,6846,-1,6856,6846,6857,-1,6857,6846,6847,-1,6857,6847,6858,-1,6858,6847,6848,-1,6858,6848,6859,-1,6859,6848,6849,-1,6859,6849,6860,-1,6860,6849,6850,-1,6860,6850,6861,-1,6861,6850,6851,-1,6861,6851,6862,-1,6862,6851,6852,-1,6862,6852,6863,-1,6863,6852,6787,-1,6863,6787,6786,-1,6786,6787,435,-1,6786,435,437,-1,532,6745,6864,-1,6864,6745,6709,-1,6864,6709,6865,-1,6865,6709,6853,-1,6865,6853,6866,-1,6866,6853,6854,-1,6866,6854,6867,-1,6867,6854,6855,-1,6867,6855,6868,-1,6868,6855,6856,-1,6868,6856,6869,-1,6869,6856,6857,-1,6869,6857,6870,-1,6870,6857,6858,-1,6870,6858,6871,-1,6871,6858,6859,-1,6871,6859,6872,-1,6872,6859,6860,-1,6872,6860,6873,-1,6873,6860,6861,-1,6873,6861,6874,-1,6874,6861,6862,-1,6874,6862,6875,-1,6875,6862,6863,-1,6875,6863,6876,-1,6876,6863,6786,-1,6876,6786,6785,-1,6785,6786,439,-1,6785,439,441,-1,6705,6877,6706,-1,6706,6877,6878,-1,6706,6878,6879,-1,6702,6880,6703,-1,6703,6880,6881,-1,6703,6881,6882,-1,6882,6881,6883,-1,6882,6883,6884,-1,6884,6883,6885,-1,6884,6885,6886,-1,6758,6750,6756,-1,6756,6750,6747,-1,6756,6747,6887,-1,6887,6747,6888,-1,6887,6888,6889,-1,6889,6888,6890,-1,6889,6890,6891,-1,6891,6890,6892,-1,6891,6892,6893,-1,6893,6892,6894,-1,6893,6894,6895,-1,6895,6894,6896,-1,6895,6896,6897,-1,6897,6896,6898,-1,6897,6898,6899,-1,6759,6761,6900,-1,6900,6761,6901,-1,6900,6901,6902,-1,6902,6901,6903,-1,6902,6903,6904,-1,6904,6903,6905,-1,6904,6905,6906,-1,6906,6905,6907,-1,6906,6907,6908,-1,6908,6907,6909,-1,6908,6909,6910,-1,6910,6909,6911,-1,6910,6911,6912,-1,6912,6911,6913,-1,6912,6913,6914,-1,6914,6913,6915,-1,6914,6915,6916,-1,6768,6764,6769,-1,6769,6764,6766,-1,6769,6766,6917,-1,6917,6766,6918,-1,6917,6918,6919,-1,6919,6918,6920,-1,6919,6920,6921,-1,6921,6920,6922,-1,6921,6922,6923,-1,6923,6922,6924,-1,6923,6924,6925,-1,6925,6924,6926,-1,6925,6926,6927,-1,6927,6926,6928,-1,6927,6928,6929,-1,6929,6928,6930,-1,6929,6930,6931,-1,6931,6930,6932,-1,6931,6932,6933,-1,6933,6932,6934,-1,6933,6934,6935,-1,6935,6934,6936,-1,6935,6936,6937,-1,6937,6936,6938,-1,6937,6938,6939,-1,525,6770,6691,-1,6691,6770,6940,-1,6691,6940,6941,-1,6941,6940,6942,-1,6941,6942,6943,-1,6943,6942,6944,-1,6943,6944,6945,-1,6945,6944,6946,-1,6945,6946,6947,-1,6947,6946,6948,-1,6947,6948,6949,-1,6949,6948,6950,-1,6949,6950,6951,-1,6951,6950,6952,-1,6951,6952,6953,-1,6953,6952,6954,-1,6953,6954,6955,-1,6955,6954,6956,-1,6955,6956,6957,-1,6957,6956,6958,-1,6957,6958,6959,-1,6959,6958,6960,-1,6959,6960,6961,-1,6961,6960,6962,-1,6961,6962,6963,-1,6963,6962,6964,-1,6963,6964,6965,-1,515,6772,6773,-1,6773,6772,6966,-1,6773,6966,6967,-1,6967,6966,6968,-1,6967,6968,6969,-1,6969,6968,6970,-1,6969,6970,6971,-1,6971,6970,6972,-1,6971,6972,6973,-1,6973,6972,6974,-1,6973,6974,6975,-1,6975,6974,6976,-1,6975,6976,6977,-1,6977,6976,6978,-1,6977,6978,6979,-1,6979,6978,6980,-1,6979,6980,6981,-1,6981,6980,6982,-1,6981,6982,6983,-1,6983,6982,6984,-1,6983,6984,6985,-1,6985,6984,6986,-1,6985,6986,6987,-1,6987,6986,6988,-1,6987,6988,6989,-1,6989,6988,6990,-1,6989,6990,6991,-1,507,6774,6690,-1,6690,6774,6992,-1,6690,6992,6993,-1,6993,6992,6994,-1,6993,6994,6995,-1,6995,6994,6996,-1,6995,6996,6997,-1,6997,6996,6998,-1,6997,6998,6999,-1,6999,6998,7000,-1,6999,7000,7001,-1,7001,7000,7002,-1,7001,7002,7003,-1,7003,7002,7004,-1,7003,7004,7005,-1,7005,7004,7006,-1,7005,7006,7007,-1,7007,7006,7008,-1,7007,7008,7009,-1,7009,7008,7010,-1,7009,7010,7011,-1,7011,7010,7012,-1,7011,7012,7013,-1,7013,7012,7014,-1,7013,7014,7015,-1,7015,7014,7016,-1,7015,7016,7017,-1,493,6776,6777,-1,6777,6776,7018,-1,6777,7018,7019,-1,7019,7018,7020,-1,7019,7020,7021,-1,7021,7020,7022,-1,7021,7022,7023,-1,7023,7022,7024,-1,7023,7024,7025,-1,7025,7024,7026,-1,7025,7026,7027,-1,7027,7026,7028,-1,7027,7028,7029,-1,7029,7028,7030,-1,7029,7030,7031,-1,7031,7030,7032,-1,7031,7032,7033,-1,7033,7032,7034,-1,7033,7034,7035,-1,7035,7034,7036,-1,7035,7036,7037,-1,7037,7036,7038,-1,7037,7038,7039,-1,7039,7038,7040,-1,7039,7040,7041,-1,7041,7040,7042,-1,7041,7042,7043,-1,485,6688,6687,-1,6687,6688,7044,-1,6687,7044,7045,-1,7045,7044,7046,-1,7045,7046,7047,-1,7047,7046,7048,-1,7047,7048,7049,-1,7049,7048,7050,-1,7049,7050,7051,-1,7051,7050,7052,-1,7051,7052,7053,-1,7053,7052,7054,-1,7053,7054,7055,-1,7055,7054,7056,-1,7055,7056,7057,-1,7057,7056,7058,-1,7057,7058,7059,-1,7059,7058,7060,-1,7059,7060,7061,-1,7061,7060,7062,-1,7061,7062,7063,-1,7063,7062,7064,-1,7063,7064,7065,-1,7065,7064,7066,-1,7065,7066,7067,-1,7067,7066,7068,-1,7067,7068,7069,-1,475,6779,6780,-1,6780,6779,7070,-1,6780,7070,7071,-1,7071,7070,7072,-1,7071,7072,7073,-1,7073,7072,7074,-1,7073,7074,7075,-1,7075,7074,7076,-1,7075,7076,7077,-1,7077,7076,7078,-1,7077,7078,7079,-1,7079,7078,7080,-1,7079,7080,7081,-1,7081,7080,7082,-1,7081,7082,7083,-1,7083,7082,7084,-1,7083,7084,7085,-1,7085,7084,7086,-1,7085,7086,7087,-1,7087,7086,7088,-1,7087,7088,7089,-1,7089,7088,7090,-1,7089,7090,7091,-1,7091,7090,7092,-1,7091,7092,7093,-1,7093,7092,7094,-1,7093,7094,7095,-1,467,6686,6685,-1,6685,6686,7096,-1,6685,7096,7097,-1,7097,7096,7098,-1,7097,7098,7099,-1,7099,7098,7100,-1,7099,7100,7101,-1,7101,7100,7102,-1,7101,7102,7103,-1,7103,7102,7104,-1,7103,7104,7105,-1,7105,7104,7106,-1,7105,7106,7107,-1,7107,7106,7108,-1,7107,7108,7109,-1,7109,7108,7110,-1,7109,7110,7111,-1,7111,7110,7112,-1,7111,7112,7113,-1,7113,7112,7114,-1,7113,7114,7115,-1,7115,7114,7116,-1,7115,7116,7117,-1,7117,7116,7118,-1,7117,7118,7119,-1,7119,7118,7120,-1,7119,7120,7121,-1,457,6782,6783,-1,6783,6782,7122,-1,6783,7122,7123,-1,7123,7122,7124,-1,7123,7124,7125,-1,7125,7124,7126,-1,7125,7126,7127,-1,7127,7126,7128,-1,7127,7128,7129,-1,7129,7128,7130,-1,7129,7130,7131,-1,7131,7130,7132,-1,7131,7132,7133,-1,7133,7132,7134,-1,7133,7134,7135,-1,7135,7134,7136,-1,7135,7136,7137,-1,7137,7136,7138,-1,7137,7138,7139,-1,7139,7138,7140,-1,7139,7140,7141,-1,7141,7140,7142,-1,7141,7142,7143,-1,7143,7142,7144,-1,7143,7144,7145,-1,7145,7144,7146,-1,7145,7146,7147,-1,449,6784,6684,-1,6684,6784,7148,-1,6684,7148,7149,-1,7149,7148,7150,-1,7149,7150,7151,-1,7151,7150,7152,-1,7151,7152,7153,-1,7153,7152,7154,-1,7153,7154,7155,-1,7155,7154,7156,-1,7155,7156,7157,-1,7157,7156,7158,-1,7157,7158,7159,-1,7159,7158,7160,-1,7159,7160,7161,-1,7161,7160,7162,-1,7161,7162,7163,-1,7163,7162,7164,-1,7163,7164,7165,-1,7165,7164,7166,-1,7165,7166,7167,-1,7167,7166,7168,-1,7167,7168,7169,-1,7169,7168,7170,-1,7169,7170,7171,-1,7171,7170,7172,-1,7171,7172,7173,-1,6877,7174,6878,-1,6878,7174,664,-1,6878,664,6879,-1,6879,664,662,-1,6879,662,660,-1,6880,6704,6881,-1,6881,6704,6706,-1,6881,6706,6883,-1,6883,6706,6879,-1,6883,6879,6885,-1,6885,6879,660,-1,6699,6701,6700,-1,6700,6701,6703,-1,6700,6703,7175,-1,7175,6703,6882,-1,7175,6882,7176,-1,7176,6882,6884,-1,7176,6884,7177,-1,7177,6884,6886,-1,7177,6886,7178,-1,7178,6886,652,-1,7178,652,650,-1,660,658,6885,-1,6885,658,656,-1,6885,656,6886,-1,6886,656,654,-1,6886,654,652,-1,6696,6698,6697,-1,6697,6698,6700,-1,6697,6700,7179,-1,7179,6700,7175,-1,7179,7175,7180,-1,7180,7175,7176,-1,7180,7176,7181,-1,7181,7176,7177,-1,7181,7177,7182,-1,7182,7177,7178,-1,7182,7178,6677,-1,6677,7178,650,-1,6677,650,648,-1,6746,6695,6747,-1,6747,6695,6697,-1,6747,6697,6888,-1,6888,6697,7179,-1,6888,7179,6890,-1,6890,7179,7180,-1,6890,7180,6892,-1,6892,7180,7181,-1,6892,7181,6894,-1,6894,7181,7182,-1,6894,7182,6896,-1,6896,7182,6677,-1,6896,6677,6898,-1,6898,6677,646,-1,646,644,6898,-1,6898,644,642,-1,6898,642,6899,-1,6899,642,640,-1,6899,640,638,-1,6762,6754,6761,-1,6761,6754,6756,-1,6761,6756,6901,-1,6901,6756,6887,-1,6901,6887,6903,-1,6903,6887,6889,-1,6903,6889,6905,-1,6905,6889,6891,-1,6905,6891,6907,-1,6907,6891,6893,-1,6907,6893,6909,-1,6909,6893,6895,-1,6909,6895,6911,-1,6911,6895,6897,-1,6911,6897,6913,-1,6913,6897,6899,-1,6913,6899,6915,-1,6915,6899,638,-1,6693,6760,6694,-1,6694,6760,6759,-1,6694,6759,7183,-1,7183,6759,6900,-1,7183,6900,7184,-1,7184,6900,6902,-1,7184,6902,7185,-1,7185,6902,6904,-1,7185,6904,7186,-1,7186,6904,6906,-1,7186,6906,7187,-1,7187,6906,6908,-1,7187,6908,7188,-1,7188,6908,6910,-1,7188,6910,7189,-1,7189,6910,6912,-1,7189,6912,7190,-1,7190,6912,6914,-1,7190,6914,7191,-1,7191,6914,6916,-1,7191,6916,7192,-1,7192,6916,630,-1,7192,630,628,-1,638,636,6915,-1,6915,636,634,-1,6915,634,6916,-1,6916,634,632,-1,6916,632,630,-1,6765,6763,6766,-1,6766,6763,6694,-1,6766,6694,6918,-1,6918,6694,7183,-1,6918,7183,6920,-1,6920,7183,7184,-1,6920,7184,6922,-1,6922,7184,7185,-1,6922,7185,6924,-1,6924,7185,7186,-1,6924,7186,6926,-1,6926,7186,7187,-1,6926,7187,6928,-1,6928,7187,7188,-1,6928,7188,6930,-1,6930,7188,7189,-1,6930,7189,6932,-1,6932,7189,7190,-1,6932,7190,6934,-1,6934,7190,7191,-1,6934,7191,6936,-1,6936,7191,7192,-1,6936,7192,6938,-1,6938,7192,628,-1,628,626,6938,-1,6938,626,624,-1,6938,624,6939,-1,6939,624,622,-1,6939,622,620,-1,620,6964,6939,-1,6939,6964,6962,-1,6939,6962,6937,-1,6937,6962,6960,-1,6937,6960,6935,-1,6935,6960,6958,-1,6935,6958,6933,-1,6933,6958,6956,-1,6933,6956,6931,-1,6931,6956,6954,-1,6931,6954,6929,-1,6929,6954,6952,-1,6929,6952,6927,-1,6927,6952,6950,-1,6927,6950,6925,-1,6925,6950,6948,-1,6925,6948,6923,-1,6923,6948,6946,-1,6923,6946,6921,-1,6921,6946,6944,-1,6921,6944,6919,-1,6919,6944,6942,-1,6919,6942,6917,-1,6917,6942,6940,-1,6917,6940,6769,-1,6769,6940,6770,-1,6769,6770,6767,-1,6767,6770,527,-1,6767,527,529,-1,523,6691,6771,-1,6771,6691,6941,-1,6771,6941,7193,-1,7193,6941,6943,-1,7193,6943,7194,-1,7194,6943,6945,-1,7194,6945,7195,-1,7195,6945,6947,-1,7195,6947,7196,-1,7196,6947,6949,-1,7196,6949,7197,-1,7197,6949,6951,-1,7197,6951,7198,-1,7198,6951,6953,-1,7198,6953,7199,-1,7199,6953,6955,-1,7199,6955,7200,-1,7200,6955,6957,-1,7200,6957,7201,-1,7201,6957,6959,-1,7201,6959,7202,-1,7202,6959,6961,-1,7202,6961,7203,-1,7203,6961,6963,-1,7203,6963,7204,-1,7204,6963,6965,-1,7204,6965,7205,-1,7205,6965,612,-1,7205,612,610,-1,620,618,6964,-1,6964,618,616,-1,6964,616,6965,-1,6965,616,614,-1,6965,614,612,-1,610,6990,7205,-1,7205,6990,6988,-1,7205,6988,7204,-1,7204,6988,6986,-1,7204,6986,7203,-1,7203,6986,6984,-1,7203,6984,7202,-1,7202,6984,6982,-1,7202,6982,7201,-1,7201,6982,6980,-1,7201,6980,7200,-1,7200,6980,6978,-1,7200,6978,7199,-1,7199,6978,6976,-1,7199,6976,7198,-1,7198,6976,6974,-1,7198,6974,7197,-1,7197,6974,6972,-1,7197,6972,7196,-1,7196,6972,6970,-1,7196,6970,7195,-1,7195,6970,6968,-1,7195,6968,7194,-1,7194,6968,6966,-1,7194,6966,7193,-1,7193,6966,6772,-1,7193,6772,6771,-1,6771,6772,519,-1,6771,519,521,-1,610,608,6990,-1,6990,608,606,-1,6990,606,6991,-1,6991,606,604,-1,6991,604,602,-1,602,7016,6991,-1,6991,7016,7014,-1,6991,7014,6989,-1,6989,7014,7012,-1,6989,7012,6987,-1,6987,7012,7010,-1,6987,7010,6985,-1,6985,7010,7008,-1,6985,7008,6983,-1,6983,7008,7006,-1,6983,7006,6981,-1,6981,7006,7004,-1,6981,7004,6979,-1,6979,7004,7002,-1,6979,7002,6977,-1,6977,7002,7000,-1,6977,7000,6975,-1,6975,7000,6998,-1,6975,6998,6973,-1,6973,6998,6996,-1,6973,6996,6971,-1,6971,6996,6994,-1,6971,6994,6969,-1,6969,6994,6992,-1,6969,6992,6967,-1,6967,6992,6774,-1,6967,6774,6773,-1,6773,6774,511,-1,6773,511,513,-1,503,6690,6689,-1,6689,6690,6993,-1,6689,6993,7206,-1,7206,6993,6995,-1,7206,6995,7207,-1,7207,6995,6997,-1,7207,6997,7208,-1,7208,6997,6999,-1,7208,6999,7209,-1,7209,6999,7001,-1,7209,7001,7210,-1,7210,7001,7003,-1,7210,7003,7211,-1,7211,7003,7005,-1,7211,7005,7212,-1,7212,7005,7007,-1,7212,7007,7213,-1,7213,7007,7009,-1,7213,7009,7214,-1,7214,7009,7011,-1,7214,7011,7215,-1,7215,7011,7013,-1,7215,7013,7216,-1,7216,7013,7015,-1,7216,7015,7217,-1,7217,7015,7017,-1,7217,7017,7218,-1,7218,7017,594,-1,7218,594,592,-1,602,600,7016,-1,7016,600,598,-1,7016,598,7017,-1,7017,598,596,-1,7017,596,594,-1,501,6689,6775,-1,6775,6689,7206,-1,6775,7206,7219,-1,7219,7206,7207,-1,7219,7207,7220,-1,7220,7207,7208,-1,7220,7208,7221,-1,7221,7208,7209,-1,7221,7209,7222,-1,7222,7209,7210,-1,7222,7210,7223,-1,7223,7210,7211,-1,7223,7211,7224,-1,7224,7211,7212,-1,7224,7212,7225,-1,7225,7212,7213,-1,7225,7213,7226,-1,7226,7213,7214,-1,7226,7214,7227,-1,7227,7214,7215,-1,7227,7215,7228,-1,7228,7215,7216,-1,7228,7216,7229,-1,7229,7216,7217,-1,7229,7217,7230,-1,7230,7217,7218,-1,7230,7218,6676,-1,6676,7218,592,-1,6676,592,590,-1,588,7042,6676,-1,6676,7042,7040,-1,6676,7040,7230,-1,7230,7040,7038,-1,7230,7038,7229,-1,7229,7038,7036,-1,7229,7036,7228,-1,7228,7036,7034,-1,7228,7034,7227,-1,7227,7034,7032,-1,7227,7032,7226,-1,7226,7032,7030,-1,7226,7030,7225,-1,7225,7030,7028,-1,7225,7028,7224,-1,7224,7028,7026,-1,7224,7026,7223,-1,7223,7026,7024,-1,7223,7024,7222,-1,7222,7024,7022,-1,7222,7022,7221,-1,7221,7022,7020,-1,7221,7020,7220,-1,7220,7020,7018,-1,7220,7018,7219,-1,7219,7018,6776,-1,7219,6776,6775,-1,6775,6776,497,-1,6775,497,499,-1,588,586,7042,-1,7042,586,584,-1,7042,584,7043,-1,7043,584,582,-1,7043,582,580,-1,580,7068,7043,-1,7043,7068,7066,-1,7043,7066,7041,-1,7041,7066,7064,-1,7041,7064,7039,-1,7039,7064,7062,-1,7039,7062,7037,-1,7037,7062,7060,-1,7037,7060,7035,-1,7035,7060,7058,-1,7035,7058,7033,-1,7033,7058,7056,-1,7033,7056,7031,-1,7031,7056,7054,-1,7031,7054,7029,-1,7029,7054,7052,-1,7029,7052,7027,-1,7027,7052,7050,-1,7027,7050,7025,-1,7025,7050,7048,-1,7025,7048,7023,-1,7023,7048,7046,-1,7023,7046,7021,-1,7021,7046,7044,-1,7021,7044,7019,-1,7019,7044,6688,-1,7019,6688,6777,-1,6777,6688,489,-1,6777,489,491,-1,483,6687,6778,-1,6778,6687,7045,-1,6778,7045,7231,-1,7231,7045,7047,-1,7231,7047,7232,-1,7232,7047,7049,-1,7232,7049,7233,-1,7233,7049,7051,-1,7233,7051,7234,-1,7234,7051,7053,-1,7234,7053,7235,-1,7235,7053,7055,-1,7235,7055,7236,-1,7236,7055,7057,-1,7236,7057,7237,-1,7237,7057,7059,-1,7237,7059,7238,-1,7238,7059,7061,-1,7238,7061,7239,-1,7239,7061,7063,-1,7239,7063,7240,-1,7240,7063,7065,-1,7240,7065,7241,-1,7241,7065,7067,-1,7241,7067,7242,-1,7242,7067,7069,-1,7242,7069,7243,-1,7243,7069,572,-1,7243,572,570,-1,580,578,7068,-1,7068,578,576,-1,7068,576,7069,-1,7069,576,574,-1,7069,574,572,-1,570,7094,7243,-1,7243,7094,7092,-1,7243,7092,7242,-1,7242,7092,7090,-1,7242,7090,7241,-1,7241,7090,7088,-1,7241,7088,7240,-1,7240,7088,7086,-1,7240,7086,7239,-1,7239,7086,7084,-1,7239,7084,7238,-1,7238,7084,7082,-1,7238,7082,7237,-1,7237,7082,7080,-1,7237,7080,7236,-1,7236,7080,7078,-1,7236,7078,7235,-1,7235,7078,7076,-1,7235,7076,7234,-1,7234,7076,7074,-1,7234,7074,7233,-1,7233,7074,7072,-1,7233,7072,7232,-1,7232,7072,7070,-1,7232,7070,7231,-1,7231,7070,6779,-1,7231,6779,6778,-1,6778,6779,479,-1,6778,479,481,-1,570,568,7094,-1,7094,568,566,-1,7094,566,7095,-1,7095,566,564,-1,7095,564,562,-1,562,7120,7095,-1,7095,7120,7118,-1,7095,7118,7093,-1,7093,7118,7116,-1,7093,7116,7091,-1,7091,7116,7114,-1,7091,7114,7089,-1,7089,7114,7112,-1,7089,7112,7087,-1,7087,7112,7110,-1,7087,7110,7085,-1,7085,7110,7108,-1,7085,7108,7083,-1,7083,7108,7106,-1,7083,7106,7081,-1,7081,7106,7104,-1,7081,7104,7079,-1,7079,7104,7102,-1,7079,7102,7077,-1,7077,7102,7100,-1,7077,7100,7075,-1,7075,7100,7098,-1,7075,7098,7073,-1,7073,7098,7096,-1,7073,7096,7071,-1,7071,7096,6686,-1,7071,6686,6780,-1,6780,6686,471,-1,6780,471,473,-1,465,6685,6781,-1,6781,6685,7097,-1,6781,7097,7244,-1,7244,7097,7099,-1,7244,7099,7245,-1,7245,7099,7101,-1,7245,7101,7246,-1,7246,7101,7103,-1,7246,7103,7247,-1,7247,7103,7105,-1,7247,7105,7248,-1,7248,7105,7107,-1,7248,7107,7249,-1,7249,7107,7109,-1,7249,7109,7250,-1,7250,7109,7111,-1,7250,7111,7251,-1,7251,7111,7113,-1,7251,7113,7252,-1,7252,7113,7115,-1,7252,7115,7253,-1,7253,7115,7117,-1,7253,7117,7254,-1,7254,7117,7119,-1,7254,7119,7255,-1,7255,7119,7121,-1,7255,7121,7256,-1,7256,7121,554,-1,7256,554,552,-1,562,560,7120,-1,7120,560,558,-1,7120,558,7121,-1,7121,558,556,-1,7121,556,554,-1,552,7146,7256,-1,7256,7146,7144,-1,7256,7144,7255,-1,7255,7144,7142,-1,7255,7142,7254,-1,7254,7142,7140,-1,7254,7140,7253,-1,7253,7140,7138,-1,7253,7138,7252,-1,7252,7138,7136,-1,7252,7136,7251,-1,7251,7136,7134,-1,7251,7134,7250,-1,7250,7134,7132,-1,7250,7132,7249,-1,7249,7132,7130,-1,7249,7130,7248,-1,7248,7130,7128,-1,7248,7128,7247,-1,7247,7128,7126,-1,7247,7126,7246,-1,7246,7126,7124,-1,7246,7124,7245,-1,7245,7124,7122,-1,7245,7122,7244,-1,7244,7122,6782,-1,7244,6782,6781,-1,6781,6782,461,-1,6781,461,463,-1,552,550,7146,-1,7146,550,548,-1,7146,548,7147,-1,7147,548,546,-1,7147,546,544,-1,544,7172,7147,-1,7147,7172,7170,-1,7147,7170,7145,-1,7145,7170,7168,-1,7145,7168,7143,-1,7143,7168,7166,-1,7143,7166,7141,-1,7141,7166,7164,-1,7141,7164,7139,-1,7139,7164,7162,-1,7139,7162,7137,-1,7137,7162,7160,-1,7137,7160,7135,-1,7135,7160,7158,-1,7135,7158,7133,-1,7133,7158,7156,-1,7133,7156,7131,-1,7131,7156,7154,-1,7131,7154,7129,-1,7129,7154,7152,-1,7129,7152,7127,-1,7127,7152,7150,-1,7127,7150,7125,-1,7125,7150,7148,-1,7125,7148,7123,-1,7123,7148,6784,-1,7123,6784,6783,-1,6783,6784,453,-1,6783,453,455,-1,445,6684,6683,-1,6683,6684,7149,-1,6683,7149,7257,-1,7257,7149,7151,-1,7257,7151,7258,-1,7258,7151,7153,-1,7258,7153,7259,-1,7259,7153,7155,-1,7259,7155,7260,-1,7260,7155,7157,-1,7260,7157,7261,-1,7261,7157,7159,-1,7261,7159,7262,-1,7262,7159,7161,-1,7262,7161,7263,-1,7263,7161,7163,-1,7263,7163,7264,-1,7264,7163,7165,-1,7264,7165,7265,-1,7265,7165,7167,-1,7265,7167,7266,-1,7266,7167,7169,-1,7266,7169,7267,-1,7267,7169,7171,-1,7267,7171,7268,-1,7268,7171,7173,-1,7268,7173,7269,-1,7269,7173,536,-1,7269,536,534,-1,544,542,7172,-1,7172,542,540,-1,7172,540,7173,-1,7173,540,538,-1,7173,538,536,-1,443,6683,6785,-1,6785,6683,7257,-1,6785,7257,6876,-1,6876,7257,7258,-1,6876,7258,6875,-1,6875,7258,7259,-1,6875,7259,6874,-1,6874,7259,7260,-1,6874,7260,6873,-1,6873,7260,7261,-1,6873,7261,6872,-1,6872,7261,7262,-1,6872,7262,6871,-1,6871,7262,7263,-1,6871,7263,6870,-1,6870,7263,7264,-1,6870,7264,6869,-1,6869,7264,7265,-1,6869,7265,6868,-1,6868,7265,7266,-1,6868,7266,6867,-1,6867,7266,7267,-1,6867,7267,6866,-1,6866,7267,7268,-1,6866,7268,6865,-1,6865,7268,7269,-1,6865,7269,6864,-1,6864,7269,534,-1,6864,534,532,-1,454,452,7270,-1,512,510,7271,-1,7272,7273,7274,-1,275,277,7275,-1,293,295,7276,-1,307,309,7277,-1,311,313,7278,-1,333,335,7279,-1,347,349,7280,-1,351,353,7281,-1,365,367,7282,-1,369,371,7283,-1,387,389,7284,-1,7285,7286,7287,-1,7288,7289,7290,-1,7291,7292,7293,-1,7294,7295,7296,-1,7297,7298,7299,-1,7300,7301,7302,-1,7303,7304,7305,-1,7306,7307,7308,-1,7309,7310,7311,-1,7312,7273,7313,-1,7313,7273,7272,-1,7313,7272,7314,-1,7315,7316,7317,-1,7317,7316,7318,-1,7319,7320,7321,-1,7321,7320,7322,-1,7321,7322,7323,-1,7324,7325,7321,-1,7325,7326,7321,-1,7321,7326,7327,-1,7321,7327,7319,-1,7328,7329,7330,-1,7330,7329,7331,-1,7330,7331,7332,-1,7333,7334,7335,-1,7335,7334,7336,-1,7335,7336,7337,-1,7300,7302,7338,-1,396,395,7338,-1,7339,7340,7341,-1,7341,7340,7342,-1,7343,7344,7340,-1,7344,7345,7340,-1,7340,7345,7346,-1,7340,7346,7342,-1,7347,7348,7349,-1,7349,7348,7350,-1,7349,7350,7351,-1,7352,7353,7354,-1,7354,7353,7355,-1,7285,7287,7356,-1,7357,7358,7359,-1,7360,7361,7362,-1,389,391,7363,-1,7364,385,387,-1,379,381,7365,-1,7365,381,383,-1,7366,377,379,-1,7367,373,375,-1,373,7367,371,-1,369,7283,367,-1,7368,363,365,-1,357,359,7369,-1,7369,359,361,-1,7370,355,357,-1,351,7281,349,-1,7371,345,347,-1,339,341,7372,-1,7372,341,343,-1,7373,337,339,-1,329,331,7374,-1,7374,331,333,-1,7375,327,329,-1,321,323,7376,-1,7376,323,325,-1,7377,319,321,-1,7378,315,317,-1,315,7378,313,-1,311,7278,309,-1,7379,305,307,-1,7380,301,303,-1,7381,297,299,-1,7382,287,289,-1,7383,283,285,-1,7384,279,281,-1,7385,269,271,-1,7386,265,267,-1,7312,7387,7273,-1,7273,7387,258,-1,7273,258,7274,-1,7274,258,261,-1,7274,261,263,-1,7310,7314,7311,-1,7311,7314,7272,-1,7311,7272,7388,-1,7388,7272,7274,-1,7388,7274,7386,-1,7386,7274,263,-1,7386,263,265,-1,7389,7309,7390,-1,7390,7309,7311,-1,7390,7311,7391,-1,7391,7311,7388,-1,7391,7388,7392,-1,7392,7388,7386,-1,7392,7386,7385,-1,7385,7386,267,-1,7385,267,269,-1,7307,7389,7308,-1,7308,7389,7390,-1,7308,7390,7393,-1,7393,7390,7391,-1,7393,7391,7394,-1,7394,7391,7392,-1,7394,7392,7395,-1,7395,7392,7385,-1,7395,7385,7396,-1,7396,7385,271,-1,7396,271,273,-1,7304,7306,7305,-1,7305,7306,7308,-1,7305,7308,7397,-1,7397,7308,7393,-1,7397,7393,7398,-1,7398,7393,7394,-1,7398,7394,7399,-1,7399,7394,7395,-1,7399,7395,7400,-1,7400,7395,7396,-1,7400,7396,7275,-1,7275,7396,273,-1,7275,273,275,-1,7318,7303,7317,-1,7317,7303,7305,-1,7317,7305,7401,-1,7401,7305,7397,-1,7401,7397,7402,-1,7402,7397,7398,-1,7402,7398,7403,-1,7403,7398,7399,-1,7403,7399,7404,-1,7404,7399,7400,-1,7404,7400,7405,-1,7405,7400,7275,-1,7405,7275,7384,-1,7384,7275,277,-1,7384,277,279,-1,7323,7315,7321,-1,7321,7315,7317,-1,7321,7317,7406,-1,7406,7317,7401,-1,7406,7401,7407,-1,7407,7401,7402,-1,7407,7402,7408,-1,7408,7402,7403,-1,7408,7403,7409,-1,7409,7403,7404,-1,7409,7404,7410,-1,7410,7404,7405,-1,7410,7405,7411,-1,7411,7405,7384,-1,7411,7384,7383,-1,7383,7384,281,-1,7383,281,283,-1,7332,7324,7330,-1,7330,7324,7321,-1,7330,7321,7412,-1,7412,7321,7406,-1,7412,7406,7413,-1,7413,7406,7407,-1,7413,7407,7414,-1,7414,7407,7408,-1,7414,7408,7415,-1,7415,7408,7409,-1,7415,7409,7416,-1,7416,7409,7410,-1,7416,7410,7417,-1,7417,7410,7411,-1,7417,7411,7418,-1,7418,7411,7383,-1,7418,7383,7382,-1,7382,7383,285,-1,7382,285,287,-1,7328,7330,7419,-1,7419,7330,7412,-1,7419,7412,7420,-1,7420,7412,7413,-1,7420,7413,7421,-1,7421,7413,7414,-1,7421,7414,7422,-1,7422,7414,7415,-1,7422,7415,7423,-1,7423,7415,7416,-1,7423,7416,7424,-1,7424,7416,7417,-1,7424,7417,7425,-1,7425,7417,7418,-1,7425,7418,7426,-1,7426,7418,7382,-1,7426,7382,7427,-1,7427,7382,289,-1,7427,289,291,-1,7337,7329,7335,-1,7335,7329,7328,-1,7335,7328,7428,-1,7428,7328,7419,-1,7428,7419,7429,-1,7429,7419,7420,-1,7429,7420,7430,-1,7430,7420,7421,-1,7430,7421,7431,-1,7431,7421,7422,-1,7431,7422,7432,-1,7432,7422,7423,-1,7432,7423,7433,-1,7433,7423,7424,-1,7433,7424,7434,-1,7434,7424,7425,-1,7434,7425,7435,-1,7435,7425,7426,-1,7435,7426,7436,-1,7436,7426,7427,-1,7436,7427,7276,-1,7276,7427,291,-1,7276,291,293,-1,7333,7335,7437,-1,7437,7335,7428,-1,7437,7428,7438,-1,7438,7428,7429,-1,7438,7429,7439,-1,7439,7429,7430,-1,7439,7430,7440,-1,7440,7430,7431,-1,7440,7431,7441,-1,7441,7431,7432,-1,7441,7432,7442,-1,7442,7432,7433,-1,7442,7433,7443,-1,7443,7433,7434,-1,7443,7434,7444,-1,7444,7434,7435,-1,7444,7435,7445,-1,7445,7435,7436,-1,7445,7436,7446,-1,7446,7436,7276,-1,7446,7276,7381,-1,7381,7276,295,-1,7381,295,297,-1,7301,7334,7302,-1,7302,7334,7333,-1,7302,7333,7447,-1,7447,7333,7437,-1,7447,7437,7448,-1,7448,7437,7438,-1,7448,7438,7449,-1,7449,7438,7439,-1,7449,7439,7450,-1,7450,7439,7440,-1,7450,7440,7451,-1,7451,7440,7441,-1,7451,7441,7452,-1,7452,7441,7442,-1,7452,7442,7453,-1,7453,7442,7443,-1,7453,7443,7454,-1,7454,7443,7444,-1,7454,7444,7455,-1,7455,7444,7445,-1,7455,7445,7456,-1,7456,7445,7446,-1,7456,7446,7457,-1,7457,7446,7381,-1,7457,7381,7380,-1,7380,7381,299,-1,7380,299,301,-1,396,7338,7458,-1,7458,7338,7302,-1,7458,7302,7459,-1,7459,7302,7447,-1,7459,7447,7460,-1,7460,7447,7448,-1,7460,7448,7461,-1,7461,7448,7449,-1,7461,7449,7462,-1,7462,7449,7450,-1,7462,7450,7463,-1,7463,7450,7451,-1,7463,7451,7464,-1,7464,7451,7452,-1,7464,7452,7465,-1,7465,7452,7453,-1,7465,7453,7466,-1,7466,7453,7454,-1,7466,7454,7467,-1,7467,7454,7455,-1,7467,7455,7468,-1,7468,7455,7456,-1,7468,7456,7469,-1,7469,7456,7457,-1,7469,7457,7470,-1,7470,7457,7380,-1,7470,7380,7379,-1,7379,7380,303,-1,7379,303,305,-1,7298,7471,7299,-1,7299,7471,7472,-1,7299,7472,7473,-1,7295,7474,7296,-1,7296,7474,7475,-1,7296,7475,7476,-1,7476,7475,7477,-1,7476,7477,7478,-1,7478,7477,7479,-1,7478,7479,7480,-1,7351,7343,7349,-1,7349,7343,7340,-1,7349,7340,7481,-1,7481,7340,7482,-1,7481,7482,7483,-1,7483,7482,7484,-1,7483,7484,7485,-1,7485,7484,7486,-1,7485,7486,7487,-1,7487,7486,7488,-1,7487,7488,7489,-1,7489,7488,7490,-1,7489,7490,7491,-1,7491,7490,7492,-1,7491,7492,7493,-1,7352,7354,7494,-1,7494,7354,7495,-1,7494,7495,7496,-1,7496,7495,7497,-1,7496,7497,7498,-1,7498,7497,7499,-1,7498,7499,7500,-1,7500,7499,7501,-1,7500,7501,7502,-1,7502,7501,7503,-1,7502,7503,7504,-1,7504,7503,7505,-1,7504,7505,7506,-1,7506,7505,7507,-1,7506,7507,7508,-1,7508,7507,7509,-1,7508,7509,7510,-1,7361,7357,7362,-1,7362,7357,7359,-1,7362,7359,7511,-1,7511,7359,7512,-1,7511,7512,7513,-1,7513,7512,7514,-1,7513,7514,7515,-1,7515,7514,7516,-1,7515,7516,7517,-1,7517,7516,7518,-1,7517,7518,7519,-1,7519,7518,7520,-1,7519,7520,7521,-1,7521,7520,7522,-1,7521,7522,7523,-1,7523,7522,7524,-1,7523,7524,7525,-1,7525,7524,7526,-1,7525,7526,7527,-1,7527,7526,7528,-1,7527,7528,7529,-1,7529,7528,7530,-1,7529,7530,7531,-1,7531,7530,7532,-1,7531,7532,7533,-1,389,7363,7284,-1,7284,7363,7534,-1,7284,7534,7535,-1,7535,7534,7536,-1,7535,7536,7537,-1,7537,7536,7538,-1,7537,7538,7539,-1,7539,7538,7540,-1,7539,7540,7541,-1,7541,7540,7542,-1,7541,7542,7543,-1,7543,7542,7544,-1,7543,7544,7545,-1,7545,7544,7546,-1,7545,7546,7547,-1,7547,7546,7548,-1,7547,7548,7549,-1,7549,7548,7550,-1,7549,7550,7551,-1,7551,7550,7552,-1,7551,7552,7553,-1,7553,7552,7554,-1,7553,7554,7555,-1,7555,7554,7556,-1,7555,7556,7557,-1,7557,7556,7558,-1,7557,7558,7559,-1,379,7365,7366,-1,7366,7365,7560,-1,7366,7560,7561,-1,7561,7560,7562,-1,7561,7562,7563,-1,7563,7562,7564,-1,7563,7564,7565,-1,7565,7564,7566,-1,7565,7566,7567,-1,7567,7566,7568,-1,7567,7568,7569,-1,7569,7568,7570,-1,7569,7570,7571,-1,7571,7570,7572,-1,7571,7572,7573,-1,7573,7572,7574,-1,7573,7574,7575,-1,7575,7574,7576,-1,7575,7576,7577,-1,7577,7576,7578,-1,7577,7578,7579,-1,7579,7578,7580,-1,7579,7580,7581,-1,7581,7580,7582,-1,7581,7582,7583,-1,7583,7582,7584,-1,7583,7584,7585,-1,371,7367,7283,-1,7283,7367,7586,-1,7283,7586,7587,-1,7587,7586,7588,-1,7587,7588,7589,-1,7589,7588,7590,-1,7589,7590,7591,-1,7591,7590,7592,-1,7591,7592,7593,-1,7593,7592,7594,-1,7593,7594,7595,-1,7595,7594,7596,-1,7595,7596,7597,-1,7597,7596,7598,-1,7597,7598,7599,-1,7599,7598,7600,-1,7599,7600,7601,-1,7601,7600,7602,-1,7601,7602,7603,-1,7603,7602,7604,-1,7603,7604,7605,-1,7605,7604,7606,-1,7605,7606,7607,-1,7607,7606,7608,-1,7607,7608,7609,-1,7609,7608,7610,-1,7609,7610,7611,-1,357,7369,7370,-1,7370,7369,7612,-1,7370,7612,7613,-1,7613,7612,7614,-1,7613,7614,7615,-1,7615,7614,7616,-1,7615,7616,7617,-1,7617,7616,7618,-1,7617,7618,7619,-1,7619,7618,7620,-1,7619,7620,7621,-1,7621,7620,7622,-1,7621,7622,7623,-1,7623,7622,7624,-1,7623,7624,7625,-1,7625,7624,7626,-1,7625,7626,7627,-1,7627,7626,7628,-1,7627,7628,7629,-1,7629,7628,7630,-1,7629,7630,7631,-1,7631,7630,7632,-1,7631,7632,7633,-1,7633,7632,7634,-1,7633,7634,7635,-1,7635,7634,7636,-1,7635,7636,7637,-1,349,7281,7280,-1,7280,7281,7638,-1,7280,7638,7639,-1,7639,7638,7640,-1,7639,7640,7641,-1,7641,7640,7642,-1,7641,7642,7643,-1,7643,7642,7644,-1,7643,7644,7645,-1,7645,7644,7646,-1,7645,7646,7647,-1,7647,7646,7648,-1,7647,7648,7649,-1,7649,7648,7650,-1,7649,7650,7651,-1,7651,7650,7652,-1,7651,7652,7653,-1,7653,7652,7654,-1,7653,7654,7655,-1,7655,7654,7656,-1,7655,7656,7657,-1,7657,7656,7658,-1,7657,7658,7659,-1,7659,7658,7660,-1,7659,7660,7661,-1,7661,7660,7662,-1,7661,7662,7663,-1,339,7372,7373,-1,7373,7372,7664,-1,7373,7664,7665,-1,7665,7664,7666,-1,7665,7666,7667,-1,7667,7666,7668,-1,7667,7668,7669,-1,7669,7668,7670,-1,7669,7670,7671,-1,7671,7670,7672,-1,7671,7672,7673,-1,7673,7672,7674,-1,7673,7674,7675,-1,7675,7674,7676,-1,7675,7676,7677,-1,7677,7676,7678,-1,7677,7678,7679,-1,7679,7678,7680,-1,7679,7680,7681,-1,7681,7680,7682,-1,7681,7682,7683,-1,7683,7682,7684,-1,7683,7684,7685,-1,7685,7684,7686,-1,7685,7686,7687,-1,7687,7686,7688,-1,7687,7688,7689,-1,333,7279,7374,-1,7374,7279,7690,-1,7374,7690,7691,-1,7691,7690,7692,-1,7691,7692,7693,-1,7693,7692,7694,-1,7693,7694,7695,-1,7695,7694,7696,-1,7695,7696,7697,-1,7697,7696,7698,-1,7697,7698,7699,-1,7699,7698,7700,-1,7699,7700,7701,-1,7701,7700,7702,-1,7701,7702,7703,-1,7703,7702,7704,-1,7703,7704,7705,-1,7705,7704,7706,-1,7705,7706,7707,-1,7707,7706,7708,-1,7707,7708,7709,-1,7709,7708,7710,-1,7709,7710,7711,-1,7711,7710,7712,-1,7711,7712,7713,-1,7713,7712,7714,-1,7713,7714,7715,-1,321,7376,7377,-1,7377,7376,7716,-1,7377,7716,7717,-1,7717,7716,7718,-1,7717,7718,7719,-1,7719,7718,7720,-1,7719,7720,7721,-1,7721,7720,7722,-1,7721,7722,7723,-1,7723,7722,7724,-1,7723,7724,7725,-1,7725,7724,7726,-1,7725,7726,7727,-1,7727,7726,7728,-1,7727,7728,7729,-1,7729,7728,7730,-1,7729,7730,7731,-1,7731,7730,7732,-1,7731,7732,7733,-1,7733,7732,7734,-1,7733,7734,7735,-1,7735,7734,7736,-1,7735,7736,7737,-1,7737,7736,7738,-1,7737,7738,7739,-1,7739,7738,7740,-1,7739,7740,7741,-1,313,7378,7278,-1,7278,7378,7742,-1,7278,7742,7743,-1,7743,7742,7744,-1,7743,7744,7745,-1,7745,7744,7746,-1,7745,7746,7747,-1,7747,7746,7748,-1,7747,7748,7749,-1,7749,7748,7750,-1,7749,7750,7751,-1,7751,7750,7752,-1,7751,7752,7753,-1,7753,7752,7754,-1,7753,7754,7755,-1,7755,7754,7756,-1,7755,7756,7757,-1,7757,7756,7758,-1,7757,7758,7759,-1,7759,7758,7760,-1,7759,7760,7761,-1,7761,7760,7762,-1,7761,7762,7763,-1,7763,7762,7764,-1,7763,7764,7765,-1,7765,7764,7766,-1,7765,7766,7767,-1,7471,7768,7472,-1,7472,7768,528,-1,7472,528,7473,-1,7473,528,526,-1,7473,526,524,-1,7474,7297,7475,-1,7475,7297,7299,-1,7475,7299,7477,-1,7477,7299,7473,-1,7477,7473,7479,-1,7479,7473,524,-1,7292,7294,7293,-1,7293,7294,7296,-1,7293,7296,7769,-1,7769,7296,7476,-1,7769,7476,7770,-1,7770,7476,7478,-1,7770,7478,7771,-1,7771,7478,7480,-1,7771,7480,7772,-1,7772,7480,516,-1,7772,516,514,-1,524,522,7479,-1,7479,522,520,-1,7479,520,7480,-1,7480,520,518,-1,7480,518,516,-1,7289,7291,7290,-1,7290,7291,7293,-1,7290,7293,7773,-1,7773,7293,7769,-1,7773,7769,7774,-1,7774,7769,7770,-1,7774,7770,7775,-1,7775,7770,7771,-1,7775,7771,7776,-1,7776,7771,7772,-1,7776,7772,7271,-1,7271,7772,514,-1,7271,514,512,-1,7339,7288,7340,-1,7340,7288,7290,-1,7340,7290,7482,-1,7482,7290,7773,-1,7482,7773,7484,-1,7484,7773,7774,-1,7484,7774,7486,-1,7486,7774,7775,-1,7486,7775,7488,-1,7488,7775,7776,-1,7488,7776,7490,-1,7490,7776,7271,-1,7490,7271,7492,-1,7492,7271,510,-1,510,508,7492,-1,7492,508,506,-1,7492,506,7493,-1,7493,506,504,-1,7493,504,502,-1,7355,7347,7354,-1,7354,7347,7349,-1,7354,7349,7495,-1,7495,7349,7481,-1,7495,7481,7497,-1,7497,7481,7483,-1,7497,7483,7499,-1,7499,7483,7485,-1,7499,7485,7501,-1,7501,7485,7487,-1,7501,7487,7503,-1,7503,7487,7489,-1,7503,7489,7505,-1,7505,7489,7491,-1,7505,7491,7507,-1,7507,7491,7493,-1,7507,7493,7509,-1,7509,7493,502,-1,7286,7353,7287,-1,7287,7353,7352,-1,7287,7352,7777,-1,7777,7352,7494,-1,7777,7494,7778,-1,7778,7494,7496,-1,7778,7496,7779,-1,7779,7496,7498,-1,7779,7498,7780,-1,7780,7498,7500,-1,7780,7500,7781,-1,7781,7500,7502,-1,7781,7502,7782,-1,7782,7502,7504,-1,7782,7504,7783,-1,7783,7504,7506,-1,7783,7506,7784,-1,7784,7506,7508,-1,7784,7508,7785,-1,7785,7508,7510,-1,7785,7510,7786,-1,7786,7510,494,-1,7786,494,492,-1,502,500,7509,-1,7509,500,498,-1,7509,498,7510,-1,7510,498,496,-1,7510,496,494,-1,7358,7356,7359,-1,7359,7356,7287,-1,7359,7287,7512,-1,7512,7287,7777,-1,7512,7777,7514,-1,7514,7777,7778,-1,7514,7778,7516,-1,7516,7778,7779,-1,7516,7779,7518,-1,7518,7779,7780,-1,7518,7780,7520,-1,7520,7780,7781,-1,7520,7781,7522,-1,7522,7781,7782,-1,7522,7782,7524,-1,7524,7782,7783,-1,7524,7783,7526,-1,7526,7783,7784,-1,7526,7784,7528,-1,7528,7784,7785,-1,7528,7785,7530,-1,7530,7785,7786,-1,7530,7786,7532,-1,7532,7786,492,-1,492,490,7532,-1,7532,490,488,-1,7532,488,7533,-1,7533,488,486,-1,7533,486,484,-1,484,7558,7533,-1,7533,7558,7556,-1,7533,7556,7531,-1,7531,7556,7554,-1,7531,7554,7529,-1,7529,7554,7552,-1,7529,7552,7527,-1,7527,7552,7550,-1,7527,7550,7525,-1,7525,7550,7548,-1,7525,7548,7523,-1,7523,7548,7546,-1,7523,7546,7521,-1,7521,7546,7544,-1,7521,7544,7519,-1,7519,7544,7542,-1,7519,7542,7517,-1,7517,7542,7540,-1,7517,7540,7515,-1,7515,7540,7538,-1,7515,7538,7513,-1,7513,7538,7536,-1,7513,7536,7511,-1,7511,7536,7534,-1,7511,7534,7362,-1,7362,7534,7363,-1,7362,7363,7360,-1,7360,7363,391,-1,7360,391,393,-1,387,7284,7364,-1,7364,7284,7535,-1,7364,7535,7787,-1,7787,7535,7537,-1,7787,7537,7788,-1,7788,7537,7539,-1,7788,7539,7789,-1,7789,7539,7541,-1,7789,7541,7790,-1,7790,7541,7543,-1,7790,7543,7791,-1,7791,7543,7545,-1,7791,7545,7792,-1,7792,7545,7547,-1,7792,7547,7793,-1,7793,7547,7549,-1,7793,7549,7794,-1,7794,7549,7551,-1,7794,7551,7795,-1,7795,7551,7553,-1,7795,7553,7796,-1,7796,7553,7555,-1,7796,7555,7797,-1,7797,7555,7557,-1,7797,7557,7798,-1,7798,7557,7559,-1,7798,7559,7799,-1,7799,7559,476,-1,7799,476,474,-1,484,482,7558,-1,7558,482,480,-1,7558,480,7559,-1,7559,480,478,-1,7559,478,476,-1,474,7584,7799,-1,7799,7584,7582,-1,7799,7582,7798,-1,7798,7582,7580,-1,7798,7580,7797,-1,7797,7580,7578,-1,7797,7578,7796,-1,7796,7578,7576,-1,7796,7576,7795,-1,7795,7576,7574,-1,7795,7574,7794,-1,7794,7574,7572,-1,7794,7572,7793,-1,7793,7572,7570,-1,7793,7570,7792,-1,7792,7570,7568,-1,7792,7568,7791,-1,7791,7568,7566,-1,7791,7566,7790,-1,7790,7566,7564,-1,7790,7564,7789,-1,7789,7564,7562,-1,7789,7562,7788,-1,7788,7562,7560,-1,7788,7560,7787,-1,7787,7560,7365,-1,7787,7365,7364,-1,7364,7365,383,-1,7364,383,385,-1,474,472,7584,-1,7584,472,470,-1,7584,470,7585,-1,7585,470,468,-1,7585,468,466,-1,466,7610,7585,-1,7585,7610,7608,-1,7585,7608,7583,-1,7583,7608,7606,-1,7583,7606,7581,-1,7581,7606,7604,-1,7581,7604,7579,-1,7579,7604,7602,-1,7579,7602,7577,-1,7577,7602,7600,-1,7577,7600,7575,-1,7575,7600,7598,-1,7575,7598,7573,-1,7573,7598,7596,-1,7573,7596,7571,-1,7571,7596,7594,-1,7571,7594,7569,-1,7569,7594,7592,-1,7569,7592,7567,-1,7567,7592,7590,-1,7567,7590,7565,-1,7565,7590,7588,-1,7565,7588,7563,-1,7563,7588,7586,-1,7563,7586,7561,-1,7561,7586,7367,-1,7561,7367,7366,-1,7366,7367,375,-1,7366,375,377,-1,367,7283,7282,-1,7282,7283,7587,-1,7282,7587,7800,-1,7800,7587,7589,-1,7800,7589,7801,-1,7801,7589,7591,-1,7801,7591,7802,-1,7802,7591,7593,-1,7802,7593,7803,-1,7803,7593,7595,-1,7803,7595,7804,-1,7804,7595,7597,-1,7804,7597,7805,-1,7805,7597,7599,-1,7805,7599,7806,-1,7806,7599,7601,-1,7806,7601,7807,-1,7807,7601,7603,-1,7807,7603,7808,-1,7808,7603,7605,-1,7808,7605,7809,-1,7809,7605,7607,-1,7809,7607,7810,-1,7810,7607,7609,-1,7810,7609,7811,-1,7811,7609,7611,-1,7811,7611,7812,-1,7812,7611,458,-1,7812,458,456,-1,466,464,7610,-1,7610,464,462,-1,7610,462,7611,-1,7611,462,460,-1,7611,460,458,-1,365,7282,7368,-1,7368,7282,7800,-1,7368,7800,7813,-1,7813,7800,7801,-1,7813,7801,7814,-1,7814,7801,7802,-1,7814,7802,7815,-1,7815,7802,7803,-1,7815,7803,7816,-1,7816,7803,7804,-1,7816,7804,7817,-1,7817,7804,7805,-1,7817,7805,7818,-1,7818,7805,7806,-1,7818,7806,7819,-1,7819,7806,7807,-1,7819,7807,7820,-1,7820,7807,7808,-1,7820,7808,7821,-1,7821,7808,7809,-1,7821,7809,7822,-1,7822,7809,7810,-1,7822,7810,7823,-1,7823,7810,7811,-1,7823,7811,7824,-1,7824,7811,7812,-1,7824,7812,7270,-1,7270,7812,456,-1,7270,456,454,-1,452,7636,7270,-1,7270,7636,7634,-1,7270,7634,7824,-1,7824,7634,7632,-1,7824,7632,7823,-1,7823,7632,7630,-1,7823,7630,7822,-1,7822,7630,7628,-1,7822,7628,7821,-1,7821,7628,7626,-1,7821,7626,7820,-1,7820,7626,7624,-1,7820,7624,7819,-1,7819,7624,7622,-1,7819,7622,7818,-1,7818,7622,7620,-1,7818,7620,7817,-1,7817,7620,7618,-1,7817,7618,7816,-1,7816,7618,7616,-1,7816,7616,7815,-1,7815,7616,7614,-1,7815,7614,7814,-1,7814,7614,7612,-1,7814,7612,7813,-1,7813,7612,7369,-1,7813,7369,7368,-1,7368,7369,361,-1,7368,361,363,-1,452,450,7636,-1,7636,450,448,-1,7636,448,7637,-1,7637,448,446,-1,7637,446,444,-1,444,7662,7637,-1,7637,7662,7660,-1,7637,7660,7635,-1,7635,7660,7658,-1,7635,7658,7633,-1,7633,7658,7656,-1,7633,7656,7631,-1,7631,7656,7654,-1,7631,7654,7629,-1,7629,7654,7652,-1,7629,7652,7627,-1,7627,7652,7650,-1,7627,7650,7625,-1,7625,7650,7648,-1,7625,7648,7623,-1,7623,7648,7646,-1,7623,7646,7621,-1,7621,7646,7644,-1,7621,7644,7619,-1,7619,7644,7642,-1,7619,7642,7617,-1,7617,7642,7640,-1,7617,7640,7615,-1,7615,7640,7638,-1,7615,7638,7613,-1,7613,7638,7281,-1,7613,7281,7370,-1,7370,7281,353,-1,7370,353,355,-1,347,7280,7371,-1,7371,7280,7639,-1,7371,7639,7825,-1,7825,7639,7641,-1,7825,7641,7826,-1,7826,7641,7643,-1,7826,7643,7827,-1,7827,7643,7645,-1,7827,7645,7828,-1,7828,7645,7647,-1,7828,7647,7829,-1,7829,7647,7649,-1,7829,7649,7830,-1,7830,7649,7651,-1,7830,7651,7831,-1,7831,7651,7653,-1,7831,7653,7832,-1,7832,7653,7655,-1,7832,7655,7833,-1,7833,7655,7657,-1,7833,7657,7834,-1,7834,7657,7659,-1,7834,7659,7835,-1,7835,7659,7661,-1,7835,7661,7836,-1,7836,7661,7663,-1,7836,7663,7837,-1,7837,7663,436,-1,7837,436,434,-1,444,442,7662,-1,7662,442,440,-1,7662,440,7663,-1,7663,440,438,-1,7663,438,436,-1,434,7688,7837,-1,7837,7688,7686,-1,7837,7686,7836,-1,7836,7686,7684,-1,7836,7684,7835,-1,7835,7684,7682,-1,7835,7682,7834,-1,7834,7682,7680,-1,7834,7680,7833,-1,7833,7680,7678,-1,7833,7678,7832,-1,7832,7678,7676,-1,7832,7676,7831,-1,7831,7676,7674,-1,7831,7674,7830,-1,7830,7674,7672,-1,7830,7672,7829,-1,7829,7672,7670,-1,7829,7670,7828,-1,7828,7670,7668,-1,7828,7668,7827,-1,7827,7668,7666,-1,7827,7666,7826,-1,7826,7666,7664,-1,7826,7664,7825,-1,7825,7664,7372,-1,7825,7372,7371,-1,7371,7372,343,-1,7371,343,345,-1,434,432,7688,-1,7688,432,430,-1,7688,430,7689,-1,7689,430,428,-1,7689,428,426,-1,426,7714,7689,-1,7689,7714,7712,-1,7689,7712,7687,-1,7687,7712,7710,-1,7687,7710,7685,-1,7685,7710,7708,-1,7685,7708,7683,-1,7683,7708,7706,-1,7683,7706,7681,-1,7681,7706,7704,-1,7681,7704,7679,-1,7679,7704,7702,-1,7679,7702,7677,-1,7677,7702,7700,-1,7677,7700,7675,-1,7675,7700,7698,-1,7675,7698,7673,-1,7673,7698,7696,-1,7673,7696,7671,-1,7671,7696,7694,-1,7671,7694,7669,-1,7669,7694,7692,-1,7669,7692,7667,-1,7667,7692,7690,-1,7667,7690,7665,-1,7665,7690,7279,-1,7665,7279,7373,-1,7373,7279,335,-1,7373,335,337,-1,329,7374,7375,-1,7375,7374,7691,-1,7375,7691,7838,-1,7838,7691,7693,-1,7838,7693,7839,-1,7839,7693,7695,-1,7839,7695,7840,-1,7840,7695,7697,-1,7840,7697,7841,-1,7841,7697,7699,-1,7841,7699,7842,-1,7842,7699,7701,-1,7842,7701,7843,-1,7843,7701,7703,-1,7843,7703,7844,-1,7844,7703,7705,-1,7844,7705,7845,-1,7845,7705,7707,-1,7845,7707,7846,-1,7846,7707,7709,-1,7846,7709,7847,-1,7847,7709,7711,-1,7847,7711,7848,-1,7848,7711,7713,-1,7848,7713,7849,-1,7849,7713,7715,-1,7849,7715,7850,-1,7850,7715,418,-1,7850,418,416,-1,426,424,7714,-1,7714,424,422,-1,7714,422,7715,-1,7715,422,420,-1,7715,420,418,-1,416,7740,7850,-1,7850,7740,7738,-1,7850,7738,7849,-1,7849,7738,7736,-1,7849,7736,7848,-1,7848,7736,7734,-1,7848,7734,7847,-1,7847,7734,7732,-1,7847,7732,7846,-1,7846,7732,7730,-1,7846,7730,7845,-1,7845,7730,7728,-1,7845,7728,7844,-1,7844,7728,7726,-1,7844,7726,7843,-1,7843,7726,7724,-1,7843,7724,7842,-1,7842,7724,7722,-1,7842,7722,7841,-1,7841,7722,7720,-1,7841,7720,7840,-1,7840,7720,7718,-1,7840,7718,7839,-1,7839,7718,7716,-1,7839,7716,7838,-1,7838,7716,7376,-1,7838,7376,7375,-1,7375,7376,325,-1,7375,325,327,-1,416,414,7740,-1,7740,414,412,-1,7740,412,7741,-1,7741,412,410,-1,7741,410,408,-1,408,7766,7741,-1,7741,7766,7764,-1,7741,7764,7739,-1,7739,7764,7762,-1,7739,7762,7737,-1,7737,7762,7760,-1,7737,7760,7735,-1,7735,7760,7758,-1,7735,7758,7733,-1,7733,7758,7756,-1,7733,7756,7731,-1,7731,7756,7754,-1,7731,7754,7729,-1,7729,7754,7752,-1,7729,7752,7727,-1,7727,7752,7750,-1,7727,7750,7725,-1,7725,7750,7748,-1,7725,7748,7723,-1,7723,7748,7746,-1,7723,7746,7721,-1,7721,7746,7744,-1,7721,7744,7719,-1,7719,7744,7742,-1,7719,7742,7717,-1,7717,7742,7378,-1,7717,7378,7377,-1,7377,7378,317,-1,7377,317,319,-1,309,7278,7277,-1,7277,7278,7743,-1,7277,7743,7851,-1,7851,7743,7745,-1,7851,7745,7852,-1,7852,7745,7747,-1,7852,7747,7853,-1,7853,7747,7749,-1,7853,7749,7854,-1,7854,7749,7751,-1,7854,7751,7855,-1,7855,7751,7753,-1,7855,7753,7856,-1,7856,7753,7755,-1,7856,7755,7857,-1,7857,7755,7757,-1,7857,7757,7858,-1,7858,7757,7759,-1,7858,7759,7859,-1,7859,7759,7761,-1,7859,7761,7860,-1,7860,7761,7763,-1,7860,7763,7861,-1,7861,7763,7765,-1,7861,7765,7862,-1,7862,7765,7767,-1,7862,7767,7863,-1,7863,7767,400,-1,7863,400,398,-1,408,406,7766,-1,7766,406,404,-1,7766,404,7767,-1,7767,404,402,-1,7767,402,400,-1,307,7277,7379,-1,7379,7277,7851,-1,7379,7851,7470,-1,7470,7851,7852,-1,7470,7852,7469,-1,7469,7852,7853,-1,7469,7853,7468,-1,7468,7853,7854,-1,7468,7854,7467,-1,7467,7854,7855,-1,7467,7855,7466,-1,7466,7855,7856,-1,7466,7856,7465,-1,7465,7856,7857,-1,7465,7857,7464,-1,7464,7857,7858,-1,7464,7858,7463,-1,7463,7858,7859,-1,7463,7859,7462,-1,7462,7859,7860,-1,7462,7860,7461,-1,7461,7860,7861,-1,7461,7861,7460,-1,7460,7861,7862,-1,7460,7862,7459,-1,7459,7862,7863,-1,7459,7863,7458,-1,7458,7863,398,-1,7458,398,396,-1,318,316,7864,-1,376,374,7865,-1,7866,7867,7868,-1,172,174,7869,-1,186,188,7870,-1,190,192,7871,-1,208,210,7872,-1,136,242,7873,-1,256,254,7874,-1,7875,7876,7877,-1,7878,7879,7880,-1,7881,7882,7883,-1,7884,7885,7886,-1,7887,7888,7889,-1,7890,7891,7892,-1,7893,7894,7895,-1,7896,7897,7898,-1,7899,7900,7901,-1,1746,1744,7902,-1,1752,1751,7903,-1,7903,1751,1750,-1,1744,1743,7902,-1,7902,1743,1753,-1,7902,1753,1752,-1,1740,1739,7904,-1,7904,1739,1747,-1,7904,1747,1746,-1,246,244,7905,-1,7905,244,243,-1,7906,7867,7907,-1,7907,7867,7866,-1,7907,7866,7908,-1,7909,7910,7911,-1,7911,7910,7912,-1,7913,7914,7915,-1,7915,7914,7916,-1,7915,7916,7917,-1,7918,7919,7915,-1,7919,7920,7915,-1,7915,7920,7921,-1,7915,7921,7913,-1,7922,7923,7924,-1,7924,7923,7925,-1,7924,7925,7926,-1,7927,7928,7929,-1,7929,7928,7930,-1,7929,7930,7931,-1,7890,7892,7932,-1,260,259,7932,-1,7933,7934,7935,-1,7935,7934,7936,-1,7937,7938,7934,-1,7938,7939,7934,-1,7934,7939,7940,-1,7934,7940,7936,-1,7941,7942,7943,-1,7943,7942,7944,-1,7943,7944,7945,-1,7946,7947,7948,-1,7948,7947,7949,-1,7875,7877,7950,-1,7951,7952,7953,-1,7954,7955,7956,-1,7957,248,246,-1,7958,252,250,-1,252,7958,254,-1,227,257,7959,-1,7959,257,256,-1,7960,229,227,-1,235,233,7961,-1,7961,233,231,-1,7962,237,235,-1,7963,241,239,-1,241,7963,242,-1,7964,225,136,-1,220,222,7965,-1,7965,222,224,-1,7966,218,220,-1,7967,214,216,-1,214,7967,210,-1,208,7872,206,-1,200,202,7968,-1,7968,202,204,-1,7969,198,200,-1,7970,194,196,-1,194,7970,192,-1,190,7871,188,-1,7971,184,186,-1,7972,180,182,-1,7973,176,178,-1,7974,166,168,-1,7975,162,164,-1,7976,158,160,-1,7977,152,154,-1,7978,148,150,-1,7979,144,146,-1,7906,7980,7867,-1,7867,7980,137,-1,7867,137,7868,-1,7868,137,140,-1,7868,140,142,-1,7900,7908,7901,-1,7901,7908,7866,-1,7901,7866,7981,-1,7981,7866,7868,-1,7981,7868,7979,-1,7979,7868,142,-1,7979,142,144,-1,7982,7899,7983,-1,7983,7899,7901,-1,7983,7901,7984,-1,7984,7901,7981,-1,7984,7981,7985,-1,7985,7981,7979,-1,7985,7979,7978,-1,7978,7979,146,-1,7978,146,148,-1,7897,7982,7898,-1,7898,7982,7983,-1,7898,7983,7986,-1,7986,7983,7984,-1,7986,7984,7987,-1,7987,7984,7985,-1,7987,7985,7988,-1,7988,7985,7978,-1,7988,7978,7977,-1,7977,7978,150,-1,7977,150,152,-1,7894,7896,7895,-1,7895,7896,7898,-1,7895,7898,7989,-1,7989,7898,7986,-1,7989,7986,7990,-1,7990,7986,7987,-1,7990,7987,7991,-1,7991,7987,7988,-1,7991,7988,7992,-1,7992,7988,7977,-1,7992,7977,7993,-1,7993,7977,154,-1,7993,154,156,-1,7912,7893,7911,-1,7911,7893,7895,-1,7911,7895,7994,-1,7994,7895,7989,-1,7994,7989,7995,-1,7995,7989,7990,-1,7995,7990,7996,-1,7996,7990,7991,-1,7996,7991,7997,-1,7997,7991,7992,-1,7997,7992,7998,-1,7998,7992,7993,-1,7998,7993,7976,-1,7976,7993,156,-1,7976,156,158,-1,7917,7909,7915,-1,7915,7909,7911,-1,7915,7911,7999,-1,7999,7911,7994,-1,7999,7994,8000,-1,8000,7994,7995,-1,8000,7995,8001,-1,8001,7995,7996,-1,8001,7996,8002,-1,8002,7996,7997,-1,8002,7997,8003,-1,8003,7997,7998,-1,8003,7998,8004,-1,8004,7998,7976,-1,8004,7976,7975,-1,7975,7976,160,-1,7975,160,162,-1,7926,7918,7924,-1,7924,7918,7915,-1,7924,7915,8005,-1,8005,7915,7999,-1,8005,7999,8006,-1,8006,7999,8000,-1,8006,8000,8007,-1,8007,8000,8001,-1,8007,8001,8008,-1,8008,8001,8002,-1,8008,8002,8009,-1,8009,8002,8003,-1,8009,8003,8010,-1,8010,8003,8004,-1,8010,8004,8011,-1,8011,8004,7975,-1,8011,7975,7974,-1,7974,7975,164,-1,7974,164,166,-1,7922,7924,8012,-1,8012,7924,8005,-1,8012,8005,8013,-1,8013,8005,8006,-1,8013,8006,8014,-1,8014,8006,8007,-1,8014,8007,8015,-1,8015,8007,8008,-1,8015,8008,8016,-1,8016,8008,8009,-1,8016,8009,8017,-1,8017,8009,8010,-1,8017,8010,8018,-1,8018,8010,8011,-1,8018,8011,8019,-1,8019,8011,7974,-1,8019,7974,8020,-1,8020,7974,168,-1,8020,168,170,-1,7931,7923,7929,-1,7929,7923,7922,-1,7929,7922,8021,-1,8021,7922,8012,-1,8021,8012,8022,-1,8022,8012,8013,-1,8022,8013,8023,-1,8023,8013,8014,-1,8023,8014,8024,-1,8024,8014,8015,-1,8024,8015,8025,-1,8025,8015,8016,-1,8025,8016,8026,-1,8026,8016,8017,-1,8026,8017,8027,-1,8027,8017,8018,-1,8027,8018,8028,-1,8028,8018,8019,-1,8028,8019,8029,-1,8029,8019,8020,-1,8029,8020,7869,-1,7869,8020,170,-1,7869,170,172,-1,7927,7929,8030,-1,8030,7929,8021,-1,8030,8021,8031,-1,8031,8021,8022,-1,8031,8022,8032,-1,8032,8022,8023,-1,8032,8023,8033,-1,8033,8023,8024,-1,8033,8024,8034,-1,8034,8024,8025,-1,8034,8025,8035,-1,8035,8025,8026,-1,8035,8026,8036,-1,8036,8026,8027,-1,8036,8027,8037,-1,8037,8027,8028,-1,8037,8028,8038,-1,8038,8028,8029,-1,8038,8029,8039,-1,8039,8029,7869,-1,8039,7869,7973,-1,7973,7869,174,-1,7973,174,176,-1,7891,7928,7892,-1,7892,7928,7927,-1,7892,7927,8040,-1,8040,7927,8030,-1,8040,8030,8041,-1,8041,8030,8031,-1,8041,8031,8042,-1,8042,8031,8032,-1,8042,8032,8043,-1,8043,8032,8033,-1,8043,8033,8044,-1,8044,8033,8034,-1,8044,8034,8045,-1,8045,8034,8035,-1,8045,8035,8046,-1,8046,8035,8036,-1,8046,8036,8047,-1,8047,8036,8037,-1,8047,8037,8048,-1,8048,8037,8038,-1,8048,8038,8049,-1,8049,8038,8039,-1,8049,8039,8050,-1,8050,8039,7973,-1,8050,7973,7972,-1,7972,7973,178,-1,7972,178,180,-1,260,7932,8051,-1,8051,7932,7892,-1,8051,7892,8052,-1,8052,7892,8040,-1,8052,8040,8053,-1,8053,8040,8041,-1,8053,8041,8054,-1,8054,8041,8042,-1,8054,8042,8055,-1,8055,8042,8043,-1,8055,8043,8056,-1,8056,8043,8044,-1,8056,8044,8057,-1,8057,8044,8045,-1,8057,8045,8058,-1,8058,8045,8046,-1,8058,8046,8059,-1,8059,8046,8047,-1,8059,8047,8060,-1,8060,8047,8048,-1,8060,8048,8061,-1,8061,8048,8049,-1,8061,8049,8062,-1,8062,8049,8050,-1,8062,8050,8063,-1,8063,8050,7972,-1,8063,7972,7971,-1,7971,7972,182,-1,7971,182,184,-1,7888,8064,7889,-1,7889,8064,8065,-1,7889,8065,8066,-1,7885,8067,7886,-1,7886,8067,8068,-1,7886,8068,8069,-1,8069,8068,8070,-1,8069,8070,8071,-1,8071,8070,8072,-1,8071,8072,8073,-1,7945,7937,7943,-1,7943,7937,7934,-1,7943,7934,8074,-1,8074,7934,8075,-1,8074,8075,8076,-1,8076,8075,8077,-1,8076,8077,8078,-1,8078,8077,8079,-1,8078,8079,8080,-1,8080,8079,8081,-1,8080,8081,8082,-1,8082,8081,8083,-1,8082,8083,8084,-1,8084,8083,8085,-1,8084,8085,8086,-1,7946,7948,8087,-1,8087,7948,8088,-1,8087,8088,8089,-1,8089,8088,8090,-1,8089,8090,8091,-1,8091,8090,8092,-1,8091,8092,8093,-1,8093,8092,8094,-1,8093,8094,8095,-1,8095,8094,8096,-1,8095,8096,8097,-1,8097,8096,8098,-1,8097,8098,8099,-1,8099,8098,8100,-1,8099,8100,8101,-1,8101,8100,8102,-1,8101,8102,8103,-1,7955,7951,7956,-1,7956,7951,7953,-1,7956,7953,8104,-1,8104,7953,8105,-1,8104,8105,8106,-1,8106,8105,8107,-1,8106,8107,8108,-1,8108,8107,8109,-1,8108,8109,8110,-1,8110,8109,8111,-1,8110,8111,8112,-1,8112,8111,8113,-1,8112,8113,8114,-1,8114,8113,8115,-1,8114,8115,8116,-1,8116,8115,8117,-1,8116,8117,8118,-1,8118,8117,8119,-1,8118,8119,8120,-1,8120,8119,8121,-1,8120,8121,8122,-1,8122,8121,8123,-1,8122,8123,8124,-1,8124,8123,8125,-1,8124,8125,8126,-1,1752,7903,7902,-1,7902,7903,8127,-1,7902,8127,8128,-1,8128,8127,8129,-1,8128,8129,8130,-1,8130,8129,8131,-1,8130,8131,8132,-1,8132,8131,8133,-1,8132,8133,8134,-1,8134,8133,8135,-1,8134,8135,8136,-1,8136,8135,8137,-1,8136,8137,8138,-1,8138,8137,8139,-1,8138,8139,8140,-1,8140,8139,8141,-1,8140,8141,8142,-1,8142,8141,8143,-1,8142,8143,8144,-1,8144,8143,8145,-1,8144,8145,8146,-1,8146,8145,8147,-1,8146,8147,8148,-1,8148,8147,8149,-1,8148,8149,8150,-1,8150,8149,8151,-1,8150,8151,8152,-1,246,7905,7957,-1,7957,7905,8153,-1,7957,8153,8154,-1,8154,8153,8155,-1,8154,8155,8156,-1,8156,8155,8157,-1,8156,8157,8158,-1,8158,8157,8159,-1,8158,8159,8160,-1,8160,8159,8161,-1,8160,8161,8162,-1,8162,8161,8163,-1,8162,8163,8164,-1,8164,8163,8165,-1,8164,8165,8166,-1,8166,8165,8167,-1,8166,8167,8168,-1,8168,8167,8169,-1,8168,8169,8170,-1,8170,8169,8171,-1,8170,8171,8172,-1,8172,8171,8173,-1,8172,8173,8174,-1,8174,8173,8175,-1,8174,8175,8176,-1,8176,8175,8177,-1,8176,8177,8178,-1,254,7958,7874,-1,7874,7958,8179,-1,7874,8179,8180,-1,8180,8179,8181,-1,8180,8181,8182,-1,8182,8181,8183,-1,8182,8183,8184,-1,8184,8183,8185,-1,8184,8185,8186,-1,8186,8185,8187,-1,8186,8187,8188,-1,8188,8187,8189,-1,8188,8189,8190,-1,8190,8189,8191,-1,8190,8191,8192,-1,8192,8191,8193,-1,8192,8193,8194,-1,8194,8193,8195,-1,8194,8195,8196,-1,8196,8195,8197,-1,8196,8197,8198,-1,8198,8197,8199,-1,8198,8199,8200,-1,8200,8199,8201,-1,8200,8201,8202,-1,8202,8201,8203,-1,8202,8203,8204,-1,235,7961,7962,-1,7962,7961,8205,-1,7962,8205,8206,-1,8206,8205,8207,-1,8206,8207,8208,-1,8208,8207,8209,-1,8208,8209,8210,-1,8210,8209,8211,-1,8210,8211,8212,-1,8212,8211,8213,-1,8212,8213,8214,-1,8214,8213,8215,-1,8214,8215,8216,-1,8216,8215,8217,-1,8216,8217,8218,-1,8218,8217,8219,-1,8218,8219,8220,-1,8220,8219,8221,-1,8220,8221,8222,-1,8222,8221,8223,-1,8222,8223,8224,-1,8224,8223,8225,-1,8224,8225,8226,-1,8226,8225,8227,-1,8226,8227,8228,-1,8228,8227,8229,-1,8228,8229,8230,-1,242,7963,7873,-1,7873,7963,8231,-1,7873,8231,8232,-1,8232,8231,8233,-1,8232,8233,8234,-1,8234,8233,8235,-1,8234,8235,8236,-1,8236,8235,8237,-1,8236,8237,8238,-1,8238,8237,8239,-1,8238,8239,8240,-1,8240,8239,8241,-1,8240,8241,8242,-1,8242,8241,8243,-1,8242,8243,8244,-1,8244,8243,8245,-1,8244,8245,8246,-1,8246,8245,8247,-1,8246,8247,8248,-1,8248,8247,8249,-1,8248,8249,8250,-1,8250,8249,8251,-1,8250,8251,8252,-1,8252,8251,8253,-1,8252,8253,8254,-1,8254,8253,8255,-1,8254,8255,8256,-1,220,7965,7966,-1,7966,7965,8257,-1,7966,8257,8258,-1,8258,8257,8259,-1,8258,8259,8260,-1,8260,8259,8261,-1,8260,8261,8262,-1,8262,8261,8263,-1,8262,8263,8264,-1,8264,8263,8265,-1,8264,8265,8266,-1,8266,8265,8267,-1,8266,8267,8268,-1,8268,8267,8269,-1,8268,8269,8270,-1,8270,8269,8271,-1,8270,8271,8272,-1,8272,8271,8273,-1,8272,8273,8274,-1,8274,8273,8275,-1,8274,8275,8276,-1,8276,8275,8277,-1,8276,8277,8278,-1,8278,8277,8279,-1,8278,8279,8280,-1,8280,8279,8281,-1,8280,8281,8282,-1,210,7967,7872,-1,7872,7967,8283,-1,7872,8283,8284,-1,8284,8283,8285,-1,8284,8285,8286,-1,8286,8285,8287,-1,8286,8287,8288,-1,8288,8287,8289,-1,8288,8289,8290,-1,8290,8289,8291,-1,8290,8291,8292,-1,8292,8291,8293,-1,8292,8293,8294,-1,8294,8293,8295,-1,8294,8295,8296,-1,8296,8295,8297,-1,8296,8297,8298,-1,8298,8297,8299,-1,8298,8299,8300,-1,8300,8299,8301,-1,8300,8301,8302,-1,8302,8301,8303,-1,8302,8303,8304,-1,8304,8303,8305,-1,8304,8305,8306,-1,8306,8305,8307,-1,8306,8307,8308,-1,200,7968,7969,-1,7969,7968,8309,-1,7969,8309,8310,-1,8310,8309,8311,-1,8310,8311,8312,-1,8312,8311,8313,-1,8312,8313,8314,-1,8314,8313,8315,-1,8314,8315,8316,-1,8316,8315,8317,-1,8316,8317,8318,-1,8318,8317,8319,-1,8318,8319,8320,-1,8320,8319,8321,-1,8320,8321,8322,-1,8322,8321,8323,-1,8322,8323,8324,-1,8324,8323,8325,-1,8324,8325,8326,-1,8326,8325,8327,-1,8326,8327,8328,-1,8328,8327,8329,-1,8328,8329,8330,-1,8330,8329,8331,-1,8330,8331,8332,-1,8332,8331,8333,-1,8332,8333,8334,-1,192,7970,7871,-1,7871,7970,8335,-1,7871,8335,8336,-1,8336,8335,8337,-1,8336,8337,8338,-1,8338,8337,8339,-1,8338,8339,8340,-1,8340,8339,8341,-1,8340,8341,8342,-1,8342,8341,8343,-1,8342,8343,8344,-1,8344,8343,8345,-1,8344,8345,8346,-1,8346,8345,8347,-1,8346,8347,8348,-1,8348,8347,8349,-1,8348,8349,8350,-1,8350,8349,8351,-1,8350,8351,8352,-1,8352,8351,8353,-1,8352,8353,8354,-1,8354,8353,8355,-1,8354,8355,8356,-1,8356,8355,8357,-1,8356,8357,8358,-1,8358,8357,8359,-1,8358,8359,8360,-1,8064,8361,8065,-1,8065,8361,392,-1,8065,392,8066,-1,8066,392,390,-1,8066,390,388,-1,8067,7887,8068,-1,8068,7887,7889,-1,8068,7889,8070,-1,8070,7889,8066,-1,8070,8066,8072,-1,8072,8066,388,-1,7882,7884,7883,-1,7883,7884,7886,-1,7883,7886,8362,-1,8362,7886,8069,-1,8362,8069,8363,-1,8363,8069,8071,-1,8363,8071,8364,-1,8364,8071,8073,-1,8364,8073,8365,-1,8365,8073,380,-1,8365,380,378,-1,388,386,8072,-1,8072,386,384,-1,8072,384,8073,-1,8073,384,382,-1,8073,382,380,-1,7879,7881,7880,-1,7880,7881,7883,-1,7880,7883,8366,-1,8366,7883,8362,-1,8366,8362,8367,-1,8367,8362,8363,-1,8367,8363,8368,-1,8368,8363,8364,-1,8368,8364,8369,-1,8369,8364,8365,-1,8369,8365,7865,-1,7865,8365,378,-1,7865,378,376,-1,7933,7878,7934,-1,7934,7878,7880,-1,7934,7880,8075,-1,8075,7880,8366,-1,8075,8366,8077,-1,8077,8366,8367,-1,8077,8367,8079,-1,8079,8367,8368,-1,8079,8368,8081,-1,8081,8368,8369,-1,8081,8369,8083,-1,8083,8369,7865,-1,8083,7865,8085,-1,8085,7865,374,-1,374,372,8085,-1,8085,372,370,-1,8085,370,8086,-1,8086,370,368,-1,8086,368,366,-1,7949,7941,7948,-1,7948,7941,7943,-1,7948,7943,8088,-1,8088,7943,8074,-1,8088,8074,8090,-1,8090,8074,8076,-1,8090,8076,8092,-1,8092,8076,8078,-1,8092,8078,8094,-1,8094,8078,8080,-1,8094,8080,8096,-1,8096,8080,8082,-1,8096,8082,8098,-1,8098,8082,8084,-1,8098,8084,8100,-1,8100,8084,8086,-1,8100,8086,8102,-1,8102,8086,366,-1,7876,7947,7877,-1,7877,7947,7946,-1,7877,7946,8370,-1,8370,7946,8087,-1,8370,8087,8371,-1,8371,8087,8089,-1,8371,8089,8372,-1,8372,8089,8091,-1,8372,8091,8373,-1,8373,8091,8093,-1,8373,8093,8374,-1,8374,8093,8095,-1,8374,8095,8375,-1,8375,8095,8097,-1,8375,8097,8376,-1,8376,8097,8099,-1,8376,8099,8377,-1,8377,8099,8101,-1,8377,8101,8378,-1,8378,8101,8103,-1,8378,8103,8379,-1,8379,8103,358,-1,8379,358,356,-1,366,364,8102,-1,8102,364,362,-1,8102,362,8103,-1,8103,362,360,-1,8103,360,358,-1,7952,7950,7953,-1,7953,7950,7877,-1,7953,7877,8105,-1,8105,7877,8370,-1,8105,8370,8107,-1,8107,8370,8371,-1,8107,8371,8109,-1,8109,8371,8372,-1,8109,8372,8111,-1,8111,8372,8373,-1,8111,8373,8113,-1,8113,8373,8374,-1,8113,8374,8115,-1,8115,8374,8375,-1,8115,8375,8117,-1,8117,8375,8376,-1,8117,8376,8119,-1,8119,8376,8377,-1,8119,8377,8121,-1,8121,8377,8378,-1,8121,8378,8123,-1,8123,8378,8379,-1,8123,8379,8125,-1,8125,8379,356,-1,356,354,8125,-1,8125,354,352,-1,8125,352,8126,-1,8126,352,350,-1,8126,350,348,-1,1750,7954,7903,-1,7903,7954,7956,-1,7903,7956,8127,-1,8127,7956,8104,-1,8127,8104,8129,-1,8129,8104,8106,-1,8129,8106,8131,-1,8131,8106,8108,-1,8131,8108,8133,-1,8133,8108,8110,-1,8133,8110,8135,-1,8135,8110,8112,-1,8135,8112,8137,-1,8137,8112,8114,-1,8137,8114,8139,-1,8139,8114,8116,-1,8139,8116,8141,-1,8141,8116,8118,-1,8141,8118,8143,-1,8143,8118,8120,-1,8143,8120,8145,-1,8145,8120,8122,-1,8145,8122,8147,-1,8147,8122,8124,-1,8147,8124,8149,-1,8149,8124,8126,-1,8149,8126,8151,-1,8151,8126,348,-1,1746,7902,7904,-1,7904,7902,8128,-1,7904,8128,8380,-1,8380,8128,8130,-1,8380,8130,8381,-1,8381,8130,8132,-1,8381,8132,8382,-1,8382,8132,8134,-1,8382,8134,8383,-1,8383,8134,8136,-1,8383,8136,8384,-1,8384,8136,8138,-1,8384,8138,8385,-1,8385,8138,8140,-1,8385,8140,8386,-1,8386,8140,8142,-1,8386,8142,8387,-1,8387,8142,8144,-1,8387,8144,8388,-1,8388,8144,8146,-1,8388,8146,8389,-1,8389,8146,8148,-1,8389,8148,8390,-1,8390,8148,8150,-1,8390,8150,8391,-1,8391,8150,8152,-1,8391,8152,8392,-1,8392,8152,340,-1,8392,340,338,-1,348,346,8151,-1,8151,346,344,-1,8151,344,8152,-1,8152,344,342,-1,8152,342,340,-1,338,8177,8392,-1,8392,8177,8175,-1,8392,8175,8391,-1,8391,8175,8173,-1,8391,8173,8390,-1,8390,8173,8171,-1,8390,8171,8389,-1,8389,8171,8169,-1,8389,8169,8388,-1,8388,8169,8167,-1,8388,8167,8387,-1,8387,8167,8165,-1,8387,8165,8386,-1,8386,8165,8163,-1,8386,8163,8385,-1,8385,8163,8161,-1,8385,8161,8384,-1,8384,8161,8159,-1,8384,8159,8383,-1,8383,8159,8157,-1,8383,8157,8382,-1,8382,8157,8155,-1,8382,8155,8381,-1,8381,8155,8153,-1,8381,8153,8380,-1,8380,8153,7905,-1,8380,7905,7904,-1,7904,7905,243,-1,7904,243,1740,-1,338,336,8177,-1,8177,336,334,-1,8177,334,8178,-1,8178,334,332,-1,8178,332,330,-1,330,8203,8178,-1,8178,8203,8201,-1,8178,8201,8176,-1,8176,8201,8199,-1,8176,8199,8174,-1,8174,8199,8197,-1,8174,8197,8172,-1,8172,8197,8195,-1,8172,8195,8170,-1,8170,8195,8193,-1,8170,8193,8168,-1,8168,8193,8191,-1,8168,8191,8166,-1,8166,8191,8189,-1,8166,8189,8164,-1,8164,8189,8187,-1,8164,8187,8162,-1,8162,8187,8185,-1,8162,8185,8160,-1,8160,8185,8183,-1,8160,8183,8158,-1,8158,8183,8181,-1,8158,8181,8156,-1,8156,8181,8179,-1,8156,8179,8154,-1,8154,8179,7958,-1,8154,7958,7957,-1,7957,7958,250,-1,7957,250,248,-1,256,7874,7959,-1,7959,7874,8180,-1,7959,8180,8393,-1,8393,8180,8182,-1,8393,8182,8394,-1,8394,8182,8184,-1,8394,8184,8395,-1,8395,8184,8186,-1,8395,8186,8396,-1,8396,8186,8188,-1,8396,8188,8397,-1,8397,8188,8190,-1,8397,8190,8398,-1,8398,8190,8192,-1,8398,8192,8399,-1,8399,8192,8194,-1,8399,8194,8400,-1,8400,8194,8196,-1,8400,8196,8401,-1,8401,8196,8198,-1,8401,8198,8402,-1,8402,8198,8200,-1,8402,8200,8403,-1,8403,8200,8202,-1,8403,8202,8404,-1,8404,8202,8204,-1,8404,8204,8405,-1,8405,8204,322,-1,8405,322,320,-1,330,328,8203,-1,8203,328,326,-1,8203,326,8204,-1,8204,326,324,-1,8204,324,322,-1,227,7959,7960,-1,7960,7959,8393,-1,7960,8393,8406,-1,8406,8393,8394,-1,8406,8394,8407,-1,8407,8394,8395,-1,8407,8395,8408,-1,8408,8395,8396,-1,8408,8396,8409,-1,8409,8396,8397,-1,8409,8397,8410,-1,8410,8397,8398,-1,8410,8398,8411,-1,8411,8398,8399,-1,8411,8399,8412,-1,8412,8399,8400,-1,8412,8400,8413,-1,8413,8400,8401,-1,8413,8401,8414,-1,8414,8401,8402,-1,8414,8402,8415,-1,8415,8402,8403,-1,8415,8403,8416,-1,8416,8403,8404,-1,8416,8404,8417,-1,8417,8404,8405,-1,8417,8405,7864,-1,7864,8405,320,-1,7864,320,318,-1,316,8229,7864,-1,7864,8229,8227,-1,7864,8227,8417,-1,8417,8227,8225,-1,8417,8225,8416,-1,8416,8225,8223,-1,8416,8223,8415,-1,8415,8223,8221,-1,8415,8221,8414,-1,8414,8221,8219,-1,8414,8219,8413,-1,8413,8219,8217,-1,8413,8217,8412,-1,8412,8217,8215,-1,8412,8215,8411,-1,8411,8215,8213,-1,8411,8213,8410,-1,8410,8213,8211,-1,8410,8211,8409,-1,8409,8211,8209,-1,8409,8209,8408,-1,8408,8209,8207,-1,8408,8207,8407,-1,8407,8207,8205,-1,8407,8205,8406,-1,8406,8205,7961,-1,8406,7961,7960,-1,7960,7961,231,-1,7960,231,229,-1,316,314,8229,-1,8229,314,312,-1,8229,312,8230,-1,8230,312,310,-1,8230,310,308,-1,308,8255,8230,-1,8230,8255,8253,-1,8230,8253,8228,-1,8228,8253,8251,-1,8228,8251,8226,-1,8226,8251,8249,-1,8226,8249,8224,-1,8224,8249,8247,-1,8224,8247,8222,-1,8222,8247,8245,-1,8222,8245,8220,-1,8220,8245,8243,-1,8220,8243,8218,-1,8218,8243,8241,-1,8218,8241,8216,-1,8216,8241,8239,-1,8216,8239,8214,-1,8214,8239,8237,-1,8214,8237,8212,-1,8212,8237,8235,-1,8212,8235,8210,-1,8210,8235,8233,-1,8210,8233,8208,-1,8208,8233,8231,-1,8208,8231,8206,-1,8206,8231,7963,-1,8206,7963,7962,-1,7962,7963,239,-1,7962,239,237,-1,136,7873,7964,-1,7964,7873,8232,-1,7964,8232,8418,-1,8418,8232,8234,-1,8418,8234,8419,-1,8419,8234,8236,-1,8419,8236,8420,-1,8420,8236,8238,-1,8420,8238,8421,-1,8421,8238,8240,-1,8421,8240,8422,-1,8422,8240,8242,-1,8422,8242,8423,-1,8423,8242,8244,-1,8423,8244,8424,-1,8424,8244,8246,-1,8424,8246,8425,-1,8425,8246,8248,-1,8425,8248,8426,-1,8426,8248,8250,-1,8426,8250,8427,-1,8427,8250,8252,-1,8427,8252,8428,-1,8428,8252,8254,-1,8428,8254,8429,-1,8429,8254,8256,-1,8429,8256,8430,-1,8430,8256,300,-1,8430,300,298,-1,308,306,8255,-1,8255,306,304,-1,8255,304,8256,-1,8256,304,302,-1,8256,302,300,-1,298,8281,8430,-1,8430,8281,8279,-1,8430,8279,8429,-1,8429,8279,8277,-1,8429,8277,8428,-1,8428,8277,8275,-1,8428,8275,8427,-1,8427,8275,8273,-1,8427,8273,8426,-1,8426,8273,8271,-1,8426,8271,8425,-1,8425,8271,8269,-1,8425,8269,8424,-1,8424,8269,8267,-1,8424,8267,8423,-1,8423,8267,8265,-1,8423,8265,8422,-1,8422,8265,8263,-1,8422,8263,8421,-1,8421,8263,8261,-1,8421,8261,8420,-1,8420,8261,8259,-1,8420,8259,8419,-1,8419,8259,8257,-1,8419,8257,8418,-1,8418,8257,7965,-1,8418,7965,7964,-1,7964,7965,224,-1,7964,224,225,-1,298,296,8281,-1,8281,296,294,-1,8281,294,8282,-1,8282,294,292,-1,8282,292,290,-1,290,8307,8282,-1,8282,8307,8305,-1,8282,8305,8280,-1,8280,8305,8303,-1,8280,8303,8278,-1,8278,8303,8301,-1,8278,8301,8276,-1,8276,8301,8299,-1,8276,8299,8274,-1,8274,8299,8297,-1,8274,8297,8272,-1,8272,8297,8295,-1,8272,8295,8270,-1,8270,8295,8293,-1,8270,8293,8268,-1,8268,8293,8291,-1,8268,8291,8266,-1,8266,8291,8289,-1,8266,8289,8264,-1,8264,8289,8287,-1,8264,8287,8262,-1,8262,8287,8285,-1,8262,8285,8260,-1,8260,8285,8283,-1,8260,8283,8258,-1,8258,8283,7967,-1,8258,7967,7966,-1,7966,7967,216,-1,7966,216,218,-1,206,7872,8431,-1,8431,7872,8284,-1,8431,8284,8432,-1,8432,8284,8286,-1,8432,8286,8433,-1,8433,8286,8288,-1,8433,8288,8434,-1,8434,8288,8290,-1,8434,8290,8435,-1,8435,8290,8292,-1,8435,8292,8436,-1,8436,8292,8294,-1,8436,8294,8437,-1,8437,8294,8296,-1,8437,8296,8438,-1,8438,8296,8298,-1,8438,8298,8439,-1,8439,8298,8300,-1,8439,8300,8440,-1,8440,8300,8302,-1,8440,8302,8441,-1,8441,8302,8304,-1,8441,8304,8442,-1,8442,8304,8306,-1,8442,8306,8443,-1,8443,8306,8308,-1,8443,8308,8444,-1,8444,8308,282,-1,8444,282,280,-1,290,288,8307,-1,8307,288,286,-1,8307,286,8308,-1,8308,286,284,-1,8308,284,282,-1,280,8333,8444,-1,8444,8333,8331,-1,8444,8331,8443,-1,8443,8331,8329,-1,8443,8329,8442,-1,8442,8329,8327,-1,8442,8327,8441,-1,8441,8327,8325,-1,8441,8325,8440,-1,8440,8325,8323,-1,8440,8323,8439,-1,8439,8323,8321,-1,8439,8321,8438,-1,8438,8321,8319,-1,8438,8319,8437,-1,8437,8319,8317,-1,8437,8317,8436,-1,8436,8317,8315,-1,8436,8315,8435,-1,8435,8315,8313,-1,8435,8313,8434,-1,8434,8313,8311,-1,8434,8311,8433,-1,8433,8311,8309,-1,8433,8309,8432,-1,8432,8309,7968,-1,8432,7968,8431,-1,8431,7968,204,-1,8431,204,206,-1,280,278,8333,-1,8333,278,276,-1,8333,276,8334,-1,8334,276,274,-1,8334,274,272,-1,272,8359,8334,-1,8334,8359,8357,-1,8334,8357,8332,-1,8332,8357,8355,-1,8332,8355,8330,-1,8330,8355,8353,-1,8330,8353,8328,-1,8328,8353,8351,-1,8328,8351,8326,-1,8326,8351,8349,-1,8326,8349,8324,-1,8324,8349,8347,-1,8324,8347,8322,-1,8322,8347,8345,-1,8322,8345,8320,-1,8320,8345,8343,-1,8320,8343,8318,-1,8318,8343,8341,-1,8318,8341,8316,-1,8316,8341,8339,-1,8316,8339,8314,-1,8314,8339,8337,-1,8314,8337,8312,-1,8312,8337,8335,-1,8312,8335,8310,-1,8310,8335,7970,-1,8310,7970,7969,-1,7969,7970,196,-1,7969,196,198,-1,188,7871,7870,-1,7870,7871,8336,-1,7870,8336,8445,-1,8445,8336,8338,-1,8445,8338,8446,-1,8446,8338,8340,-1,8446,8340,8447,-1,8447,8340,8342,-1,8447,8342,8448,-1,8448,8342,8344,-1,8448,8344,8449,-1,8449,8344,8346,-1,8449,8346,8450,-1,8450,8346,8348,-1,8450,8348,8451,-1,8451,8348,8350,-1,8451,8350,8452,-1,8452,8350,8352,-1,8452,8352,8453,-1,8453,8352,8354,-1,8453,8354,8454,-1,8454,8354,8356,-1,8454,8356,8455,-1,8455,8356,8358,-1,8455,8358,8456,-1,8456,8358,8360,-1,8456,8360,8457,-1,8457,8360,264,-1,8457,264,262,-1,272,270,8359,-1,8359,270,268,-1,8359,268,8360,-1,8360,268,266,-1,8360,266,264,-1,186,7870,7971,-1,7971,7870,8445,-1,7971,8445,8063,-1,8063,8445,8446,-1,8063,8446,8062,-1,8062,8446,8447,-1,8062,8447,8061,-1,8061,8447,8448,-1,8061,8448,8060,-1,8060,8448,8449,-1,8060,8449,8059,-1,8059,8449,8450,-1,8059,8450,8058,-1,8058,8450,8451,-1,8058,8451,8057,-1,8057,8451,8452,-1,8057,8452,8056,-1,8056,8452,8453,-1,8056,8453,8055,-1,8055,8453,8454,-1,8055,8454,8054,-1,8054,8454,8455,-1,8054,8455,8053,-1,8053,8455,8456,-1,8053,8456,8052,-1,8052,8456,8457,-1,8052,8457,8051,-1,8051,8457,262,-1,8051,262,260,-1,183,181,8458,-1,8459,8460,8461,-1,1817,1816,8462,-1,1907,1910,8463,-1,8463,1910,1909,-1,1908,213,8464,-1,8465,1905,1906,-1,8465,1901,1900,-1,1900,1899,8465,-1,8465,1899,1898,-1,8465,1898,1905,-1,1904,1903,8466,-1,8467,1890,1889,-1,1889,1897,8467,-1,8467,1897,1896,-1,8467,1896,1895,-1,8468,1868,1867,-1,1867,1894,8468,-1,8468,1894,1893,-1,8468,1893,1892,-1,8469,1871,1868,-1,1883,1882,8470,-1,8470,1882,1881,-1,8470,1881,1880,-1,1880,1878,8470,-1,8470,1878,1877,-1,8470,1877,1876,-1,1876,1875,8470,-1,8470,1875,1874,-1,8470,1874,1873,-1,1883,8470,1884,-1,1884,8470,8469,-1,1884,8469,1885,-1,1873,1872,8470,-1,8470,1872,1869,-1,8470,1869,8469,-1,8469,1869,1870,-1,8469,1870,1871,-1,1855,1866,8471,-1,8471,1866,1865,-1,1865,1863,8471,-1,8471,1863,1862,-1,8471,1862,8472,-1,8472,1862,1888,-1,8472,1888,1887,-1,1858,1856,8473,-1,8473,1856,1855,-1,8474,1860,1859,-1,8475,1850,1861,-1,1860,8474,1861,-1,1854,1853,8475,-1,8475,1853,1851,-1,8475,1851,1850,-1,1847,1854,8476,-1,1836,1846,8477,-1,8477,1846,1845,-1,8477,1845,1849,-1,1849,1848,8478,-1,1840,1839,8479,-1,8479,1839,1837,-1,1843,1842,8479,-1,8479,1842,1841,-1,8479,1841,1840,-1,8480,1832,1843,-1,1718,1835,8480,-1,8480,1835,1833,-1,8480,1833,1832,-1,1719,8481,1829,-1,1829,8481,1830,-1,1827,1825,8482,-1,8482,1825,1824,-1,8482,1824,1831,-1,1721,1828,8483,-1,8483,1828,1827,-1,1822,1821,8484,-1,8484,1821,1722,-1,1819,1818,8485,-1,8485,1818,1725,-1,8485,1725,1724,-1,1724,1823,8486,-1,1816,1814,8462,-1,8462,1814,1813,-1,8462,1813,1820,-1,1810,1728,8487,-1,8487,1728,1727,-1,8487,1727,1817,-1,8488,1812,1811,-1,8489,1808,1807,-1,1802,1809,8490,-1,1802,8490,1803,-1,1808,8489,1809,-1,1798,1797,8491,-1,8491,1797,1806,-1,1806,1805,8490,-1,8490,1805,1804,-1,8490,1804,1803,-1,1793,1792,8492,-1,8492,1792,1800,-1,8493,8494,8492,-1,8492,8494,8495,-1,1793,8492,1794,-1,1794,8492,8495,-1,1794,8495,1795,-1,1796,1795,1786,-1,1786,1795,8495,-1,1786,8495,1787,-1,1787,8495,1789,-1,1784,1782,8496,-1,8496,1782,1781,-1,8496,1781,1790,-1,1777,1776,8497,-1,8497,1776,1785,-1,1774,1773,8498,-1,8498,1773,1780,-1,8498,1780,1779,-1,8499,1770,1769,-1,1767,1766,8500,-1,8500,1766,1731,-1,8500,1731,1730,-1,1770,8499,1772,-1,1764,1762,8501,-1,8501,1762,1761,-1,8501,1761,1768,-1,1734,1733,8502,-1,8502,1733,1765,-1,1758,1734,8503,-1,8503,1734,8502,-1,8503,8502,8504,-1,8504,8502,8505,-1,8504,8505,8506,-1,8506,8505,8507,-1,8506,8507,8508,-1,8508,8507,8509,-1,8509,8507,8510,-1,8509,8510,8511,-1,8511,8510,8512,-1,8512,8510,8513,-1,8512,8513,8514,-1,8515,8516,8513,-1,8517,8518,8519,-1,8519,8518,8520,-1,8519,8520,8513,-1,8513,8520,8521,-1,8513,8521,8515,-1,8516,8522,8513,-1,8513,8522,8523,-1,8513,8523,8514,-1,8461,8460,8519,-1,8519,8460,8524,-1,8519,8524,8517,-1,8525,8526,8527,-1,8527,8528,8525,-1,8525,8528,8529,-1,8525,8529,8461,-1,8461,8529,8530,-1,8461,8530,8459,-1,8531,8532,8533,-1,8533,8534,8531,-1,8531,8534,8535,-1,8531,8535,8526,-1,8526,8535,8536,-1,8526,8536,8527,-1,138,8533,139,-1,139,8533,8532,-1,139,8532,141,-1,8537,8493,8538,-1,8538,8493,8492,-1,8538,8492,8491,-1,8491,8492,1800,-1,8491,1800,1798,-1,1790,1789,8496,-1,8496,1789,8495,-1,8496,8495,8539,-1,8539,8495,8494,-1,8539,8494,8540,-1,8540,8494,8493,-1,8540,8493,8541,-1,8541,8493,8537,-1,8541,8537,8542,-1,1785,1784,8497,-1,8497,1784,8496,-1,8497,8496,8543,-1,8543,8496,8539,-1,8543,8539,8544,-1,8544,8539,8540,-1,8544,8540,8545,-1,8545,8540,8541,-1,8545,8541,8546,-1,8546,8541,8542,-1,8546,8542,8547,-1,1779,1777,8498,-1,8498,1777,8497,-1,8498,8497,8548,-1,8548,8497,8543,-1,8548,8543,8549,-1,8549,8543,8544,-1,8549,8544,8550,-1,8550,8544,8545,-1,8550,8545,8551,-1,8551,8545,8546,-1,8551,8546,8552,-1,8552,8546,8547,-1,8552,8547,8553,-1,1769,1775,8499,-1,8499,1775,1774,-1,8499,1774,8554,-1,8554,1774,8498,-1,8554,8498,8555,-1,8555,8498,8548,-1,8555,8548,8556,-1,8556,8548,8549,-1,8556,8549,8557,-1,8557,8549,8550,-1,8557,8550,8558,-1,8558,8550,8551,-1,8558,8551,8559,-1,8559,8551,8552,-1,8559,8552,8560,-1,8560,8552,8553,-1,8560,8553,8561,-1,8562,8471,8468,-1,8468,8471,8472,-1,8468,8472,1868,-1,1868,8472,1887,-1,1868,1887,8469,-1,8469,1887,1886,-1,8469,1886,1885,-1,1730,1772,8500,-1,8500,1772,8499,-1,8500,8499,8563,-1,8563,8499,8554,-1,8563,8554,8564,-1,8564,8554,8555,-1,8564,8555,8565,-1,8565,8555,8556,-1,8565,8556,8566,-1,8566,8556,8557,-1,8566,8557,8567,-1,8567,8557,8558,-1,8567,8558,8568,-1,8568,8558,8559,-1,8568,8559,8569,-1,8569,8559,8560,-1,8569,8560,8570,-1,8570,8560,8561,-1,8570,8561,8571,-1,1892,1891,8468,-1,8468,1891,1890,-1,8468,1890,8562,-1,8562,1890,8467,-1,8562,8467,8466,-1,8466,8467,1895,-1,8466,1895,1904,-1,1855,8471,8473,-1,8473,8471,8562,-1,8473,8562,8572,-1,8572,8562,8466,-1,8572,8466,8573,-1,1768,1767,8501,-1,8501,1767,8500,-1,8501,8500,8574,-1,8574,8500,8563,-1,8574,8563,8575,-1,8575,8563,8564,-1,8575,8564,8576,-1,8576,8564,8565,-1,8576,8565,8577,-1,8577,8565,8566,-1,8577,8566,8578,-1,8578,8566,8567,-1,8578,8567,8579,-1,8579,8567,8568,-1,8579,8568,8580,-1,8580,8568,8569,-1,8580,8569,8581,-1,8581,8569,8570,-1,8581,8570,8582,-1,8582,8570,8571,-1,8582,8571,8583,-1,1903,1902,8466,-1,8466,1902,1901,-1,8466,1901,8573,-1,8573,1901,8465,-1,8573,8465,8463,-1,8463,8465,1906,-1,8463,1906,1907,-1,1859,1858,8474,-1,8474,1858,8473,-1,8474,8473,8584,-1,8584,8473,8572,-1,8584,8572,8585,-1,8585,8572,8573,-1,8585,8573,8586,-1,8586,8573,8463,-1,8586,8463,8464,-1,8464,8463,1909,-1,8464,1909,1908,-1,1861,8474,8475,-1,8475,8474,8584,-1,8475,8584,8587,-1,8587,8584,8585,-1,8587,8585,8588,-1,8588,8585,8586,-1,8588,8586,8589,-1,8589,8586,8464,-1,8589,8464,8590,-1,1849,8478,8477,-1,8477,8478,8591,-1,8477,8591,8592,-1,8592,8591,8593,-1,8592,8593,8594,-1,8594,8593,8595,-1,8594,8595,8596,-1,8596,8595,8597,-1,8596,8597,8598,-1,8598,8597,8599,-1,8598,8599,8600,-1,1843,8479,8480,-1,8480,8479,8601,-1,8480,8601,8602,-1,8602,8601,8603,-1,8602,8603,8604,-1,8604,8603,8605,-1,8604,8605,8606,-1,8606,8605,8607,-1,8606,8607,8608,-1,8608,8607,8609,-1,8608,8609,8610,-1,1827,8482,8483,-1,8483,8482,8611,-1,8483,8611,8612,-1,8612,8611,8613,-1,8612,8613,8614,-1,8614,8613,8615,-1,8614,8615,8616,-1,8616,8615,8617,-1,8616,8617,8618,-1,8618,8617,8619,-1,8618,8619,8620,-1,8620,8619,8621,-1,8620,8621,8622,-1,1823,1822,8486,-1,8486,1822,8484,-1,8486,8484,8623,-1,8623,8484,8624,-1,8623,8624,8625,-1,8625,8624,8626,-1,8625,8626,8627,-1,8627,8626,8628,-1,8627,8628,8629,-1,8629,8628,8630,-1,8629,8630,8631,-1,8631,8630,8632,-1,8631,8632,8633,-1,8633,8632,8634,-1,8633,8634,8635,-1,1817,8462,8487,-1,8487,8462,8636,-1,8487,8636,8637,-1,8637,8636,8638,-1,8637,8638,8639,-1,8639,8638,8640,-1,8639,8640,8641,-1,8641,8640,8642,-1,8641,8642,8643,-1,8643,8642,8644,-1,8643,8644,8645,-1,8645,8644,8646,-1,8645,8646,8647,-1,8647,8646,8648,-1,8647,8648,8649,-1,1807,1812,8489,-1,8489,1812,8488,-1,8489,8488,8650,-1,8650,8488,8651,-1,8650,8651,8652,-1,8652,8651,8653,-1,8652,8653,8654,-1,8654,8653,8655,-1,8654,8655,8656,-1,8656,8655,8657,-1,8656,8657,8658,-1,8658,8657,8659,-1,8658,8659,8660,-1,8660,8659,8661,-1,8660,8661,8662,-1,8662,8661,8663,-1,8662,8663,8664,-1,1854,8475,8476,-1,8476,8475,8587,-1,8476,8587,8665,-1,8665,8587,8588,-1,8665,8588,8666,-1,8666,8588,8589,-1,8666,8589,8667,-1,8667,8589,8590,-1,8667,8590,8668,-1,8668,8590,205,-1,8668,205,203,-1,213,212,8464,-1,8464,212,209,-1,8464,209,8590,-1,8590,209,207,-1,8590,207,205,-1,1848,1847,8478,-1,8478,1847,8476,-1,8478,8476,8591,-1,8591,8476,8665,-1,8591,8665,8593,-1,8593,8665,8666,-1,8593,8666,8595,-1,8595,8666,8667,-1,8595,8667,8597,-1,8597,8667,8668,-1,8597,8668,8599,-1,8599,8668,203,-1,203,201,8599,-1,8599,201,199,-1,8599,199,8600,-1,8600,199,197,-1,8600,197,195,-1,195,8609,8600,-1,8600,8609,8607,-1,8600,8607,8598,-1,8598,8607,8605,-1,8598,8605,8596,-1,8596,8605,8603,-1,8596,8603,8594,-1,8594,8603,8601,-1,8594,8601,8592,-1,8592,8601,8479,-1,8592,8479,8477,-1,8477,8479,1837,-1,8477,1837,1836,-1,1718,8480,8669,-1,8669,8480,8602,-1,8669,8602,8670,-1,8670,8602,8604,-1,8670,8604,8671,-1,8671,8604,8606,-1,8671,8606,8672,-1,8672,8606,8608,-1,8672,8608,8673,-1,8673,8608,8610,-1,8673,8610,8674,-1,8674,8610,187,-1,8674,187,185,-1,195,193,8609,-1,8609,193,191,-1,8609,191,8610,-1,8610,191,189,-1,8610,189,187,-1,1719,1718,8481,-1,8481,1718,8669,-1,8481,8669,8675,-1,8675,8669,8670,-1,8675,8670,8676,-1,8676,8670,8671,-1,8676,8671,8677,-1,8677,8671,8672,-1,8677,8672,8678,-1,8678,8672,8673,-1,8678,8673,8679,-1,8679,8673,8674,-1,8679,8674,8458,-1,8458,8674,185,-1,8458,185,183,-1,181,8621,8458,-1,8458,8621,8619,-1,8458,8619,8679,-1,8679,8619,8617,-1,8679,8617,8678,-1,8678,8617,8615,-1,8678,8615,8677,-1,8677,8615,8613,-1,8677,8613,8676,-1,8676,8613,8611,-1,8676,8611,8675,-1,8675,8611,8482,-1,8675,8482,8481,-1,8481,8482,1831,-1,8481,1831,1830,-1,181,179,8621,-1,8621,179,177,-1,8621,177,8622,-1,8622,177,175,-1,8622,175,173,-1,173,8634,8622,-1,8622,8634,8632,-1,8622,8632,8620,-1,8620,8632,8630,-1,8620,8630,8618,-1,8618,8630,8628,-1,8618,8628,8616,-1,8616,8628,8626,-1,8616,8626,8614,-1,8614,8626,8624,-1,8614,8624,8612,-1,8612,8624,8484,-1,8612,8484,8483,-1,8483,8484,1722,-1,8483,1722,1721,-1,1724,8486,8485,-1,8485,8486,8623,-1,8485,8623,8680,-1,8680,8623,8625,-1,8680,8625,8681,-1,8681,8625,8627,-1,8681,8627,8682,-1,8682,8627,8629,-1,8682,8629,8683,-1,8683,8629,8631,-1,8683,8631,8684,-1,8684,8631,8633,-1,8684,8633,8685,-1,8685,8633,8635,-1,8685,8635,8686,-1,8686,8635,165,-1,8686,165,163,-1,173,171,8634,-1,8634,171,169,-1,8634,169,8635,-1,8635,169,167,-1,8635,167,165,-1,163,8648,8686,-1,8686,8648,8646,-1,8686,8646,8685,-1,8685,8646,8644,-1,8685,8644,8684,-1,8684,8644,8642,-1,8684,8642,8683,-1,8683,8642,8640,-1,8683,8640,8682,-1,8682,8640,8638,-1,8682,8638,8681,-1,8681,8638,8636,-1,8681,8636,8680,-1,8680,8636,8462,-1,8680,8462,8485,-1,8485,8462,1820,-1,8485,1820,1819,-1,163,161,8648,-1,8648,161,159,-1,8648,159,8649,-1,8649,159,157,-1,8649,157,155,-1,155,8663,8649,-1,8649,8663,8661,-1,8649,8661,8647,-1,8647,8661,8659,-1,8647,8659,8645,-1,8645,8659,8657,-1,8645,8657,8643,-1,8643,8657,8655,-1,8643,8655,8641,-1,8641,8655,8653,-1,8641,8653,8639,-1,8639,8653,8651,-1,8639,8651,8637,-1,8637,8651,8488,-1,8637,8488,8487,-1,8487,8488,1811,-1,8487,1811,1810,-1,1809,8489,8490,-1,8490,8489,8650,-1,8490,8650,8687,-1,8687,8650,8652,-1,8687,8652,8688,-1,8688,8652,8654,-1,8688,8654,8689,-1,8689,8654,8656,-1,8689,8656,8690,-1,8690,8656,8658,-1,8690,8658,8691,-1,8691,8658,8660,-1,8691,8660,8692,-1,8692,8660,8662,-1,8692,8662,8693,-1,8693,8662,8664,-1,8693,8664,8694,-1,8694,8664,147,-1,8694,147,145,-1,155,153,8663,-1,8663,153,151,-1,8663,151,8664,-1,8664,151,149,-1,8664,149,147,-1,1806,8490,8491,-1,8491,8490,8687,-1,8491,8687,8538,-1,8538,8687,8688,-1,8538,8688,8537,-1,8537,8688,8689,-1,8537,8689,8542,-1,8542,8689,8690,-1,8542,8690,8547,-1,8547,8690,8691,-1,8547,8691,8553,-1,8553,8691,8692,-1,8553,8692,8561,-1,8561,8692,8693,-1,8561,8693,8571,-1,8571,8693,8694,-1,8571,8694,8583,-1,8583,8694,145,-1,8583,145,143,-1,143,141,8583,-1,8583,141,8532,-1,8583,8532,8582,-1,8582,8532,8531,-1,8582,8531,8581,-1,8581,8531,8526,-1,8581,8526,8580,-1,8580,8526,8525,-1,8580,8525,8579,-1,8579,8525,8461,-1,8579,8461,8578,-1,8578,8461,8519,-1,8578,8519,8577,-1,8577,8519,8513,-1,8577,8513,8576,-1,8576,8513,8510,-1,8576,8510,8575,-1,8575,8510,8507,-1,8575,8507,8574,-1,8574,8507,8505,-1,8574,8505,8501,-1,8501,8505,8502,-1,8501,8502,1764,-1,1764,8502,1765,-1,1664,1666,8695,-1,1668,1670,8696,-1,1672,1674,8697,-1,1629,1631,8698,-1,1633,1635,8699,-1,1643,1645,8700,-1,1647,1649,8701,-1,8702,8703,8704,-1,8705,8706,8707,-1,8708,8709,8710,-1,8711,8712,8713,-1,8714,8715,8716,-1,8717,8718,1686,-1,1686,8718,8719,-1,8719,8720,1686,-1,1686,8720,8721,-1,1686,8721,8722,-1,8722,8723,1686,-1,1686,8723,8724,-1,1686,8724,8725,-1,8725,8726,1686,-1,1686,8726,8727,-1,1686,8727,1684,-1,8728,8729,8730,-1,8730,8729,8731,-1,8732,8733,8734,-1,8734,8733,8735,-1,8734,8735,8736,-1,8736,8735,8737,-1,8736,8737,8729,-1,8729,8737,8738,-1,8729,8738,8731,-1,8739,8740,8741,-1,8741,8740,8742,-1,8743,8744,8745,-1,8746,8747,8744,-1,8744,8747,8748,-1,8744,8748,8745,-1,8714,8716,8749,-1,8750,8751,8752,-1,8753,8754,8755,-1,8755,8754,8756,-1,8755,8756,8757,-1,8757,8756,8758,-1,8757,8758,8759,-1,8751,8750,8760,-1,8711,8713,8761,-1,8762,8763,8764,-1,8765,8766,8767,-1,8767,8766,8768,-1,8767,8768,8769,-1,8770,8771,8772,-1,8772,8771,8773,-1,8763,8762,8774,-1,8775,8776,8777,-1,8778,8779,8776,-1,8776,8779,8780,-1,8776,8780,8777,-1,8781,8782,8783,-1,8783,8782,8784,-1,8785,8786,8787,-1,8787,8786,8788,-1,8787,8788,8789,-1,8707,8790,8791,-1,8792,8793,8794,-1,8795,8796,8797,-1,8797,8796,8798,-1,8790,8707,8796,-1,8796,8707,8706,-1,8796,8706,8798,-1,8799,8800,8707,-1,8707,8800,8801,-1,8707,8801,8705,-1,8704,8703,8707,-1,8707,8703,8802,-1,8707,8802,8799,-1,8803,8804,8805,-1,8805,8804,8806,-1,8805,8806,8704,-1,8704,8806,8807,-1,8704,8807,8702,-1,8805,8808,8803,-1,8803,8808,8809,-1,8803,8809,8810,-1,8811,8812,8813,-1,8813,8812,8814,-1,8813,8814,8809,-1,8809,8814,8815,-1,8809,8815,8810,-1,8816,8817,8818,-1,8818,8817,8811,-1,8818,8811,8819,-1,8819,8811,8813,-1,1657,1659,8818,-1,8818,1659,1661,-1,8818,1661,8816,-1,1653,1655,8820,-1,1639,1641,8821,-1,1624,1627,8822,-1,1621,1662,8823,-1,1622,8736,1688,-1,1688,8736,8729,-1,1688,8729,1686,-1,1686,8729,8728,-1,1686,8728,8717,-1,1662,1664,8823,-1,8823,1664,8695,-1,8823,8695,8741,-1,8741,8695,8743,-1,8741,8743,8739,-1,8739,8743,8745,-1,1622,1621,8736,-1,8736,1621,8823,-1,8736,8823,8734,-1,8734,8823,8741,-1,8734,8741,8732,-1,8732,8741,8742,-1,1670,1672,8696,-1,8696,1672,8697,-1,8696,8697,8824,-1,8824,8697,8825,-1,8824,8825,8716,-1,8716,8825,8759,-1,8716,8759,8749,-1,8749,8759,8758,-1,1666,1668,8695,-1,8695,1668,8696,-1,8695,8696,8743,-1,8743,8696,8824,-1,8743,8824,8744,-1,8744,8824,8716,-1,8744,8716,8746,-1,8746,8716,8715,-1,1627,1629,8822,-1,8822,1629,8698,-1,8822,8698,8826,-1,8826,8698,8827,-1,8826,8827,8828,-1,8828,8827,8829,-1,8828,8829,8830,-1,8830,8829,8831,-1,8830,8831,8713,-1,8713,8831,8769,-1,8713,8769,8761,-1,8761,8769,8768,-1,1625,1624,8832,-1,8832,1624,8822,-1,8832,8822,8833,-1,8833,8822,8826,-1,8833,8826,8834,-1,8834,8826,8828,-1,8834,8828,8835,-1,8835,8828,8830,-1,8835,8830,8750,-1,8750,8830,8713,-1,8750,8713,8760,-1,8760,8713,8712,-1,1674,1625,8697,-1,8697,1625,8832,-1,8697,8832,8825,-1,8825,8832,8833,-1,8825,8833,8759,-1,8759,8833,8834,-1,8759,8834,8757,-1,8757,8834,8835,-1,8757,8835,8755,-1,8755,8835,8750,-1,8755,8750,8753,-1,8753,8750,8752,-1,1637,1639,8836,-1,8836,1639,8821,-1,8836,8821,8837,-1,8837,8821,8838,-1,8837,8838,8839,-1,8839,8838,8840,-1,8839,8840,8841,-1,8841,8840,8842,-1,8841,8842,8843,-1,8843,8842,8844,-1,8843,8844,8772,-1,8772,8844,8775,-1,8772,8775,8770,-1,8770,8775,8777,-1,1635,1637,8699,-1,8699,1637,8836,-1,8699,8836,8845,-1,8845,8836,8837,-1,8845,8837,8846,-1,8846,8837,8839,-1,8846,8839,8847,-1,8847,8839,8841,-1,8847,8841,8848,-1,8848,8841,8843,-1,8848,8843,8762,-1,8762,8843,8772,-1,8762,8772,8774,-1,8774,8772,8773,-1,1631,1633,8698,-1,8698,1633,8699,-1,8698,8699,8827,-1,8827,8699,8845,-1,8827,8845,8829,-1,8829,8845,8846,-1,8829,8846,8831,-1,8831,8846,8847,-1,8831,8847,8769,-1,8769,8847,8848,-1,8769,8848,8767,-1,8767,8848,8762,-1,8767,8762,8765,-1,8765,8762,8764,-1,1651,1653,8849,-1,8849,1653,8820,-1,8849,8820,8850,-1,8850,8820,8851,-1,8850,8851,8852,-1,8852,8851,8853,-1,8852,8853,8854,-1,8854,8853,8855,-1,8854,8855,8856,-1,8856,8855,8857,-1,8856,8857,8858,-1,8858,8857,8859,-1,8858,8859,8787,-1,8787,8859,8860,-1,8787,8860,8785,-1,8785,8860,8794,-1,8785,8794,8861,-1,8861,8794,8793,-1,1649,1651,8701,-1,8701,1651,8849,-1,8701,8849,8862,-1,8862,8849,8850,-1,8862,8850,8863,-1,8863,8850,8852,-1,8863,8852,8864,-1,8864,8852,8854,-1,8864,8854,8865,-1,8865,8854,8856,-1,8865,8856,8866,-1,8866,8856,8858,-1,8866,8858,8783,-1,8783,8858,8787,-1,8783,8787,8781,-1,8781,8787,8789,-1,1645,1647,8700,-1,8700,1647,8701,-1,8700,8701,8867,-1,8867,8701,8862,-1,8867,8862,8868,-1,8868,8862,8863,-1,8868,8863,8869,-1,8869,8863,8864,-1,8869,8864,8870,-1,8870,8864,8865,-1,8870,8865,8871,-1,8871,8865,8866,-1,8871,8866,8710,-1,8710,8866,8783,-1,8710,8783,8708,-1,8708,8783,8784,-1,1641,1643,8821,-1,8821,1643,8700,-1,8821,8700,8838,-1,8838,8700,8867,-1,8838,8867,8840,-1,8840,8867,8868,-1,8840,8868,8842,-1,8842,8868,8869,-1,8842,8869,8844,-1,8844,8869,8870,-1,8844,8870,8775,-1,8775,8870,8871,-1,8775,8871,8776,-1,8776,8871,8710,-1,8776,8710,8778,-1,8778,8710,8709,-1,1655,1657,8820,-1,8820,1657,8818,-1,8820,8818,8851,-1,8851,8818,8819,-1,8851,8819,8853,-1,8853,8819,8813,-1,8853,8813,8855,-1,8855,8813,8809,-1,8855,8809,8857,-1,8857,8809,8808,-1,8857,8808,8859,-1,8859,8808,8805,-1,8859,8805,8860,-1,8860,8805,8704,-1,8860,8704,8794,-1,8794,8704,8707,-1,8794,8707,8792,-1,8792,8707,8791,-1,8872,15,14,-1,8873,8874,14,-1,14,8874,32,-1,8875,8876,14,-1,14,8876,8877,-1,14,8877,8872,-1,8878,8879,33,-1,33,8879,42,-1,8880,8881,32,-1,32,8881,14,-1,14,8881,8882,-1,14,8882,8875,-1,32,33,8880,-1,8880,33,42,-1,8880,42,8883,-1,8883,42,41,-1,2016,1715,8884,-1,8885,1680,1682,-1,8886,8887,8708,-1,8888,1695,1692,-1,8888,1692,8889,-1,8889,1692,1620,-1,8889,1620,8890,-1,8890,1620,8891,-1,8891,1620,1677,-1,8891,1677,1680,-1,8892,8791,8790,-1,1715,1712,8884,-1,8884,1712,1709,-1,8884,1709,8893,-1,8893,1709,1706,-1,8785,8861,8892,-1,8790,8796,8892,-1,8892,8796,8795,-1,8892,8795,8894,-1,8894,8795,1953,-1,8894,1953,1952,-1,1952,1991,8894,-1,8894,1991,1989,-1,8894,1989,1988,-1,1988,1996,8894,-1,8894,1996,1994,-1,8894,1994,1993,-1,1706,1703,8893,-1,8893,1703,1700,-1,8893,1700,8888,-1,8888,1700,1698,-1,8888,1698,1695,-1,8708,8887,8709,-1,8709,8887,8872,-1,8709,8872,8778,-1,8892,8781,8789,-1,8861,8793,8892,-1,8892,8793,8792,-1,8892,8792,8791,-1,1993,1998,8894,-1,8894,1998,1997,-1,8894,1997,1950,-1,8740,8739,8877,-1,8877,8739,8745,-1,8773,8771,8872,-1,8872,8771,8770,-1,8872,8770,8777,-1,8781,8892,8782,-1,8782,8892,8895,-1,8782,8895,8784,-1,8784,8895,8896,-1,8784,8896,8708,-1,8708,8896,8897,-1,8708,8897,8886,-1,8789,8788,8892,-1,8892,8788,8786,-1,8892,8786,8785,-1,1950,1949,8894,-1,8894,1949,2003,-1,8894,2003,8898,-1,8898,2003,2001,-1,8898,2001,8899,-1,8899,2001,2000,-1,8899,2000,8900,-1,2005,8884,2006,-1,2006,8884,8901,-1,2006,8901,2000,-1,2000,8901,8902,-1,2000,8902,8900,-1,8764,8763,8872,-1,8872,8763,8774,-1,8872,8774,8773,-1,8777,8780,8872,-1,8872,8780,8779,-1,8872,8779,8778,-1,2005,1947,8884,-1,8884,1947,1946,-1,8884,1946,2009,-1,8745,8748,8877,-1,8877,8748,8747,-1,8877,8747,8746,-1,8877,8749,8758,-1,8758,8756,8877,-1,8877,8756,8754,-1,8877,8754,8753,-1,8761,8768,8877,-1,8877,8768,8766,-1,8877,8766,8872,-1,8872,8766,8765,-1,8872,8765,8764,-1,2009,2008,8884,-1,8884,2008,2007,-1,8884,2007,2015,-1,8730,8731,8903,-1,8746,8715,8877,-1,8877,8715,8714,-1,8877,8714,8749,-1,8753,8752,8877,-1,8877,8752,8751,-1,8877,8751,8760,-1,8760,8712,8877,-1,8877,8712,8711,-1,8877,8711,8761,-1,8731,8738,8903,-1,8903,8738,8737,-1,8903,8737,8735,-1,8735,8733,8903,-1,8903,8733,8732,-1,8903,8732,8877,-1,8877,8732,8742,-1,8877,8742,8740,-1,2015,2013,8884,-1,8884,2013,2011,-1,8884,2011,2010,-1,2010,2248,8884,-1,8884,2248,2023,-1,8884,2023,2022,-1,8718,8717,8903,-1,8903,8717,8728,-1,8903,8728,8730,-1,2022,2021,8884,-1,8884,2021,2020,-1,8884,2020,2019,-1,8727,8903,1684,-1,1684,8903,8904,-1,1684,8904,1682,-1,1682,8904,8905,-1,1682,8905,8885,-1,2019,2018,8884,-1,8884,2018,2017,-1,8884,2017,2016,-1,8721,8720,8903,-1,8903,8720,8719,-1,8903,8719,8718,-1,8727,8726,8903,-1,8903,8726,8725,-1,8903,8725,8724,-1,8724,8723,8903,-1,8903,8723,8722,-1,8903,8722,8721,-1,108,107,8884,-1,8884,8893,8906,-1,61,8907,8908,-1,8906,8909,8884,-1,8884,8909,8910,-1,8884,8910,77,-1,77,8910,8911,-1,8908,108,61,-1,61,108,8884,-1,61,8884,62,-1,62,8884,77,-1,62,77,8912,-1,8912,77,8913,-1,8911,8914,77,-1,77,8914,8915,-1,77,8915,78,-1,8916,8917,8918,-1,8919,8920,8921,-1,8921,8920,8916,-1,8921,8916,8922,-1,8922,8916,8918,-1,8892,8894,12,-1,12,8894,10,-1,8892,12,67,-1,8892,67,8895,-1,8895,67,66,-1,8895,66,8896,-1,8896,66,52,-1,8896,52,8897,-1,8897,52,51,-1,8897,51,8886,-1,8886,51,50,-1,8886,50,8887,-1,8887,50,15,-1,8887,15,8872,-1,10,8894,8898,-1,10,8898,102,-1,102,8898,8899,-1,102,8899,103,-1,103,8899,8900,-1,103,8900,104,-1,104,8900,8902,-1,104,8902,105,-1,105,8902,8901,-1,105,8901,106,-1,106,8901,8884,-1,106,8884,107,-1,
        ]
    }
}
Shape{
    appearance Appearance {
        material  Material 	{
            diffuseColor 0.7529411764705882 0.7529411764705882 0.7529411764705882
            specularColor 0.3764705882352941 0.3764705882352941 0.3764705882352941
            ambientIntensity 0.7529
            transparency 0.0
            shininess 0.5
        }
    }
    geometry IndexedFaceSet {
        ccw TRUE
        solid FALSE
        coord DEF co Coordinate {
            point [
                -2.0669 -2.9528 2.5984, -2.1561 -2.9528 2.7982, -2.0272 -2.9528 3.0017, -2.0827 -2.9528 3.191, -1.9096 -2.9528 3.3894, -1.9383 -2.9528 3.5636, -1.7186 -2.9528 3.7468, -1.728 -2.9528 3.9033, -1.4615 -2.9528 4.06, -1.4588 -2.9528 4.1986, -1.1483 -2.9528 4.317, -1.1399 -2.9528 4.4394, -0.791 -2.9528 4.508, -0.7822 -2.9528 4.6176, -0.4032 -2.9528 4.6256, -0.3979 -2.9528 4.7269, 0.0 -2.9528 4.6654, 0.0 -2.9528 4.7638, 0.4032 -2.9528 4.6256, 0.3979 -2.9528 4.7269, 0.791 -2.9528 4.508, 0.7822 -2.9528 4.6176, 1.1483 -2.9528 4.317, 1.1399 -2.9528 4.4394, 1.4615 -2.9528 4.06, 1.4588 -2.9528 4.1986, 1.7186 -2.9528 3.7468, 1.728 -2.9528 3.9033, 1.9096 -2.9528 3.3894, 1.9383 -2.9528 3.5636, 2.0272 -2.9528 3.0017, 2.0827 -2.9528 3.191, 2.0669 -2.9528 2.5984, 2.1561 -2.9528 2.7982, 2.1561 -2.9528 2.3986, 2.0272 -2.9528 2.1952, 2.0827 -2.9528 2.0059, 1.9096 -2.9528 1.8074, 1.9383 -2.9528 1.6332, 1.7186 -2.9528 1.4501, 1.728 -2.9528 1.2935, 1.4615 -2.9528 1.1369, 1.4588 -2.9528 0.9982, 1.1483 -2.9528 0.8798, 1.1399 -2.9528 0.7574, 0.791 -2.9528 0.6888, 0.7822 -2.9528 0.5793, 0.4032 -2.9528 0.5712, 0.3979 -2.9528 0.4699, 0.0 -2.9528 0.5315, 0.0 -2.9528 0.4331, -0.4032 -2.9528 0.5712, -0.3979 -2.9528 0.4699, -0.791 -2.9528 0.6888, -0.7822 -2.9528 0.5793, -1.1483 -2.9528 0.8798, -1.1399 -2.9528 0.7574, -1.4615 -2.9528 1.1369, -1.4588 -2.9528 0.9982, -1.7186 -2.9528 1.4501, -1.728 -2.9528 1.2935, -1.9096 -2.9528 1.8074, -1.9383 -2.9528 1.6332, -2.0272 -2.9528 2.1952, -2.0827 -2.9528 2.0059, -2.1561 -2.9528 2.3986
            ]
        }
        coordIndex [
            0,1,2,-1,2,1,3,-1,2,3,4,-1,4,3,5,-1,4,5,6,-1,6,5,7,-1,6,7,8,-1,8,7,9,-1,8,9,10,-1,10,9,11,-1,10,11,12,-1,12,11,13,-1,12,13,14,-1,14,13,15,-1,14,15,16,-1,16,15,17,-1,16,17,18,-1,18,17,19,-1,18,19,20,-1,20,19,21,-1,20,21,22,-1,22,21,23,-1,22,23,24,-1,24,23,25,-1,24,25,26,-1,26,25,27,-1,26,27,28,-1,28,27,29,-1,28,29,30,-1,30,29,31,-1,30,31,32,-1,31,33,32,-1,32,33,34,-1,32,34,35,-1,35,34,36,-1,35,36,37,-1,37,36,38,-1,37,38,39,-1,39,38,40,-1,39,40,41,-1,41,40,42,-1,41,42,43,-1,43,42,44,-1,43,44,45,-1,45,44,46,-1,45,46,47,-1,47,46,48,-1,47,48,49,-1,49,48,50,-1,49,50,51,-1,51,50,52,-1,51,52,53,-1,53,52,54,-1,53,54,55,-1,55,54,56,-1,55,56,57,-1,57,56,58,-1,57,58,59,-1,59,58,60,-1,59,60,61,-1,61,60,62,-1,61,62,63,-1,63,62,64,-1,63,64,0,-1,0,64,65,-1,0,65,1,-1,
        ]
    }
}
Shape{
    appearance Appearance {
        material  Material 	{
            diffuseColor 1.0 1.0 1.0
            specularColor 0.5019607843137255 0.5019607843137255 0.5019607843137255
            ambientIntensity 1.0
            transparency 0.0
            shininess 0.5
        }
    }
    geometry IndexedFaceSet {
        ccw TRUE
        solid FALSE
        coord DEF co Coordinate {
            point [
                0.1852 1.7716 0.8959, 0.0 1.7716 0.7677, -0.1852 1.7716 0.8959, -0.3685 1.7716 0.8052, -0.5468 1.7716 0.9755, -0.722 1.7716 0.9161, -0.8829 1.7716 1.131, -1.0458 1.7716 1.0958, -1.1778 1.7716 1.3551, -1.3269 1.7716 1.3371, -1.4175 1.7716 1.6373, -1.5536 1.7716 1.63, -1.591 1.7716 1.9645, -1.7168 1.7716 1.9626, -1.69 1.7716 2.3214, -1.8096 1.7716 2.3212, -1.7101 1.7716 2.6911, -1.8284 1.7716 2.6912, -1.6502 1.7716 3.0566, -1.7723 1.7716 3.0573, -1.5131 1.7716 3.4006, -1.6436 1.7716 3.4047, -1.3053 1.7716 3.7071, -1.4477 1.7716 3.719, -1.0364 1.7716 3.9618, -1.1925 1.7716 3.9875, -0.7191 1.7716 4.1527, -0.8884 1.7716 4.1991, -0.3682 1.7716 4.271, -0.548 1.7716 4.3452, 0.0 1.7716 4.311, -0.1852 1.7716 4.4197, 0.0 1.7716 4.4291, 0.1852 1.7716 4.4197, 0.3682 1.7716 4.271, 0.548 1.7716 4.3452, 0.7191 1.7716 4.1527, 0.8884 1.7716 4.1991, 1.0364 1.7716 3.9618, 1.1925 1.7716 3.9875, 1.3053 1.7716 3.7071, 1.4477 1.7716 3.719, 1.5131 1.7716 3.4006, 1.6436 1.7716 3.4047, 1.6502 1.7716 3.0566, 1.7723 1.7716 3.0573, 1.7101 1.7716 2.6911, 1.8284 1.7716 2.6912, 1.69 1.7716 2.3214, 1.8096 1.7716 2.3212, 1.591 1.7716 1.9645, 1.7168 1.7716 1.9626, 1.4175 1.7716 1.6373, 1.5536 1.7716 1.63, 1.1778 1.7716 1.3551, 1.3269 1.7716 1.3371, 0.8829 1.7716 1.131, 1.0458 1.7716 1.0958, 0.5468 1.7716 0.9755, 0.722 1.7716 0.9161, 0.3685 1.7716 0.8052, -0.6748 -3.7589 4.7638, -0.6663 -3.7692 4.7638, 0.4048 -2.9903 4.7638, 0.6609 -6.1839 4.7638, -0.7089 -6.4961 4.7638, 0.6622 -6.1883 4.7638, 0.6663 -6.1963 4.7638, -0.7478 -6.0805 4.7638, -0.6902 -5.8952 4.7638, -0.6943 -5.8977 4.7638, -0.8284 -3.1058 4.7638, -0.7844 -3.1178 4.7638, -0.6192 -3.0396 4.7638, -0.7478 -3.1278 4.7638, -0.7343 -3.1337 4.7638, 0.7478 -3.885 4.7638, 0.7055 -3.8663 4.7638, -0.6663 -4.9503 4.7638, 0.6607 -6.478 4.7638, 0.6603 -6.475 4.7638, 0.6607 -6.468 4.7638, 0.6615 -6.4645 4.7638, -0.7055 -6.0992 4.7638, 0.6663 -5.0152 4.7638, -0.7252 -6.0905 4.7638, -0.7271 -6.0897 4.7638, 0.7478 -5.0661 4.7638, 0.6902 -5.2515 4.7638, 0.6943 -5.249 4.7638, 0.7034 -5.046 4.7638, 0.6795 -5.0299 4.7638, -0.6663 -6.1314 4.7638, -0.6622 -6.1395 4.7638, -0.6609 -6.1439 4.7638, 0.6663 -5.3105 4.7638, -0.6603 -6.1508 4.7638, -0.6605 -6.1537 4.7638, 0.6609 -5.2981 4.7638, 0.6608 -5.297 4.7638, 0.6603 -5.2912 4.7638, 0.6605 -5.2882 4.7638, -0.6603 -3.7886 4.7638, -0.6605 -3.7915 4.7638, 0.8401 -3.1125 4.7638, 0.6622 -3.5308 4.7638, 0.6609 -3.5264 4.7638, -0.6663 -4.3598 4.7638, 0.6622 -3.8261 4.7638, 0.6609 -3.8217 4.7638, -0.6663 -4.6551 4.7638, 0.7055 -6.2285 4.7638, 0.6652 -6.4562 4.7638, 0.6608 -6.1828 4.7638, 0.6603 -6.177 4.7638, 0.6605 -6.174 4.7638, -0.6943 -6.4882 4.7638, 0.6663 -5.901 4.7638, -0.6902 -6.4857 4.7638, 0.6622 -5.893 4.7638, 0.6609 -5.8886 4.7638, 0.6608 -5.8876 4.7638, 0.6603 -5.8817 4.7638, 0.6605 -5.8787 4.7638, -0.7478 -6.3758 4.7638, -0.6902 -6.1904 4.7638, -0.6943 -6.193 4.7638, 0.7034 -5.3413 4.7638, 0.6795 -5.3252 4.7638, -0.6663 -6.4267 4.7638, -0.6622 -6.4347 4.7638, -0.6609 -6.4392 4.7638, 0.6663 -5.6058 4.7638, -0.6603 -6.4461 4.7638, -0.6605 -6.449 4.7638, 0.7055 -5.0474 4.7638, -0.6885 -6.1107 4.7638, -0.6795 -6.1168 4.7638, 0.6748 -5.0256 4.7638, 0.6622 -5.3025 4.7638, 0.6668 -5.2732 4.7638, 0.6694 -5.2692 4.7638, 0.6718 -5.2664 4.7638, -0.7055 -3.1465 4.7638, -0.6795 -3.164 4.7638, -0.4048 -2.9903 4.7638, -0.6755 -3.1676 4.7638, -0.6622 -3.1867 4.7638, -0.6609 -3.1911 4.7638, 0.2041 -2.9624 4.7638, -0.6603 -3.198 4.7638, -0.6605 -3.201 4.7638, -0.7252 -3.7283 4.7638, -0.7055 -3.737 4.7638, -0.6718 -3.518 4.7638, 0.6622 -3.2356 4.7638, 0.6609 -3.2311 4.7638, -0.6663 -4.0645 4.7638, 0.7055 -3.5711 4.7638, 0.7478 -3.5898 4.7638, 0.6902 -3.7751 4.7638, 0.6943 -3.7726 4.7638, -0.6885 -4.6343 4.7638, -0.6795 -4.6404 4.7638, 0.6663 -3.5388 4.7638, -0.6605 -4.3821 4.7638, -0.6603 -4.3791 4.7638, -0.6609 -4.3722 4.7638, -0.6885 -4.9296 4.7638, -0.6795 -4.9357 4.7638, 0.6663 -3.8341 4.7638, -0.6605 -4.6774 4.7638, -0.6603 -4.6744 4.7638, -0.6609 -4.6675 4.7638, -0.6622 -5.8442 4.7638, -0.6609 -5.8486 4.7638, -0.6603 -5.8555 4.7638, -0.6605 -5.8585 4.7638, 0.6609 -5.0028 4.7638, 0.6608 -5.0017 4.7638, -0.6663 -5.8362 4.7638, 0.6603 -4.9959 4.7638, 0.6605 -4.9929 4.7638, 0.6695 -6.4961 4.7638, 0.6636 -6.4868 4.7638, 0.7034 -6.2271 4.7638, 0.6795 -6.211 4.7638, 0.6748 -6.2067 4.7638, -0.7033 -6.4931 4.7638, 0.6748 -5.9114 4.7638, 0.6795 -5.9157 4.7638, 0.6748 -5.6161 4.7638, 0.6795 -5.6205 4.7638, -0.7055 -6.3945 4.7638, -0.7252 -6.3858 4.7638, -0.7271 -6.3849 4.7638, 0.7478 -5.3614 4.7638, 0.6902 -5.5468 4.7638, 0.6943 -5.5443 4.7638, 0.7055 -5.3427 4.7638, -0.7053 -5.9023 4.7638, -0.7542 -5.9229 4.7638, -0.7796 -5.9299 4.7638, -0.6633 -6.1632 4.7638, -0.6694 -6.1727 4.7638, -0.6718 -6.1755 4.7638, 0.6624 -5.2809 4.7638, 0.6633 -5.2787 4.7638, -0.6748 -3.1683 4.7638, -0.6663 -3.1787 4.7638, -0.2035 -2.9623 4.7638, 0.0 -2.9528 4.7638, 0.6236 -3.0408 4.7638, -0.6622 -3.7772 4.7638, -0.6609 -3.7817 4.7638, -0.6748 -4.0542 4.7638, 0.6902 -3.1846 4.7638, -0.7478 -4.3089 4.7638, -0.6902 -4.1235 4.7638, -0.6943 -4.126 4.7638, 0.7034 -3.2744 4.7638, 0.6795 -3.2583 4.7638, -0.6605 -4.0868 4.7638, 0.6663 -3.2436 4.7638, -0.6603 -4.0838 4.7638, -0.6609 -4.077 4.7638, -0.7478 -4.6041 4.7638, -0.6902 -4.4188 4.7638, -0.6943 -4.4213 4.7638, -0.7478 -4.8994 4.7638, -0.6902 -4.7141 4.7638, -0.6943 -4.7166 4.7638, -0.7478 -5.7852 4.7638, -0.6902 -5.5999 4.7638, -0.6943 -5.6024 4.7638, 0.7034 -4.7507 4.7638, 0.6795 -4.7346 4.7638, -0.6622 -4.9584 4.7638, -0.6609 -4.9628 4.7638, 0.6663 -4.1294 4.7638, -0.6603 -4.9697 4.7638, -0.6605 -4.9726 4.7638, 0.6609 -4.117 4.7638, 0.6608 -4.1159 4.7638, 0.6603 -4.1101 4.7638, 0.6605 -4.1071 4.7638, 0.6622 -5.0072 4.7638, 0.6668 -4.978 4.7638, 0.6694 -4.9739 4.7638, 0.6718 -4.9712 4.7638, 0.6902 -4.9562 4.7638, 0.6633 -6.1646 4.7638, 0.6668 -6.1591 4.7638, 0.7055 -5.9333 4.7638, 0.6633 -5.8693 4.7638, 0.6668 -5.8638 4.7638, 0.7055 -5.638 4.7638, -0.6885 -6.4059 4.7638, -0.6795 -6.412 4.7638, 0.6748 -5.3209 4.7638, 0.6622 -5.5978 4.7638, 0.6609 -5.5933 4.7638, 0.6608 -5.5923 4.7638, 0.6603 -5.5864 4.7638, 0.6605 -5.5835 4.7638, -0.6633 -6.4585 4.7638, -0.6694 -6.468 4.7638, -0.6718 -6.4708 4.7638, -0.6748 -6.1211 4.7638, -0.6795 -3.4593 4.7638, -0.6748 -3.4636 4.7638, -0.6663 -3.474 4.7638, -0.6622 -3.482 4.7638, -0.6609 -3.4864 4.7638, 0.7291 -3.1674 4.7638, 0.7542 -3.1569 4.7638, -0.7055 -4.3276 4.7638, -0.7252 -4.3189 4.7638, -0.7271 -4.318 4.7638, 0.7478 -3.2945 4.7638, 0.6902 -3.4799 4.7638, 0.6943 -3.4773 4.7638, 0.7055 -3.2758 4.7638, -0.7271 -4.6133 4.7638, -0.7252 -4.6141 4.7638, -0.7055 -4.6228 4.7638, 0.7034 -3.5696 4.7638, 0.6795 -3.5535 4.7638, -0.6748 -4.6447 4.7638, -0.6622 -4.3678 4.7638, 0.6608 -3.5254 4.7638, 0.6603 -3.5195 4.7638, 0.6605 -3.5165 4.7638, -0.6633 -4.3915 4.7638, -0.6694 -4.4011 4.7638, -0.6718 -4.4038 4.7638, 0.7291 -4.0533 4.7638, 0.7542 -4.0427 4.7638, -0.7271 -4.9086 4.7638, -0.7252 -4.9094 4.7638, -0.7055 -4.9181 4.7638, 0.7034 -3.8649 4.7638, 0.6795 -3.8488 4.7638, -0.6748 -4.94 4.7638, -0.6622 -4.6631 4.7638, 0.6608 -3.8206 4.7638, 0.6603 -3.8148 4.7638, 0.6605 -3.8118 4.7638, -0.6633 -4.6868 4.7638, -0.6694 -4.6964 4.7638, -0.6718 -4.6991 4.7638, 0.7478 -4.7709 4.7638, 0.6943 -4.9537 4.7638, 0.7055 -4.7522 4.7638, 0.6622 -4.1214 4.7638, 0.6668 -4.0921 4.7638, 0.6694 -4.0881 4.7638, -0.6633 -5.8679 4.7638, -0.6694 -5.8775 4.7638, -0.6718 -5.8802 4.7638, 0.6624 -4.9856 4.7638, 0.6633 -4.9835 4.7638, 0.6629 -6.4853 4.7638, 0.6607 -6.4781 4.7638, 0.7034 -5.9318 4.7638, 0.6624 -6.1667 4.7638, 0.6694 -6.155 4.7638, 0.6718 -6.1523 4.7638, 0.7478 -5.952 4.7638, 0.6902 -6.1373 4.7638, 0.6943 -6.1348 4.7638, 0.7034 -5.6366 4.7638, 0.6624 -5.8714 4.7638, 0.6694 -5.8597 4.7638, 0.6718 -5.857 4.7638, 0.7478 -5.6567 4.7638, 0.6902 -5.8421 4.7638, 0.6943 -5.8395 4.7638, -0.7053 -6.1976 4.7638, -0.7542 -6.2181 4.7638, -0.7796 -6.2251 4.7638, 0.6668 -5.5685 4.7638, 0.6694 -5.5645 4.7638, 0.6718 -5.5617 4.7638, 0.7272 -5.2351 4.7638, 0.7291 -5.2344 4.7638, 0.7542 -5.2238 4.7638, 0.7728 -5.2187 4.7638, 0.7796 -5.2168 4.7638, 0.8062 -5.081 4.7638, 0.8303 -5.2088 4.7638, 0.8471 -5.0915 4.7638, -0.6609 -6.1552 4.7638, -0.6624 -6.1611 4.7638, -0.6633 -3.2104 4.7638, -0.6649 -3.213 4.7638, -0.7055 -3.4417 4.7638, -0.6902 -3.533 4.7638, -0.6943 -3.5355 4.7638, -0.7478 -3.7183 4.7638, -0.6885 -3.7485 4.7638, -0.6795 -3.7546 4.7638, -0.6633 -3.801 4.7638, -0.6694 -3.8105 4.7638, -0.7055 -4.0323 4.7638, -0.6718 -3.8133 4.7638, -0.7252 -4.0236 4.7638, -0.6902 -3.8282 4.7638, -0.6943 -3.8307 4.7638, -0.7478 -4.0136 4.7638, -0.6885 -4.339 4.7638, -0.6795 -4.3451 4.7638, 0.6748 -3.2539 4.7638, -0.6622 -4.0725 4.7638, 0.6608 -3.2301 4.7638, 0.6603 -3.2242 4.7638, 0.6605 -3.2213 4.7638, -0.6633 -4.0963 4.7638, -0.6694 -4.1058 4.7638, -0.6718 -4.1086 4.7638, 0.6668 -3.5016 4.7638, 0.6694 -3.4975 4.7638, 0.6718 -3.4948 4.7638, 0.7272 -4.054 4.7638, 0.6668 -3.7969 4.7638, 0.6694 -3.7928 4.7638, 0.6718 -3.7901 4.7638, -0.7055 -5.8039 4.7638, 0.6663 -4.7199 4.7638, -0.7252 -5.7952 4.7638, -0.7271 -5.7944 4.7638, -0.6885 -5.8154 4.7638, -0.6795 -5.8215 4.7638, 0.6748 -4.7303 4.7638, -0.7478 -5.49 4.7638, -0.6902 -5.3046 4.7638, -0.6943 -5.3071 4.7638, 0.7034 -4.4555 4.7638, 0.6795 -4.4394 4.7638, -0.6663 -5.5409 4.7638, -0.6622 -5.5489 4.7638, -0.6609 -5.5533 4.7638, -0.6603 -5.5602 4.7638, -0.6605 -5.5632 4.7638, -0.7478 -5.1947 4.7638, -0.6902 -5.0093 4.7638, -0.6943 -5.0118 4.7638, 0.7034 -4.1602 4.7638, 0.6795 -4.1441 4.7638, -0.6663 -5.2456 4.7638, -0.6622 -5.2536 4.7638, -0.6609 -5.2581 4.7638, 0.6663 -4.4247 4.7638, -0.6603 -5.265 4.7638, -0.6605 -5.2679 4.7638, -0.6633 -4.9821 4.7638, -0.6694 -4.9916 4.7638, -0.6718 -4.9944 4.7638, 0.6624 -4.0998 4.7638, 0.6633 -4.0976 4.7638, 0.6671 -6.4534 4.7638, 0.6783 -6.4414 4.7638, 0.7478 -6.2472 4.7638, 0.6816 -6.4387 4.7638, 0.6886 -6.4347 4.7638, -0.6748 -6.4164 4.7638, 0.6624 -5.5761 4.7638, 0.6633 -5.574 4.7638, -0.6609 -6.4505 4.7638, -0.6624 -6.4563 4.7638, -0.9441 -5.9477 4.7638, -0.9441 -6.0461 4.7638, -0.9259 -5.9471 4.7638, -0.941 -6.0464 4.7638, -0.8797 -5.9457 4.7638, -0.8889 -6.0513 4.7638, -0.8619 -5.9429 4.7638, -0.8471 -6.0552 4.7638, -0.8047 -5.9338 4.7638, -0.83 -6.0595 4.7638, -0.7755 -6.0734 4.7638, 0.861 -5.0928 4.7638, 0.8797 -5.201 4.7638, 0.9259 -5.0989 4.7638, 0.8888 -5.2007 4.7638, 0.941 -5.1003 4.7638, 0.9441 -5.199 4.7638, 0.9441 -5.1006 4.7638, -0.6885 -3.4532 4.7638, -0.6624 -3.2083 4.7638, -0.6861 -3.2343 4.7638, -0.7478 -3.423 4.7638, -0.6718 -3.2227 4.7638, -0.7271 -3.4322 4.7638, -0.6694 -3.22 4.7638, -0.7252 -3.433 4.7638, -0.6624 -3.5036 4.7638, -0.6633 -3.5057 4.7638, -0.6694 -3.5153 4.7638, -0.7271 -3.7275 4.7638, -0.7271 -4.0227 4.7638, -0.7053 -4.1306 4.7638, -0.7542 -4.1512 4.7638, -0.7796 -4.1582 4.7638, 0.6668 -3.2063 4.7638, 0.6694 -3.2023 4.7638, 0.6718 -3.1995 4.7638, 0.7272 -3.7587 4.7638, 0.7291 -3.758 4.7638, 0.7542 -3.7474 4.7638, 0.7728 -3.7423 4.7638, 0.7796 -3.7404 4.7638, 0.8062 -3.6047 4.7638, 0.8303 -3.7324 4.7638, 0.8471 -3.6151 4.7638, -0.7053 -4.4259 4.7638, -0.7542 -4.4465 4.7638, -0.7796 -4.4535 4.7638, 0.6748 -3.5492 4.7638, 0.6624 -3.5092 4.7638, 0.6633 -3.5071 4.7638, -0.6609 -4.3836 4.7638, -0.6624 -4.3894 4.7638, 0.6718 -4.0853 4.7638, 0.6902 -4.0704 4.7638, 0.6943 -4.0679 4.7638, 0.7728 -4.0376 4.7638, 0.7796 -4.0357 4.7638, 0.8062 -3.8999 4.7638, 0.8303 -4.0277 4.7638, 0.8471 -3.9104 4.7638, -0.7053 -4.7212 4.7638, -0.7542 -4.7418 4.7638, -0.7796 -4.7488 4.7638, 0.6748 -3.8445 4.7638, 0.6624 -3.8045 4.7638, 0.6633 -3.8024 4.7638, -0.6609 -4.6788 4.7638, -0.6624 -4.6847 4.7638, -0.7053 -5.607 4.7638, -0.7542 -5.6276 4.7638, -0.7796 -5.6346 4.7638, 0.7478 -4.4756 4.7638, 0.6902 -4.661 4.7638, 0.6943 -4.6584 4.7638, 0.7055 -4.4569 4.7638, 0.7478 -4.1803 4.7638, 0.6902 -4.3657 4.7638, 0.6943 -4.3632 4.7638, 0.7055 -4.1616 4.7638, -0.6609 -5.8599 4.7638, -0.6624 -5.8658 4.7638, 0.7272 -5.5304 4.7638, 0.7291 -5.5296 4.7638, 0.7542 -5.5191 4.7638, 0.7728 -5.5139 4.7638, 0.7796 -5.5121 4.7638, 0.8062 -5.3763 4.7638, 0.8303 -5.5041 4.7638, 0.8471 -5.3868 4.7638, -0.6603 -3.4933 4.7638, -0.6605 -3.4963 4.7638, -0.6609 -3.4977 4.7638, -0.6609 -3.793 4.7638, -0.6624 -3.7989 4.7638, -0.6885 -4.0437 4.7638, -0.6795 -4.0498 4.7638, 0.6943 -3.1821 4.7638, 0.7272 -3.1682 4.7638, 0.7728 -3.1517 4.7638, 0.7796 -3.1499 4.7638, 0.8303 -3.1418 4.7638, 0.8787 -3.1341 4.7638, 0.8888 -3.1335 4.7638, 0.9009 -3.1327 4.7638, -0.6748 -4.3494 4.7638, 0.6624 -3.2139 4.7638, 0.6633 -3.2118 4.7638, -0.6609 -4.0883 4.7638, -0.6624 -4.0941 4.7638, 0.861 -3.6164 4.7638, 0.8797 -3.7246 4.7638, 0.9259 -3.6225 4.7638, 0.8888 -3.7243 4.7638, 0.941 -3.6239 4.7638, 0.9441 -3.7226 4.7638, 0.9441 -3.6242 4.7638, 0.861 -3.9117 4.7638, 0.8797 -4.0199 4.7638, 0.9259 -3.9178 4.7638, 0.8888 -4.0196 4.7638, 0.941 -3.9192 4.7638, 0.9441 -4.0179 4.7638, 0.9441 -3.9195 4.7638, -0.6748 -5.8258 4.7638, -0.7055 -5.5087 4.7638, -0.7252 -5.5 4.7638, -0.7271 -5.4991 4.7638, -0.6885 -5.5201 4.7638, -0.6795 -5.5262 4.7638, 0.6748 -4.435 4.7638, 0.6622 -4.7119 4.7638, 0.6609 -4.7075 4.7638, 0.6608 -4.7065 4.7638, 0.6603 -4.7006 4.7638, 0.6605 -4.6976 4.7638, -0.6633 -5.5726 4.7638, -0.6694 -5.5822 4.7638, -0.6718 -5.5849 4.7638, -0.7055 -5.2134 4.7638, -0.7252 -5.2047 4.7638, -0.7271 -5.2038 4.7638, -0.6885 -5.2248 4.7638, -0.6795 -5.2309 4.7638, 0.6748 -4.1398 4.7638, 0.6622 -4.4167 4.7638, 0.6609 -4.4122 4.7638, 0.6608 -4.4112 4.7638, 0.6603 -4.4053 4.7638, 0.6605 -4.4024 4.7638, -0.6633 -5.2774 4.7638, -0.6694 -5.2869 4.7638, -0.6718 -5.2897 4.7638, -0.6609 -4.9741 4.7638, -0.6624 -4.98 4.7638, 0.7167 -6.4187 4.7638, 0.7237 -6.4158 4.7638, 0.7256 -6.415 4.7638, 0.7334 -6.4119 4.7638, 0.7762 -6.4009 4.7638, 0.8062 -6.2621 4.7638, 0.8221 -6.3892 4.7638, 0.8471 -6.2726 4.7638, 0.8285 -6.3885 4.7638, 0.861 -6.2739 4.7638, 0.8892 -6.3823 4.7638, 0.9259 -6.28 4.7638, 0.9072 -6.3804 4.7638, 0.941 -6.2814 4.7638, 0.9441 -6.3801 4.7638, 0.9441 -6.2817 4.7638, 0.7272 -6.121 4.7638, 0.7291 -6.1202 4.7638, 0.7542 -6.1096 4.7638, 0.7728 -6.1045 4.7638, 0.7796 -6.1026 4.7638, 0.8062 -5.9669 4.7638, 0.8303 -6.0946 4.7638, 0.8471 -5.9773 4.7638, 0.7272 -5.8257 4.7638, 0.7291 -5.8249 4.7638, 0.7542 -5.8143 4.7638, 0.7728 -5.8092 4.7638, 0.7796 -5.8074 4.7638, 0.8062 -5.6716 4.7638, 0.8303 -5.7993 4.7638, 0.8471 -5.682 4.7638, -0.9441 -6.243 4.7638, -0.9441 -6.3414 4.7638, -0.9259 -6.2424 4.7638, -0.941 -6.3417 4.7638, -0.8797 -6.241 4.7638, -0.8889 -6.3465 4.7638, -0.8619 -6.2382 4.7638, -0.8471 -6.3505 4.7638, -0.8047 -6.2291 4.7638, -0.83 -6.3548 4.7638, -0.7755 -6.3687 4.7638, 0.861 -5.3881 4.7638, 0.8797 -5.4962 4.7638, 0.9259 -5.3941 4.7638, 0.8888 -5.496 4.7638, 0.941 -5.3956 4.7638, 0.9441 -5.4942 4.7638, 0.9441 -5.3958 4.7638, -0.6902 -3.2377 4.7638, -0.6943 -3.2402 4.7638, -0.7286 -3.2546 4.7638, -0.7053 -3.5401 4.7638, -0.7542 -3.5607 4.7638, -0.7796 -3.5676 4.7638, -0.7053 -3.8354 4.7638, -0.7542 -3.8559 4.7638, -0.7796 -3.8629 4.7638, 0.7272 -3.4635 4.7638, 0.7291 -3.4627 4.7638, 0.7542 -3.4521 4.7638, 0.7728 -3.447 4.7638, 0.7796 -3.4452 4.7638, 0.8062 -3.3094 4.7638, 0.8303 -3.4371 4.7638, 0.8471 -3.3198 4.7638, 0.7272 -4.9398 4.7638, 0.7291 -4.9391 4.7638, 0.7542 -4.9285 4.7638, 0.7728 -4.9234 4.7638, 0.7796 -4.9215 4.7638, 0.8062 -4.7858 4.7638, 0.8303 -4.9135 4.7638, 0.8471 -4.7962 4.7638, -0.7053 -5.3117 4.7638, -0.7542 -5.3323 4.7638, -0.7796 -5.3393 4.7638, 0.6668 -4.6827 4.7638, 0.6694 -4.6786 4.7638, 0.6718 -4.6759 4.7638, -0.7053 -5.0165 4.7638, -0.7542 -5.037 4.7638, -0.7796 -5.044 4.7638, 0.6668 -4.3874 4.7638, 0.6694 -4.3834 4.7638, 0.6718 -4.3806 4.7638, 0.861 -5.9786 4.7638, 0.8797 -6.0868 4.7638, 0.9259 -5.9847 4.7638, 0.8888 -6.0865 4.7638, 0.941 -5.9861 4.7638, 0.9441 -6.0848 4.7638, 0.9441 -5.9864 4.7638, 0.861 -5.6833 4.7638, 0.8797 -5.7915 4.7638, 0.9259 -5.6894 4.7638, 0.8888 -5.7912 4.7638, 0.941 -5.6908 4.7638, 0.9441 -5.7895 4.7638, 0.9441 -5.6911 4.7638, -0.7542 -3.2654 4.7638, -0.7735 -3.2707 4.7638, -0.7796 -3.2724 4.7638, -0.9441 -4.1761 4.7638, -0.9441 -4.2744 4.7638, -0.9259 -4.1755 4.7638, -0.941 -4.2747 4.7638, -0.8797 -4.1741 4.7638, -0.8889 -4.2796 4.7638, -0.8619 -4.1712 4.7638, -0.8471 -4.2835 4.7638, -0.8047 -4.1622 4.7638, -0.83 -4.2879 4.7638, -0.7755 -4.3018 4.7638, 0.861 -3.3211 4.7638, 0.8797 -3.4293 4.7638, 0.9259 -3.3272 4.7638, 0.8888 -3.429 4.7638, 0.941 -3.3286 4.7638, 0.9441 -3.4273 4.7638, 0.9441 -3.3289 4.7638, -0.9441 -4.4713 4.7638, -0.9441 -4.5697 4.7638, -0.9259 -4.4708 4.7638, -0.941 -4.57 4.7638, -0.8797 -4.4693 4.7638, -0.8889 -4.5749 4.7638, -0.8619 -4.4665 4.7638, -0.8471 -4.5788 4.7638, -0.8047 -4.4574 4.7638, -0.83 -4.5832 4.7638, -0.7755 -4.5971 4.7638, -0.9441 -4.7666 4.7638, -0.9441 -4.865 4.7638, -0.9259 -4.766 4.7638, -0.941 -4.8653 4.7638, -0.8797 -4.7646 4.7638, -0.8889 -4.8702 4.7638, -0.8619 -4.7618 4.7638, -0.8471 -4.8741 4.7638, -0.8047 -4.7527 4.7638, -0.83 -4.8784 4.7638, -0.7755 -4.8923 4.7638, -0.9441 -5.6524 4.7638, -0.9441 -5.7508 4.7638, -0.9259 -5.6519 4.7638, -0.941 -5.7511 4.7638, -0.8797 -5.6504 4.7638, -0.8889 -5.756 4.7638, -0.8619 -5.6476 4.7638, -0.8471 -5.7599 4.7638, -0.8047 -5.6385 4.7638, -0.83 -5.7643 4.7638, -0.7755 -5.7782 4.7638, 0.861 -4.7975 4.7638, 0.8797 -4.9057 4.7638, 0.9259 -4.8036 4.7638, 0.8888 -4.9054 4.7638, 0.941 -4.805 4.7638, 0.9441 -4.9037 4.7638, 0.9441 -4.8053 4.7638, -0.6748 -5.5305 4.7638, 0.6624 -4.6903 4.7638, 0.6633 -4.6882 4.7638, -0.6609 -5.5647 4.7638, -0.6624 -5.5705 4.7638, -0.6748 -5.2353 4.7638, 0.6624 -4.395 4.7638, 0.6633 -4.3929 4.7638, -0.6609 -5.2694 4.7638, -0.6624 -5.2752 4.7638, -0.8311 -3.2805 4.7638, -0.8797 -3.2882 4.7638, -0.8889 -3.3938 4.7638, -0.888 -3.2885 4.7638, -0.941 -3.3889 4.7638, -0.9441 -3.2902 4.7638, -0.9441 -3.3886 4.7638, -0.8471 -3.3977 4.7638, -0.83 -3.4021 4.7638, -0.7755 -3.416 4.7638, 0.7272 -4.6446 4.7638, 0.7291 -4.6438 4.7638, 0.7542 -4.6332 4.7638, 0.7728 -4.6281 4.7638, 0.7796 -4.6263 4.7638, 0.8062 -4.4905 4.7638, 0.8303 -4.6182 4.7638, 0.8471 -4.5009 4.7638, 0.7272 -4.3493 4.7638, 0.7291 -4.3485 4.7638, 0.7542 -4.338 4.7638, 0.7728 -4.3328 4.7638, 0.7796 -4.331 4.7638, 0.8062 -4.1952 4.7638, 0.8303 -4.323 4.7638, 0.8471 -4.2057 4.7638, -0.9441 -3.5855 4.7638, -0.9441 -3.6839 4.7638, -0.9259 -3.5849 4.7638, -0.941 -3.6842 4.7638, -0.8797 -3.5835 4.7638, -0.8889 -3.6891 4.7638, -0.8619 -3.5807 4.7638, -0.8471 -3.693 4.7638, -0.8047 -3.5716 4.7638, -0.83 -3.6973 4.7638, -0.7755 -3.7112 4.7638, -0.9441 -3.8808 4.7638, -0.9441 -3.9792 4.7638, -0.9259 -3.8802 4.7638, -0.941 -3.9794 4.7638, -0.8797 -3.8788 4.7638, -0.8889 -3.9843 4.7638, -0.8619 -3.876 4.7638, -0.8471 -3.9883 4.7638, -0.8047 -3.8669 4.7638, -0.83 -3.9926 4.7638, -0.7755 -4.0065 4.7638, -0.9441 -5.3572 4.7638, -0.9441 -5.4555 4.7638, -0.9259 -5.3566 4.7638, -0.941 -5.4558 4.7638, -0.8797 -5.3552 4.7638, -0.8889 -5.4607 4.7638, -0.8619 -5.3523 4.7638, -0.8471 -5.4646 4.7638, -0.8047 -5.3433 4.7638, -0.83 -5.469 4.7638, -0.7755 -5.4829 4.7638, 0.861 -4.5022 4.7638, 0.8797 -4.6104 4.7638, 0.9259 -4.5083 4.7638, 0.8888 -4.6101 4.7638, 0.941 -4.5097 4.7638, 0.9441 -4.6084 4.7638, 0.9441 -4.51 4.7638, -0.9441 -5.0619 4.7638, -0.9441 -5.1603 4.7638, -0.9259 -5.0613 4.7638, -0.941 -5.1606 4.7638, -0.8797 -5.0599 4.7638, -0.8889 -5.1654 4.7638, -0.8619 -5.0571 4.7638, -0.8471 -5.1694 4.7638, -0.8047 -5.048 4.7638, -0.83 -5.1737 4.7638, -0.7755 -5.1876 4.7638, 0.861 -4.207 4.7638, 0.8797 -4.3151 4.7638, 0.9259 -4.213 4.7638, 0.8888 -4.3148 4.7638, 0.941 -4.2145 4.7638, 0.9441 -4.3131 4.7638, 0.9441 -4.2147 4.7638, -0.791 -2.9528 0.6888, -0.7156 -2.7559 0.8707, -0.5572 -2.7559 0.8226, -0.4032 -2.9528 0.5712, -0.9034 -2.7559 0.9711, -1.1483 -2.9528 0.8798, -1.039 -2.7559 1.0435, -1.2127 -2.7559 1.1861, -1.4615 -2.9528 1.1369, -1.3223 -2.7559 1.2761, -1.4724 -2.7559 1.459, -1.7186 -2.9528 1.4501, -1.5549 -2.7559 1.5595, -1.672 -2.7559 1.7786, -1.9096 -2.9528 1.8074, -1.7277 -2.7559 1.8828, -1.8033 -2.7559 2.1318, -2.0272 -2.9528 2.1952, -1.8341 -2.7559 2.2336, -1.8608 -2.7559 2.5044, -2.0669 -2.9528 2.5984, -1.8701 -2.7559 2.5984, -1.8422 -2.7559 2.881, -2.0272 -2.9528 3.0017, -1.8341 -2.7559 2.9633, -1.7483 -2.7559 3.2463, -1.9096 -2.9528 3.3894, -1.7277 -2.7559 3.3141, -1.5827 -2.7559 3.5853, -1.7186 -2.9528 3.7468, -1.5549 -2.7559 3.6374, -1.3523 -2.7559 3.8843, -1.4615 -2.9528 4.06, -1.3223 -2.7559 3.9208, -1.0663 -2.7559 4.1309, -1.1483 -2.9528 4.317, -1.039 -2.7559 4.1533, -0.7365 -2.7559 4.315, -0.791 -2.9528 4.508, -0.7156 -2.7559 4.3262, -0.3761 -2.7559 4.4292, -0.4032 -2.9528 4.6256, -0.3648 -2.7559 4.4326, 0.0 -2.9528 4.6654, 0.0 -2.7559 4.4685, 0.4032 -2.9528 4.6256, 0.3648 -2.7559 4.4326, 0.3761 -2.7559 4.4292, 0.791 -2.9528 4.508, 0.7156 -2.7559 4.3262, 0.7365 -2.7559 4.315, 1.1483 -2.9528 4.317, 1.039 -2.7559 4.1533, 1.0663 -2.7559 4.1309, 1.4615 -2.9528 4.06, 1.3223 -2.7559 3.9208, 1.3523 -2.7559 3.8843, 1.7186 -2.9528 3.7468, 1.5549 -2.7559 3.6374, 1.5827 -2.7559 3.5853, 1.9096 -2.9528 3.3894, 1.7277 -2.7559 3.3141, 1.7483 -2.7559 3.2463, 2.0272 -2.9528 3.0017, 1.8341 -2.7559 2.9633, 1.8422 -2.7559 2.881, 2.0669 -2.9528 2.5984, 1.8701 -2.7559 2.5984, 1.8608 -2.7559 2.5044, 2.0272 -2.9528 2.1952, 1.8341 -2.7559 2.2336, 1.8033 -2.7559 2.1318, 1.9096 -2.9528 1.8074, 1.7277 -2.7559 1.8828, 1.672 -2.7559 1.7786, 1.7186 -2.9528 1.4501, 1.5549 -2.7559 1.5595, 1.4724 -2.7559 1.459, 1.4615 -2.9528 1.1369, 1.3223 -2.7559 1.2761, 1.1483 -2.9528 0.8798, 1.039 -2.7559 1.0435, 1.2127 -2.7559 1.1861, 0.791 -2.9528 0.6888, 0.4032 -2.9528 0.5712, 0.3648 -2.7559 0.7643, 0.5572 -2.7559 0.8226, 0.7156 -2.7559 0.8707, 0.9034 -2.7559 0.9711, -0.3648 -2.7559 0.7643, -0.1883 -2.7559 0.7469, 0.0 -2.9528 0.5315, 0.0 -2.7559 0.7283, 0.1883 -2.7559 0.7469, -2.295 -9.2717 -1.2992, -2.2387 -9.1983 0.2362, -2.2387 -9.1983 -1.2992, -2.1654 -9.142 0.2362, -2.1654 -9.142 -1.2992, -2.0799 -9.1066 -1.2992, -2.1624 -9.1408 0.2362, -2.1051 -9.117 0.2362, -2.0799 -9.1066 0.2362, -1.9882 -9.0945 0.2362, -1.9882 -9.0945 -1.2992, -1.8965 -9.1066 0.2362, -1.8965 -9.1066 -1.2992, -1.8712 -9.117 0.2362, -1.8139 -9.1408 0.2362, -1.811 -9.142 -1.2992, -1.811 -9.142 0.2362, -1.7376 -9.1983 0.2362, -1.7376 -9.1983 -1.2992, -1.6813 -9.2717 0.2362, -1.6813 -9.2717 -1.2992, -1.653 -9.34 0.2362, -1.6459 -9.3571 -1.2992, -1.6459 -9.3571 0.2362, -1.6339 -9.4488 0.2362, -1.6339 -9.4488 -1.2992, -1.6459 -9.5405 0.2362, -1.6459 -9.5405 -1.2992, -1.6813 -9.626 0.2362, -1.6813 -9.626 -1.2992, -1.7376 -9.6994 0.2362, -1.7376 -9.6994 -1.2992, -1.811 -9.7557 0.2362, -1.811 -9.7557 -1.2992, -1.8965 -9.7911 0.2362, -1.8965 -9.7911 -1.2992, -1.9882 -9.8032 0.2362, -1.9882 -9.8032 -1.2992, -2.0799 -9.7911 0.2362, -2.0799 -9.7911 -1.2992, -2.1654 -9.7557 0.2362, -2.1654 -9.7557 -1.2992, -2.2387 -9.6994 0.2362, -2.2387 -9.6994 -1.2992, -2.295 -9.626 0.2362, -2.295 -9.626 -1.2992, -2.3304 -9.5405 0.2362, -2.3304 -9.5405 -1.2992, -2.3425 -9.4488 0.2362, -2.3425 -9.4488 -1.2992, -2.3304 -9.3571 0.2362, -2.3304 -9.3571 -1.2992, -2.3234 -9.34 0.2362, -2.295 -9.2717 0.2362, -2.261 -9.6063 -1.3386, -2.2924 -9.5303 -1.3386, -1.9882 -9.4488 -1.3386, -2.3031 -9.4488 -1.3386, -2.2924 -9.3673 -1.3386, -2.0697 -9.7531 -1.3386, -2.1457 -9.7216 -1.3386, -2.2109 -9.6715 -1.3386, -1.8307 -9.7216 -1.3386, -1.9067 -9.7531 -1.3386, -1.9882 -9.7638 -1.3386, -1.684 -9.5303 -1.3386, -1.7154 -9.6063 -1.3386, -1.7655 -9.6715 -1.3386, -1.7154 -9.2913 -1.3386, -1.684 -9.3673 -1.3386, -1.6732 -9.4488 -1.3386, -1.9067 -9.1446 -1.3386, -1.8307 -9.1761 -1.3386, -1.7655 -9.2261 -1.3386, -2.1457 -9.1761 -1.3386, -2.0697 -9.1446 -1.3386, -1.9882 -9.1339 -1.3386, -2.261 -9.2913 -1.3386, -2.2109 -9.2261 -1.3386, 1.6813 -9.2717 -1.2992, 1.7376 -9.1983 0.2362, 1.7376 -9.1983 -1.2992, 1.811 -9.142 0.2362, 1.811 -9.142 -1.2992, 1.8965 -9.1066 -1.2992, 1.8139 -9.1408 0.2362, 1.8712 -9.117 0.2362, 1.8965 -9.1066 0.2362, 1.9882 -9.0945 0.2362, 1.9882 -9.0945 -1.2992, 2.0799 -9.1066 0.2362, 2.0799 -9.1066 -1.2992, 2.1051 -9.117 0.2362, 2.1624 -9.1408 0.2362, 2.1654 -9.142 -1.2992, 2.1654 -9.142 0.2362, 2.2387 -9.1983 0.2362, 2.2387 -9.1983 -1.2992, 2.295 -9.2717 0.2362, 2.295 -9.2717 -1.2992, 2.3234 -9.34 0.2362, 2.3304 -9.3571 -1.2992, 2.3304 -9.3571 0.2362, 2.3425 -9.4488 0.2362, 2.3425 -9.4488 -1.2992, 2.3304 -9.5405 0.2362, 2.3304 -9.5405 -1.2992, 2.295 -9.626 0.2362, 2.295 -9.626 -1.2992, 2.2387 -9.6994 0.2362, 2.2387 -9.6994 -1.2992, 2.1654 -9.7557 0.2362, 2.1654 -9.7557 -1.2992, 2.0799 -9.7911 0.2362, 2.0799 -9.7911 -1.2992, 1.9882 -9.8032 0.2362, 1.9882 -9.8032 -1.2992, 1.8965 -9.7911 0.2362, 1.8965 -9.7911 -1.2992, 1.811 -9.7557 0.2362, 1.811 -9.7557 -1.2992, 1.7376 -9.6994 0.2362, 1.7376 -9.6994 -1.2992, 1.6813 -9.626 0.2362, 1.6813 -9.626 -1.2992, 1.6459 -9.5405 0.2362, 1.6459 -9.5405 -1.2992, 1.6339 -9.4488 0.2362, 1.6339 -9.4488 -1.2992, 1.6459 -9.3571 0.2362, 1.6459 -9.3571 -1.2992, 1.653 -9.34 0.2362, 1.6813 -9.2717 0.2362, 2.261 -9.2913 -1.3386, 2.2924 -9.3673 -1.3386, 1.9882 -9.4488 -1.3386, 2.3031 -9.4488 -1.3386, 2.2924 -9.5303 -1.3386, 2.0697 -9.1446 -1.3386, 2.1457 -9.1761 -1.3386, 2.2109 -9.2261 -1.3386, 1.8307 -9.1761 -1.3386, 1.9067 -9.1446 -1.3386, 1.9882 -9.1339 -1.3386, 1.684 -9.3673 -1.3386, 1.7154 -9.2913 -1.3386, 1.7655 -9.2261 -1.3386, 1.7154 -9.6063 -1.3386, 1.684 -9.5303 -1.3386, 1.6732 -9.4488 -1.3386, 1.9067 -9.7531 -1.3386, 1.8307 -9.7216 -1.3386, 1.7655 -9.6715 -1.3386, 2.1457 -9.7216 -1.3386, 2.0697 -9.7531 -1.3386, 1.9882 -9.7638 -1.3386, 2.261 -9.6063 -1.3386, 2.2109 -9.6715 -1.3386, -2.4606 -7.7756 0.0394, -2.4606 -8.1693 0.0394, -2.4606 -7.7756 0.2362, -2.4606 -8.1693 0.2362, -0.8858 -7.7756 0.2362, -0.8858 -7.7756 0.0394, -2.4016 -7.7756 0.2362, -0.8858 -8.1693 0.0394, -0.8858 -8.1693 0.2362, -2.4016 -8.1693 0.2362, -0.8858 -11.1221 0.0394, -0.8858 -10.7284 0.0394, -0.8858 -11.1221 0.2362, -0.8858 -10.7284 0.2362, -2.4606 -11.1221 0.2362, -2.4606 -11.1221 0.0394, -2.4016 -11.1221 0.2362, -2.4606 -10.7284 0.0394, -2.4606 -10.7284 0.2362, -2.4016 -10.7284 0.2362, 0.8858 -7.7756 0.0394, 0.8858 -8.1693 0.0394, 0.8858 -7.7756 0.2362, 0.8858 -8.1693 0.2362, 2.4606 -7.7756 0.2362, 2.4606 -7.7756 0.0394, 1.2598 -7.7756 0.2362, 2.4606 -8.1693 0.0394, 2.4606 -8.1693 0.2362, 1.2598 -8.1693 0.2362, 2.4606 -10.7284 0.2362, 2.4606 -10.7284 0.0394, 1.2598 -10.7284 0.2362, 0.8858 -10.7284 0.0394, 0.8858 -10.7284 0.2362, 2.4606 -11.1221 0.0394, 2.4606 -11.1221 0.2362, 0.8858 -11.1221 0.0394, 1.2598 -11.1221 0.2362, 0.8858 -11.1221 0.2362, -0.7874 -11.1811 1.2346, -0.7874 -11.9685 1.2346, -0.502 -11.1811 1.1058, -0.502 -11.9685 1.1058, -0.1969 -11.1811 1.036, -0.1969 -11.9685 1.036, -0.098 -11.1811 0.2362, 0.046 -11.1811 0.2362, 0.0 -11.1811 1.2205, -1.1811 -11.1811 0.2362, -0.7874 -11.1811 0.2362, -1.1811 -11.1811 1.5568, -1.5721 -11.1811 2.5056, -1.5134 -11.1811 2.1628, -1.3809 -11.1811 1.8414, -0.1969 -11.1811 0.2362, 0.1969 -11.1811 0.2362, 0.1969 -11.1811 1.036, 0.3298 -11.1811 1.2605, -0.6404 -11.1811 1.3783, -0.3298 -11.1811 1.2605, 0.5349 -11.1811 1.1173, 0.9138 -11.1811 1.567, 0.6404 -11.1811 1.3783, -0.9138 -11.1811 1.567, -1.134 -11.1811 1.8157, -1.2884 -11.1811 2.1098, -1.3679 -11.1811 2.4323, -1.5541 -11.1811 2.8528, -1.3679 -11.1811 2.7645, -1.4604 -11.1811 3.1876, -1.2884 -11.1811 3.0871, -1.2955 -11.1811 3.4937, -1.134 -11.1811 3.3812, -1.0675 -11.1811 3.7562, -0.9138 -11.1811 3.6298, -0.7874 -11.1811 3.9622, -0.6404 -11.1811 3.8185, -0.4689 -11.1811 4.1018, -0.3298 -11.1811 3.9363, -0.1276 -11.1811 4.1681, 0.0 -11.1811 3.9764, 0.2199 -11.1811 4.1578, 0.3298 -11.1811 3.9363, 0.8469 -11.1811 1.2707, 1.1176 -11.1811 1.489, 1.134 -11.1811 1.8157, 1.3338 -11.1811 1.7612, 1.2884 -11.1811 2.1098, 1.485 -11.1811 2.0743, 1.3679 -11.1811 2.4323, 1.5638 -11.1811 2.413, 1.3679 -11.1811 2.7645, 1.5664 -11.1811 2.7607, 1.2884 -11.1811 3.0871, 1.4926 -11.1811 3.1005, 1.134 -11.1811 3.3812, 1.3461 -11.1811 3.4158, 0.9138 -11.1811 3.6298, 1.1339 -11.1811 3.6912, 0.6404 -11.1811 3.8185, 0.8665 -11.1811 3.9134, 0.5568 -11.1811 4.0715, 0.0 -10.3937 1.2205, 0.3298 -10.3937 1.2605, 0.6404 -10.3937 1.3783, 0.9138 -10.3937 1.567, 1.134 -10.3937 1.8157, 1.2884 -10.3937 2.1098, 1.3679 -10.3937 2.4323, 1.3679 -10.3937 2.7645, 1.2884 -10.3937 3.0871, 1.134 -10.3937 3.3812, 0.9138 -10.3937 3.6298, 0.6404 -10.3937 3.8185, 0.3298 -10.3937 3.9363, 0.0 -10.3937 3.9764, -0.3298 -10.3937 3.9363, -0.6404 -10.3937 3.8185, -0.9138 -10.3937 3.6298, -1.134 -10.3937 3.3812, -1.2884 -10.3937 3.0871, -1.3679 -10.3937 2.7645, -1.3679 -10.3937 2.4323, -1.2884 -10.3937 2.1098, -1.134 -10.3937 1.8157, -0.9138 -10.3937 1.567, -0.6404 -10.3937 1.3783, -0.3298 -10.3937 1.2605, -1.1174 -10.3937 2.5628, -1.122 -10.3937 2.5984, -1.1036 -10.3937 2.6673, -1.1174 -10.3937 2.6341, -0.2953 -10.3937 3.1099, -0.1528 -10.3937 3.1689, -1.0817 -10.3937 2.501, -1.1036 -10.3937 2.5295, -0.8512 -10.3937 2.5628, -0.4176 -10.3937 2.1808, -0.8465 -10.3937 2.5984, -0.5114 -10.3937 2.3032, -0.9154 -10.3937 2.4791, -0.2953 -10.3937 2.087, -0.8868 -10.3937 2.501, -0.8649 -10.3937 2.5295, -0.1528 -10.3937 2.028, -0.9486 -10.3937 2.4653, -0.9843 -10.3937 2.4606, -1.0199 -10.3937 2.4653, -1.0531 -10.3937 2.4791, -0.5704 -10.3937 2.7513, -0.5114 -10.3937 2.8937, -0.8868 -10.3937 2.6959, -0.4176 -10.3937 3.016, -1.0817 -10.3937 2.6959, -1.0531 -10.3937 2.7178, -1.0199 -10.3937 2.7315, -0.9843 -10.3937 2.7362, -0.9486 -10.3937 2.7315, -0.9154 -10.3937 2.7178, -0.5704 -10.3937 2.4456, -0.5906 -10.3937 2.5984, -0.8512 -10.3937 2.6341, -0.8649 -10.3937 2.6673, 0.0 -10.3937 3.189, 0.1528 -10.3937 3.1689, 0.2953 -10.3937 3.1099, 0.4176 -10.3937 3.016, 0.5114 -10.3937 2.8937, 0.5704 -10.3937 2.7513, 0.5906 -10.3937 2.5984, 0.5704 -10.3937 2.4456, 0.0 -10.3937 2.0079, 0.1528 -10.3937 2.028, 0.2953 -10.3937 2.087, 0.4176 -10.3937 2.1808, 0.5114 -10.3937 2.3032, 0.1528 -10.7874 3.1689, 0.2953 -10.7874 3.1099, 0.4176 -10.7874 3.016, 0.5114 -10.7874 2.8937, 0.5704 -10.7874 2.7513, 0.5906 -10.7874 2.5984, 0.5704 -10.7874 2.4456, 0.5114 -10.7874 2.3032, 0.4176 -10.7874 2.1808, 0.2953 -10.7874 2.087, 0.1528 -10.7874 2.028, 0.0 -10.7874 2.0079, -0.1528 -10.7874 2.028, -0.2953 -10.7874 2.087, -0.4176 -10.7874 2.1808, -0.5114 -10.7874 2.3032, -0.5704 -10.7874 2.4456, -0.5906 -10.7874 2.5984, -0.5704 -10.7874 2.7513, -0.5114 -10.7874 2.8937, -0.4176 -10.7874 3.016, -0.2953 -10.7874 3.1099, -0.1528 -10.7874 3.1689, 0.0 -10.7874 3.189, 0.1193 -10.7874 2.5295, 0.1331 -10.7874 2.5628, 0.1378 -10.7874 2.5984, 0.1331 -10.7874 2.6341, 0.1193 -10.7874 2.6673, 0.0974 -10.7874 2.6959, 0.0689 -10.7874 2.7178, 0.0357 -10.7874 2.7315, 0.0 -10.7874 2.7362, -0.0357 -10.7874 2.7315, -0.0689 -10.7874 2.7178, -0.0974 -10.7874 2.6959, -0.1193 -10.7874 2.6673, -0.1331 -10.7874 2.6341, -0.1378 -10.7874 2.5984, -0.1331 -10.7874 2.5628, -0.1193 -10.7874 2.5295, -0.0974 -10.7874 2.501, -0.0689 -10.7874 2.4791, -0.0357 -10.7874 2.4653, 0.0 -10.7874 2.4606, 0.0357 -10.7874 2.4653, 0.0689 -10.7874 2.4791, 0.0974 -10.7874 2.501
            ]
        }
        coordIndex [
            0,1,2,-1,2,1,3,-1,2,3,4,-1,4,3,5,-1,4,5,6,-1,6,5,7,-1,6,7,8,-1,8,7,9,-1,8,9,10,-1,10,9,11,-1,10,11,12,-1,12,11,13,-1,12,13,14,-1,14,13,15,-1,14,15,16,-1,16,15,17,-1,16,17,18,-1,18,17,19,-1,18,19,20,-1,20,19,21,-1,20,21,22,-1,22,21,23,-1,22,23,24,-1,24,23,25,-1,24,25,26,-1,26,25,27,-1,26,27,28,-1,28,27,29,-1,28,29,30,-1,30,29,31,-1,31,32,30,-1,30,32,33,-1,30,33,34,-1,34,33,35,-1,34,35,36,-1,36,35,37,-1,36,37,38,-1,38,37,39,-1,38,39,40,-1,40,39,41,-1,40,41,42,-1,42,41,43,-1,42,43,44,-1,44,43,45,-1,44,45,46,-1,46,45,47,-1,46,47,48,-1,48,47,49,-1,48,49,50,-1,50,49,51,-1,50,51,52,-1,52,51,53,-1,52,53,54,-1,54,53,55,-1,54,55,56,-1,56,55,57,-1,56,57,58,-1,58,57,59,-1,58,59,0,-1,0,59,60,-1,0,60,1,-1,61,62,63,-1,64,65,66,-1,66,65,67,-1,68,69,70,-1,71,72,73,-1,73,72,74,-1,73,74,75,-1,76,77,78,-1,79,80,65,-1,65,80,81,-1,65,81,82,-1,83,84,85,-1,85,84,69,-1,85,69,86,-1,86,69,68,-1,87,88,89,-1,90,91,92,-1,93,94,95,-1,95,94,96,-1,95,96,97,-1,98,99,92,-1,92,99,100,-1,92,100,101,-1,102,103,104,-1,105,106,107,-1,108,109,110,-1,111,82,112,-1,64,113,65,-1,65,113,114,-1,65,114,115,-1,116,117,118,-1,118,117,119,-1,118,119,120,-1,120,121,118,-1,118,121,122,-1,118,122,123,-1,124,125,126,-1,127,128,129,-1,130,131,132,-1,132,131,133,-1,132,133,134,-1,88,87,92,-1,92,87,135,-1,92,135,90,-1,83,136,84,-1,84,136,137,-1,84,137,138,-1,93,95,92,-1,92,95,139,-1,92,139,98,-1,140,141,92,-1,92,141,142,-1,92,142,88,-1,75,143,73,-1,73,143,144,-1,73,144,145,-1,145,144,146,-1,147,148,149,-1,149,148,150,-1,149,150,151,-1,152,153,154,-1,155,156,157,-1,158,110,159,-1,159,110,160,-1,159,160,161,-1,162,163,164,-1,165,164,166,-1,166,164,167,-1,168,169,170,-1,171,170,172,-1,172,170,173,-1,174,175,84,-1,84,175,176,-1,84,176,177,-1,178,179,180,-1,180,179,181,-1,180,181,182,-1,65,183,184,-1,111,185,82,-1,82,185,186,-1,82,186,65,-1,65,186,187,-1,65,187,67,-1,116,188,117,-1,117,188,65,-1,117,65,189,-1,189,65,190,-1,132,118,191,-1,191,118,192,-1,193,95,194,-1,194,95,125,-1,194,125,195,-1,195,125,124,-1,196,197,198,-1,197,196,129,-1,129,196,199,-1,129,199,127,-1,70,200,68,-1,68,200,201,-1,68,201,202,-1,203,204,95,-1,95,204,205,-1,95,205,125,-1,101,206,92,-1,92,206,207,-1,92,207,140,-1,146,208,145,-1,145,208,209,-1,145,209,210,-1,210,209,147,-1,210,147,211,-1,211,147,149,-1,63,62,212,-1,212,62,213,-1,212,213,104,-1,104,213,214,-1,104,214,102,-1,215,157,216,-1,217,218,219,-1,220,221,107,-1,222,223,224,-1,224,223,225,-1,226,227,228,-1,229,230,231,-1,232,233,234,-1,235,236,180,-1,237,238,239,-1,239,238,240,-1,239,240,241,-1,242,243,78,-1,78,243,244,-1,78,244,245,-1,174,84,180,-1,180,84,246,-1,180,246,178,-1,247,248,180,-1,180,248,249,-1,180,249,250,-1,251,252,253,-1,254,255,256,-1,193,257,95,-1,95,257,258,-1,95,258,259,-1,130,132,129,-1,129,132,260,-1,129,260,261,-1,261,262,129,-1,129,262,263,-1,129,263,264,-1,265,266,132,-1,132,266,267,-1,132,267,118,-1,138,137,91,-1,91,137,268,-1,91,268,92,-1,269,270,149,-1,149,270,271,-1,149,271,63,-1,63,271,272,-1,63,272,273,-1,274,275,104,-1,276,223,277,-1,277,223,218,-1,277,218,278,-1,278,218,217,-1,279,280,281,-1,280,279,107,-1,107,279,282,-1,107,282,220,-1,226,283,227,-1,227,283,284,-1,227,284,164,-1,164,284,285,-1,164,285,162,-1,158,286,110,-1,110,286,287,-1,110,287,288,-1,105,107,164,-1,164,107,289,-1,164,289,167,-1,106,290,107,-1,107,290,291,-1,107,291,292,-1,293,294,164,-1,164,294,295,-1,164,295,227,-1,296,297,76,-1,229,298,230,-1,230,298,299,-1,230,299,170,-1,170,299,300,-1,170,300,168,-1,77,301,78,-1,78,301,302,-1,78,302,303,-1,108,110,170,-1,170,110,304,-1,170,304,173,-1,109,305,110,-1,110,305,306,-1,110,306,307,-1,308,309,170,-1,170,309,310,-1,170,310,230,-1,311,250,312,-1,250,311,180,-1,180,311,313,-1,180,313,235,-1,237,239,78,-1,78,239,314,-1,78,314,242,-1,78,315,316,-1,317,318,84,-1,84,318,319,-1,84,319,69,-1,182,320,180,-1,180,320,321,-1,180,321,247,-1,184,322,65,-1,65,322,323,-1,65,323,79,-1,190,65,324,-1,324,65,115,-1,324,115,253,-1,253,115,325,-1,253,325,251,-1,252,326,253,-1,253,326,327,-1,253,327,328,-1,328,327,329,-1,328,329,330,-1,192,118,331,-1,331,118,123,-1,331,123,256,-1,256,123,332,-1,256,332,254,-1,255,333,256,-1,256,333,334,-1,256,334,335,-1,335,334,336,-1,335,336,337,-1,126,338,124,-1,124,338,339,-1,124,339,340,-1,341,342,129,-1,129,342,343,-1,129,343,197,-1,89,344,87,-1,87,344,345,-1,87,345,346,-1,346,347,87,-1,87,347,348,-1,87,348,349,-1,349,348,350,-1,349,350,351,-1,97,352,95,-1,95,352,353,-1,95,353,203,-1,354,355,356,-1,357,358,359,-1,153,360,63,-1,63,360,361,-1,63,361,61,-1,362,363,364,-1,364,363,365,-1,364,365,366,-1,367,368,369,-1,276,370,223,-1,223,370,371,-1,223,371,372,-1,155,157,223,-1,223,157,373,-1,223,373,225,-1,156,374,157,-1,157,374,375,-1,157,375,376,-1,377,378,223,-1,223,378,379,-1,223,379,218,-1,380,381,107,-1,107,381,382,-1,107,382,280,-1,296,76,383,-1,384,385,110,-1,110,385,386,-1,110,386,160,-1,387,388,389,-1,389,388,233,-1,389,233,390,-1,390,233,232,-1,387,391,388,-1,388,391,392,-1,388,392,393,-1,394,395,396,-1,397,398,399,-1,400,401,388,-1,388,401,402,-1,388,402,403,-1,404,405,406,-1,407,408,409,-1,410,411,412,-1,412,411,413,-1,412,413,414,-1,415,416,239,-1,239,416,417,-1,239,417,405,-1,245,418,78,-1,78,418,419,-1,78,419,315,-1,112,420,111,-1,111,420,421,-1,111,421,422,-1,422,421,423,-1,422,423,424,-1,259,258,128,-1,128,258,425,-1,128,425,129,-1,264,426,129,-1,129,426,427,-1,129,427,341,-1,134,428,132,-1,132,428,429,-1,132,429,265,-1,430,431,432,-1,432,431,433,-1,432,433,434,-1,434,433,435,-1,434,435,436,-1,436,435,437,-1,436,437,438,-1,438,437,439,-1,438,439,202,-1,202,439,440,-1,202,440,68,-1,351,350,441,-1,441,350,442,-1,441,442,443,-1,443,442,444,-1,443,444,445,-1,445,444,446,-1,445,446,447,-1,269,149,448,-1,448,149,151,-1,448,151,356,-1,356,151,449,-1,356,449,354,-1,450,451,452,-1,452,451,453,-1,355,454,356,-1,356,454,452,-1,356,452,455,-1,455,452,453,-1,456,457,153,-1,153,457,458,-1,153,458,154,-1,357,359,154,-1,154,359,459,-1,154,459,152,-1,367,369,365,-1,365,369,460,-1,365,460,366,-1,219,461,217,-1,217,461,462,-1,217,462,463,-1,464,465,157,-1,157,465,466,-1,157,466,216,-1,161,467,159,-1,159,467,468,-1,159,468,469,-1,469,470,159,-1,159,470,471,-1,159,471,472,-1,472,471,473,-1,472,473,474,-1,228,475,226,-1,226,475,476,-1,226,476,477,-1,288,287,163,-1,163,287,478,-1,163,478,164,-1,292,479,107,-1,107,479,480,-1,107,480,380,-1,165,481,164,-1,164,481,482,-1,164,482,293,-1,316,483,78,-1,78,483,484,-1,78,484,76,-1,76,484,485,-1,76,485,383,-1,297,486,76,-1,76,486,487,-1,76,487,488,-1,488,487,489,-1,488,489,490,-1,231,491,229,-1,229,491,492,-1,229,492,493,-1,303,302,169,-1,169,302,494,-1,169,494,170,-1,307,495,110,-1,110,495,496,-1,110,496,384,-1,171,497,170,-1,170,497,498,-1,170,498,308,-1,234,499,232,-1,232,499,500,-1,232,500,501,-1,502,503,504,-1,503,502,399,-1,399,502,505,-1,399,505,397,-1,506,507,508,-1,507,506,409,-1,409,506,509,-1,409,509,407,-1,177,510,84,-1,84,510,511,-1,84,511,317,-1,198,512,196,-1,196,512,513,-1,196,513,514,-1,514,515,196,-1,196,515,516,-1,196,516,517,-1,517,516,518,-1,517,518,519,-1,273,520,63,-1,63,520,521,-1,63,521,153,-1,153,521,522,-1,153,522,456,-1,103,523,364,-1,364,523,524,-1,364,524,362,-1,364,525,216,-1,216,525,526,-1,216,526,215,-1,364,216,103,-1,103,216,527,-1,103,527,104,-1,104,527,528,-1,104,528,274,-1,275,529,104,-1,104,529,530,-1,104,530,531,-1,531,532,104,-1,104,532,533,-1,104,533,534,-1,372,371,221,-1,221,371,535,-1,221,535,107,-1,376,536,157,-1,157,536,537,-1,157,537,464,-1,222,538,223,-1,223,538,539,-1,223,539,377,-1,474,473,540,-1,540,473,541,-1,540,541,542,-1,542,541,543,-1,542,543,544,-1,544,543,545,-1,544,545,546,-1,490,489,547,-1,547,489,548,-1,547,548,549,-1,549,548,550,-1,549,550,551,-1,551,550,552,-1,551,552,553,-1,393,392,236,-1,236,392,554,-1,236,554,180,-1,555,412,556,-1,556,412,395,-1,556,395,557,-1,557,395,394,-1,555,558,412,-1,412,558,559,-1,412,559,560,-1,400,388,399,-1,399,388,561,-1,399,561,562,-1,562,563,399,-1,399,563,564,-1,399,564,565,-1,566,567,388,-1,388,567,568,-1,388,568,233,-1,569,239,570,-1,570,239,405,-1,570,405,571,-1,571,405,404,-1,569,572,239,-1,239,572,573,-1,239,573,574,-1,410,412,409,-1,409,412,575,-1,409,575,576,-1,576,577,409,-1,409,577,578,-1,409,578,579,-1,580,581,412,-1,412,581,582,-1,412,582,395,-1,241,583,239,-1,239,583,584,-1,239,584,415,-1,424,585,422,-1,422,585,586,-1,422,586,587,-1,587,588,422,-1,422,588,589,-1,422,589,590,-1,590,589,591,-1,590,591,592,-1,592,591,593,-1,592,593,594,-1,594,593,595,-1,594,595,596,-1,596,595,597,-1,596,597,598,-1,598,597,599,-1,598,599,600,-1,330,601,328,-1,328,601,602,-1,328,602,603,-1,603,604,328,-1,328,604,605,-1,328,605,606,-1,606,605,607,-1,606,607,608,-1,337,609,335,-1,335,609,610,-1,335,610,611,-1,611,612,335,-1,335,612,613,-1,335,613,614,-1,614,613,615,-1,614,615,616,-1,617,618,619,-1,619,618,620,-1,619,620,621,-1,621,620,622,-1,621,622,623,-1,623,622,624,-1,623,624,625,-1,625,624,626,-1,625,626,340,-1,340,626,627,-1,340,627,124,-1,519,518,628,-1,628,518,629,-1,628,629,630,-1,630,629,631,-1,630,631,632,-1,632,631,633,-1,632,633,634,-1,450,635,451,-1,451,635,636,-1,451,636,637,-1,358,638,359,-1,359,638,639,-1,359,639,640,-1,368,641,369,-1,369,641,642,-1,369,642,643,-1,281,644,279,-1,279,644,645,-1,279,645,646,-1,646,647,279,-1,279,647,648,-1,279,648,649,-1,649,648,650,-1,649,650,651,-1,312,652,311,-1,311,652,653,-1,311,653,654,-1,654,655,311,-1,311,655,656,-1,311,656,657,-1,657,656,658,-1,657,658,659,-1,396,660,394,-1,394,660,661,-1,394,661,662,-1,663,664,399,-1,399,664,665,-1,399,665,503,-1,406,666,404,-1,404,666,667,-1,404,667,668,-1,669,670,409,-1,409,670,671,-1,409,671,507,-1,608,607,672,-1,672,607,673,-1,672,673,674,-1,674,673,675,-1,674,675,676,-1,676,675,677,-1,676,677,678,-1,616,615,679,-1,679,615,680,-1,679,680,681,-1,681,680,682,-1,681,682,683,-1,683,682,684,-1,683,684,685,-1,637,686,451,-1,451,686,687,-1,451,687,688,-1,689,690,691,-1,691,690,692,-1,691,692,693,-1,693,692,694,-1,693,694,695,-1,695,694,696,-1,695,696,697,-1,697,696,698,-1,697,698,463,-1,463,698,699,-1,463,699,217,-1,651,650,700,-1,700,650,701,-1,700,701,702,-1,702,701,703,-1,702,703,704,-1,704,703,705,-1,704,705,706,-1,707,708,709,-1,709,708,710,-1,709,710,711,-1,711,710,712,-1,711,712,713,-1,713,712,714,-1,713,714,715,-1,715,714,716,-1,715,716,477,-1,477,716,717,-1,477,717,226,-1,718,719,720,-1,720,719,721,-1,720,721,722,-1,722,721,723,-1,722,723,724,-1,724,723,725,-1,724,725,726,-1,726,725,727,-1,726,727,493,-1,493,727,728,-1,493,728,229,-1,729,730,731,-1,731,730,732,-1,731,732,733,-1,733,732,734,-1,733,734,735,-1,735,734,736,-1,735,736,737,-1,737,736,738,-1,737,738,501,-1,501,738,739,-1,501,739,232,-1,659,658,740,-1,740,658,741,-1,740,741,742,-1,742,741,743,-1,742,743,744,-1,744,743,745,-1,744,745,746,-1,560,559,398,-1,398,559,747,-1,398,747,399,-1,565,748,399,-1,399,748,749,-1,399,749,663,-1,403,750,388,-1,388,750,751,-1,388,751,566,-1,574,573,408,-1,408,573,752,-1,408,752,409,-1,579,753,409,-1,409,753,754,-1,409,754,669,-1,414,755,412,-1,412,755,756,-1,412,756,580,-1,757,758,759,-1,759,758,760,-1,759,760,761,-1,761,760,762,-1,761,762,763,-1,759,764,757,-1,757,764,765,-1,757,765,688,-1,688,765,766,-1,688,766,451,-1,504,767,502,-1,502,767,768,-1,502,768,769,-1,769,770,502,-1,502,770,771,-1,502,771,772,-1,772,771,773,-1,772,773,774,-1,508,775,506,-1,506,775,776,-1,506,776,777,-1,777,778,506,-1,506,778,779,-1,506,779,780,-1,780,779,781,-1,780,781,782,-1,783,784,785,-1,785,784,786,-1,785,786,787,-1,787,786,788,-1,787,788,789,-1,789,788,790,-1,789,790,791,-1,791,790,792,-1,791,792,640,-1,640,792,793,-1,640,793,359,-1,794,795,796,-1,796,795,797,-1,796,797,798,-1,798,797,799,-1,798,799,800,-1,800,799,801,-1,800,801,802,-1,802,801,803,-1,802,803,643,-1,643,803,804,-1,643,804,369,-1,805,806,807,-1,807,806,808,-1,807,808,809,-1,809,808,810,-1,809,810,811,-1,811,810,812,-1,811,812,813,-1,813,812,814,-1,813,814,662,-1,662,814,815,-1,662,815,394,-1,774,773,816,-1,816,773,817,-1,816,817,818,-1,818,817,819,-1,818,819,820,-1,820,819,821,-1,820,821,822,-1,823,824,825,-1,825,824,826,-1,825,826,827,-1,827,826,828,-1,827,828,829,-1,829,828,830,-1,829,830,831,-1,831,830,832,-1,831,832,668,-1,668,832,833,-1,668,833,404,-1,782,781,834,-1,834,781,835,-1,834,835,836,-1,836,835,837,-1,836,837,838,-1,838,837,839,-1,838,839,840,-1,841,842,843,-1,841,843,844,-1,842,841,845,-1,845,841,846,-1,845,846,847,-1,847,846,848,-1,848,846,849,-1,848,849,850,-1,850,849,851,-1,851,849,852,-1,851,852,853,-1,853,852,854,-1,854,852,855,-1,854,855,856,-1,856,855,857,-1,857,855,858,-1,857,858,859,-1,859,858,860,-1,860,858,861,-1,860,861,862,-1,862,861,863,-1,863,861,864,-1,863,864,865,-1,865,864,866,-1,866,864,867,-1,866,867,868,-1,868,867,869,-1,869,867,870,-1,869,870,871,-1,871,870,872,-1,872,870,873,-1,872,873,874,-1,874,873,875,-1,875,873,876,-1,875,876,877,-1,877,876,878,-1,878,876,879,-1,878,879,880,-1,880,879,881,-1,881,879,882,-1,881,882,883,-1,883,882,884,-1,883,884,885,-1,885,884,886,-1,885,886,887,-1,887,886,888,-1,888,886,889,-1,888,889,890,-1,890,889,891,-1,891,889,892,-1,891,892,893,-1,893,892,894,-1,894,892,895,-1,894,895,896,-1,896,895,897,-1,897,895,898,-1,897,898,899,-1,899,898,900,-1,900,898,901,-1,900,901,902,-1,902,901,903,-1,903,901,904,-1,903,904,905,-1,905,904,906,-1,906,904,907,-1,906,907,908,-1,908,907,909,-1,909,907,910,-1,909,910,911,-1,911,910,912,-1,912,910,913,-1,912,913,914,-1,914,913,915,-1,915,913,916,-1,915,916,917,-1,917,916,918,-1,918,916,919,-1,918,919,920,-1,921,922,919,-1,919,922,923,-1,919,923,920,-1,924,925,926,-1,926,927,924,-1,924,927,928,-1,924,928,921,-1,921,928,929,-1,921,929,922,-1,843,930,844,-1,844,930,931,-1,844,931,932,-1,932,931,933,-1,932,933,925,-1,925,933,934,-1,925,934,926,-1,935,936,937,-1,937,936,938,-1,937,938,939,-1,939,938,940,-1,940,938,941,-1,940,941,942,-1,942,943,940,-1,940,943,944,-1,940,944,945,-1,945,944,946,-1,945,946,947,-1,946,948,947,-1,947,948,949,-1,947,949,950,-1,949,951,950,-1,950,951,952,-1,950,952,953,-1,953,952,954,-1,953,954,955,-1,955,954,956,-1,955,956,957,-1,956,958,957,-1,957,958,959,-1,957,959,960,-1,960,959,961,-1,960,961,962,-1,962,961,963,-1,962,963,964,-1,964,963,965,-1,964,965,966,-1,966,965,967,-1,966,967,968,-1,968,967,969,-1,968,969,970,-1,970,969,971,-1,970,971,972,-1,972,971,973,-1,972,973,974,-1,974,973,975,-1,974,975,976,-1,976,975,977,-1,976,977,978,-1,978,977,979,-1,978,979,980,-1,980,979,981,-1,980,981,982,-1,982,981,983,-1,982,983,984,-1,984,983,985,-1,984,985,986,-1,986,985,987,-1,986,987,935,-1,935,987,988,-1,935,988,936,-1,989,990,991,-1,991,990,992,-1,991,992,993,-1,994,995,991,-1,991,995,996,-1,991,996,989,-1,997,998,991,-1,991,998,999,-1,991,999,994,-1,1000,1001,991,-1,991,1001,1002,-1,991,1002,997,-1,1003,1004,991,-1,991,1004,1005,-1,991,1005,1000,-1,1006,1007,991,-1,991,1007,1008,-1,991,1008,1003,-1,1009,1010,991,-1,991,1010,1011,-1,991,1011,1006,-1,993,1012,991,-1,991,1012,1013,-1,991,1013,1009,-1,1014,1015,1016,-1,1016,1015,1017,-1,1016,1017,1018,-1,1018,1017,1019,-1,1019,1017,1020,-1,1019,1020,1021,-1,1021,1022,1019,-1,1019,1022,1023,-1,1019,1023,1024,-1,1024,1023,1025,-1,1024,1025,1026,-1,1025,1027,1026,-1,1026,1027,1028,-1,1026,1028,1029,-1,1028,1030,1029,-1,1029,1030,1031,-1,1029,1031,1032,-1,1032,1031,1033,-1,1032,1033,1034,-1,1034,1033,1035,-1,1034,1035,1036,-1,1035,1037,1036,-1,1036,1037,1038,-1,1036,1038,1039,-1,1039,1038,1040,-1,1039,1040,1041,-1,1041,1040,1042,-1,1041,1042,1043,-1,1043,1042,1044,-1,1043,1044,1045,-1,1045,1044,1046,-1,1045,1046,1047,-1,1047,1046,1048,-1,1047,1048,1049,-1,1049,1048,1050,-1,1049,1050,1051,-1,1051,1050,1052,-1,1051,1052,1053,-1,1053,1052,1054,-1,1053,1054,1055,-1,1055,1054,1056,-1,1055,1056,1057,-1,1057,1056,1058,-1,1057,1058,1059,-1,1059,1058,1060,-1,1059,1060,1061,-1,1061,1060,1062,-1,1061,1062,1063,-1,1063,1062,1064,-1,1063,1064,1065,-1,1065,1064,1066,-1,1065,1066,1014,-1,1014,1066,1067,-1,1014,1067,1015,-1,1068,1069,1070,-1,1070,1069,1071,-1,1070,1071,1072,-1,1073,1074,1070,-1,1070,1074,1075,-1,1070,1075,1068,-1,1076,1077,1070,-1,1070,1077,1078,-1,1070,1078,1073,-1,1079,1080,1070,-1,1070,1080,1081,-1,1070,1081,1076,-1,1082,1083,1070,-1,1070,1083,1084,-1,1070,1084,1079,-1,1085,1086,1070,-1,1070,1086,1087,-1,1070,1087,1082,-1,1088,1089,1070,-1,1070,1089,1090,-1,1070,1090,1085,-1,1072,1091,1070,-1,1070,1091,1092,-1,1070,1092,1088,-1,1039,1069,1036,-1,1036,1069,1068,-1,1036,1068,1034,-1,1034,1068,1075,-1,1034,1075,1032,-1,1032,1075,1074,-1,1032,1074,1029,-1,1029,1074,1073,-1,1029,1073,1026,-1,1026,1073,1078,-1,1026,1078,1024,-1,1024,1078,1077,-1,1024,1077,1019,-1,1019,1077,1076,-1,1019,1076,1018,-1,1018,1076,1081,-1,1018,1081,1016,-1,1016,1081,1080,-1,1016,1080,1014,-1,1014,1080,1079,-1,1014,1079,1065,-1,1065,1079,1084,-1,1065,1084,1063,-1,1063,1084,1083,-1,1063,1083,1061,-1,1061,1083,1082,-1,1061,1082,1059,-1,1059,1082,1087,-1,1059,1087,1057,-1,1057,1087,1086,-1,1057,1086,1055,-1,1055,1086,1085,-1,1055,1085,1053,-1,1053,1085,1090,-1,1053,1090,1051,-1,1051,1090,1089,-1,1051,1089,1049,-1,1049,1089,1088,-1,1049,1088,1047,-1,1047,1088,1092,-1,1047,1092,1045,-1,1045,1092,1091,-1,1045,1091,1043,-1,1043,1091,1072,-1,1043,1072,1041,-1,1041,1072,1071,-1,1041,1071,1039,-1,1039,1071,1069,-1,960,1004,957,-1,957,1004,1003,-1,957,1003,955,-1,955,1003,1008,-1,955,1008,953,-1,953,1008,1007,-1,953,1007,950,-1,950,1007,1006,-1,950,1006,947,-1,947,1006,1011,-1,947,1011,945,-1,945,1011,1010,-1,945,1010,940,-1,940,1010,1009,-1,940,1009,939,-1,939,1009,1013,-1,939,1013,937,-1,937,1013,1012,-1,937,1012,935,-1,935,1012,993,-1,935,993,986,-1,986,993,992,-1,986,992,984,-1,984,992,990,-1,984,990,982,-1,982,990,989,-1,982,989,980,-1,980,989,996,-1,980,996,978,-1,978,996,995,-1,978,995,976,-1,976,995,994,-1,976,994,974,-1,974,994,999,-1,974,999,972,-1,972,999,998,-1,972,998,970,-1,970,998,997,-1,970,997,968,-1,968,997,1002,-1,968,1002,966,-1,966,1002,1001,-1,966,1001,964,-1,964,1001,1000,-1,964,1000,962,-1,962,1000,1005,-1,962,1005,960,-1,960,1005,1004,-1,1093,1094,1095,-1,1095,1094,1096,-1,1097,1098,1099,-1,1099,1098,1093,-1,1099,1093,1095,-1,1100,1098,1101,-1,1101,1098,1097,-1,1096,1094,1102,-1,1102,1094,1100,-1,1102,1100,1101,-1,1098,1100,1093,-1,1093,1100,1094,-1,1103,1104,1105,-1,1105,1104,1106,-1,1107,1108,1109,-1,1109,1108,1103,-1,1109,1103,1105,-1,1110,1108,1111,-1,1111,1108,1107,-1,1106,1104,1112,-1,1112,1104,1110,-1,1112,1110,1111,-1,1108,1110,1103,-1,1103,1110,1104,-1,1113,1114,1115,-1,1115,1114,1116,-1,1117,1118,1119,-1,1119,1118,1113,-1,1119,1113,1115,-1,1120,1118,1121,-1,1121,1118,1117,-1,1120,1121,1114,-1,1114,1121,1122,-1,1114,1122,1116,-1,1118,1120,1113,-1,1113,1120,1114,-1,1123,1124,1125,-1,1125,1124,1126,-1,1125,1126,1127,-1,1128,1124,1129,-1,1129,1124,1123,-1,1128,1129,1130,-1,1130,1129,1131,-1,1130,1131,1132,-1,1126,1130,1127,-1,1127,1130,1132,-1,1128,1130,1124,-1,1124,1130,1126,-1,1133,1134,1135,-1,1135,1134,1136,-1,1135,1136,1137,-1,1137,1136,1138,-1,1139,1140,1141,-1,1142,1143,1144,-1,1144,1143,1133,-1,1145,1146,1133,-1,1133,1146,1147,-1,1133,1147,1144,-1,1139,1141,1148,-1,1140,1149,1141,-1,1141,1149,1150,-1,1141,1150,1151,-1,1152,1133,1153,-1,1153,1133,1135,-1,1153,1135,1141,-1,1141,1135,1137,-1,1141,1137,1148,-1,1154,1155,1150,-1,1150,1155,1156,-1,1150,1156,1151,-1,1152,1157,1133,-1,1133,1157,1158,-1,1133,1158,1145,-1,1158,1159,1145,-1,1145,1159,1160,-1,1145,1160,1161,-1,1161,1160,1162,-1,1161,1162,1163,-1,1163,1162,1164,-1,1163,1164,1165,-1,1165,1164,1166,-1,1165,1166,1167,-1,1167,1166,1168,-1,1167,1168,1169,-1,1169,1168,1170,-1,1169,1170,1171,-1,1171,1170,1172,-1,1171,1172,1173,-1,1173,1172,1174,-1,1173,1174,1175,-1,1175,1174,1176,-1,1154,1177,1155,-1,1155,1177,1178,-1,1155,1178,1179,-1,1179,1178,1180,-1,1179,1180,1181,-1,1181,1180,1182,-1,1181,1182,1183,-1,1183,1182,1184,-1,1183,1184,1185,-1,1185,1184,1186,-1,1185,1186,1187,-1,1187,1186,1188,-1,1187,1188,1189,-1,1189,1188,1190,-1,1189,1190,1191,-1,1191,1190,1192,-1,1191,1192,1193,-1,1193,1192,1194,-1,1193,1194,1176,-1,1176,1194,1195,-1,1176,1195,1175,-1,1196,1141,1197,-1,1197,1141,1151,-1,1197,1151,1198,-1,1198,1151,1156,-1,1198,1156,1199,-1,1199,1156,1155,-1,1199,1155,1200,-1,1200,1155,1179,-1,1200,1179,1201,-1,1201,1179,1181,-1,1201,1181,1202,-1,1202,1181,1183,-1,1202,1183,1203,-1,1203,1183,1185,-1,1203,1185,1204,-1,1204,1185,1187,-1,1204,1187,1205,-1,1205,1187,1189,-1,1205,1189,1206,-1,1206,1189,1191,-1,1206,1191,1207,-1,1207,1191,1193,-1,1207,1193,1208,-1,1208,1193,1176,-1,1208,1176,1209,-1,1209,1176,1174,-1,1209,1174,1210,-1,1210,1174,1172,-1,1210,1172,1211,-1,1211,1172,1170,-1,1211,1170,1212,-1,1212,1170,1168,-1,1212,1168,1213,-1,1213,1168,1166,-1,1213,1166,1214,-1,1214,1166,1164,-1,1214,1164,1215,-1,1215,1164,1162,-1,1215,1162,1216,-1,1216,1162,1160,-1,1216,1160,1217,-1,1217,1160,1159,-1,1217,1159,1218,-1,1218,1159,1158,-1,1218,1158,1219,-1,1219,1158,1157,-1,1219,1157,1220,-1,1220,1157,1152,-1,1220,1152,1221,-1,1221,1152,1153,-1,1221,1153,1196,-1,1196,1153,1141,-1,1222,1223,1216,-1,1214,1215,1224,-1,1216,1223,1215,-1,1215,1223,1225,-1,1215,1225,1224,-1,1226,1227,1208,-1,1217,1228,1216,-1,1216,1228,1229,-1,1216,1229,1222,-1,1230,1231,1232,-1,1232,1231,1233,-1,1234,1235,1236,-1,1236,1235,1231,-1,1236,1231,1237,-1,1237,1231,1230,-1,1238,1235,1221,-1,1221,1235,1234,-1,1221,1234,1220,-1,1220,1234,1239,-1,1220,1239,1219,-1,1219,1239,1240,-1,1219,1240,1218,-1,1218,1240,1241,-1,1218,1241,1217,-1,1217,1241,1242,-1,1217,1242,1228,-1,1243,1244,1245,-1,1245,1244,1246,-1,1224,1247,1214,-1,1214,1247,1248,-1,1214,1248,1213,-1,1213,1248,1249,-1,1213,1249,1212,-1,1212,1249,1250,-1,1212,1250,1211,-1,1211,1250,1251,-1,1211,1251,1210,-1,1210,1251,1252,-1,1210,1252,1209,-1,1209,1252,1245,-1,1209,1245,1208,-1,1208,1245,1246,-1,1208,1246,1226,-1,1233,1253,1232,-1,1232,1253,1254,-1,1232,1254,1255,-1,1255,1254,1243,-1,1255,1243,1256,-1,1256,1243,1245,-1,1227,1257,1208,-1,1208,1257,1258,-1,1208,1258,1207,-1,1207,1258,1259,-1,1207,1259,1206,-1,1206,1259,1260,-1,1206,1260,1205,-1,1205,1260,1261,-1,1205,1261,1204,-1,1204,1261,1262,-1,1204,1262,1203,-1,1203,1262,1263,-1,1203,1263,1202,-1,1202,1263,1264,-1,1238,1221,1265,-1,1265,1221,1196,-1,1265,1196,1266,-1,1266,1196,1197,-1,1266,1197,1267,-1,1267,1197,1198,-1,1267,1198,1268,-1,1268,1198,1199,-1,1268,1199,1269,-1,1269,1199,1200,-1,1269,1200,1264,-1,1264,1200,1201,-1,1264,1201,1202,-1,1257,1270,1258,-1,1258,1270,1271,-1,1258,1271,1259,-1,1259,1271,1272,-1,1259,1272,1260,-1,1260,1272,1273,-1,1260,1273,1261,-1,1261,1273,1274,-1,1261,1274,1262,-1,1262,1274,1275,-1,1262,1275,1263,-1,1263,1275,1276,-1,1263,1276,1264,-1,1264,1276,1277,-1,1264,1277,1269,-1,1269,1277,1278,-1,1269,1278,1268,-1,1268,1278,1279,-1,1268,1279,1267,-1,1267,1279,1280,-1,1267,1280,1266,-1,1266,1280,1281,-1,1266,1281,1265,-1,1265,1281,1282,-1,1265,1282,1238,-1,1238,1282,1283,-1,1238,1283,1235,-1,1235,1283,1284,-1,1235,1284,1231,-1,1231,1284,1285,-1,1231,1285,1233,-1,1233,1285,1286,-1,1233,1286,1253,-1,1253,1286,1287,-1,1253,1287,1254,-1,1254,1287,1288,-1,1254,1288,1243,-1,1243,1288,1289,-1,1243,1289,1244,-1,1244,1289,1290,-1,1244,1290,1246,-1,1246,1290,1291,-1,1246,1291,1226,-1,1226,1291,1292,-1,1226,1292,1227,-1,1227,1292,1293,-1,1227,1293,1257,-1,1257,1293,1270,-1,1294,1277,1295,-1,1295,1277,1276,-1,1295,1276,1296,-1,1296,1276,1275,-1,1296,1275,1297,-1,1297,1275,1274,-1,1297,1274,1298,-1,1298,1274,1273,-1,1298,1273,1299,-1,1299,1273,1272,-1,1299,1272,1300,-1,1300,1272,1271,-1,1300,1271,1301,-1,1301,1271,1270,-1,1301,1270,1302,-1,1302,1270,1293,-1,1302,1293,1303,-1,1303,1293,1292,-1,1303,1292,1304,-1,1304,1292,1291,-1,1304,1291,1305,-1,1305,1291,1290,-1,1305,1290,1306,-1,1306,1290,1289,-1,1306,1289,1307,-1,1307,1289,1288,-1,1307,1288,1308,-1,1308,1288,1287,-1,1308,1287,1309,-1,1309,1287,1286,-1,1309,1286,1310,-1,1310,1286,1285,-1,1310,1285,1311,-1,1311,1285,1284,-1,1311,1284,1312,-1,1312,1284,1283,-1,1312,1283,1313,-1,1313,1283,1282,-1,1313,1282,1314,-1,1314,1282,1281,-1,1314,1281,1315,-1,1315,1281,1280,-1,1315,1280,1316,-1,1316,1280,1279,-1,1316,1279,1317,-1,1317,1279,1278,-1,1317,1278,1294,-1,1294,1278,1277,-1,
        ]
    }
}
Shape{
    appearance Appearance {
        material  Material 	{
            diffuseColor 0.792156862745098 0.8196078431372549 0.9333333333333333
            specularColor 0.396078431372549 0.4117647058823529 0.4666666666666667
            ambientIntensity 0.8244
            transparency 0.0
            shininess 0.5
        }
    }
    geometry IndexedFaceSet {
        ccw TRUE
        solid FALSE
        coord DEF co Coordinate {
            point [
                -0.7874 -11.9685 0.2362, -0.7874 -11.9685 1.2346, -0.7874 -11.5453 0.2362, -0.7874 -11.1811 1.2346, -0.7874 -11.1811 0.2362, -1.1811 -11.1811 0.2362, -1.1811 -11.1811 1.5568, -1.1811 -11.5453 0.2362, -1.1811 -11.9685 1.5568, -1.1811 -11.9685 0.2362, 0.1969 -11.9685 0.2362, 0.1969 -11.9685 1.036, 0.1969 -11.5453 0.2362, 0.1969 -11.1811 1.036, 0.1969 -11.1811 0.2362, -0.1969 -11.1811 0.2362, -0.1969 -11.1811 1.036, -0.1969 -11.5453 0.2362, -0.1969 -11.9685 1.036, -0.1969 -11.9685 0.2362
            ]
        }
        coordIndex [
            0,1,2,-1,2,1,3,-1,2,3,4,-1,5,6,7,-1,7,6,8,-1,7,8,9,-1,10,11,12,-1,12,11,13,-1,12,13,14,-1,15,16,17,-1,17,16,18,-1,17,18,19,-1,
        ]
    }
}
Shape{
    appearance Appearance {
        material  Material 	{
            diffuseColor 0.996078431372549 0.8705882352941177 0.7607843137254902
            specularColor 0.4980392156862745 0.43529411764705883 0.3803921568627451
            ambientIntensity 0.8956
            transparency 0.0
            shininess 0.5
        }
    }
    geometry IndexedFaceSet {
        ccw TRUE
        solid FALSE
        coord DEF co Coordinate {
            point [
                0.1193 -11.3681 -1.5748, 0.1331 -11.4013 -1.5748, 0.0 -11.437 -1.5748, 0.1378 -11.437 -1.5748, 0.1331 -11.4727 -1.5748, 0.0357 -11.3039 -1.5748, 0.0689 -11.3177 -1.5748, 0.0974 -11.3396 -1.5748, -0.0689 -11.3177 -1.5748, -0.0357 -11.3039 -1.5748, 0.0 -11.2992 -1.5748, -0.1331 -11.4013 -1.5748, -0.1193 -11.3681 -1.5748, -0.0974 -11.3396 -1.5748, -0.1193 -11.5059 -1.5748, -0.1331 -11.4727 -1.5748, -0.1378 -11.437 -1.5748, -0.0357 -11.5701 -1.5748, -0.0689 -11.5563 -1.5748, -0.0974 -11.5344 -1.5748, 0.0689 -11.5563 -1.5748, 0.0357 -11.5701 -1.5748, 0.0 -11.5748 -1.5748, 0.1193 -11.5059 -1.5748, 0.0974 -11.5344 -1.5748, 0.0 -11.2402 2.4606, 0.0357 -10.7874 2.4653, 0.0357 -11.2402 2.4653, 0.0689 -10.7874 2.4791, 0.0689 -11.2402 2.4791, 0.0974 -10.7874 2.501, 0.0974 -11.2402 2.501, 0.1193 -10.7874 2.5295, 0.1193 -11.2402 2.5295, 0.1331 -10.7874 2.5628, 0.1331 -11.2402 2.5628, 0.1378 -10.7874 2.5984, 0.1378 -11.2402 2.5984, 0.1331 -10.7874 2.6341, 0.1331 -11.2402 2.6341, 0.1193 -10.7874 2.6673, 0.1193 -11.2402 2.6673, 0.0974 -10.7874 2.6959, 0.0974 -11.2402 2.6959, 0.0689 -10.7874 2.7178, 0.0689 -11.2402 2.7178, 0.0357 -10.7874 2.7315, 0.0357 -11.2402 2.7315, 0.0 -10.7874 2.7362, 0.0 -11.2402 2.7362, -0.0357 -10.7874 2.7315, -0.0357 -11.2402 2.7315, -0.0689 -10.7874 2.7178, -0.0689 -11.2402 2.7178, -0.0974 -10.7874 2.6959, -0.0974 -11.2402 2.6959, -0.1193 -10.7874 2.6673, -0.1193 -11.2402 2.6673, -0.1331 -10.7874 2.6341, -0.1331 -11.2402 2.6341, -0.1378 -10.7874 2.5984, -0.1378 -11.2402 2.5984, -0.1331 -10.7874 2.5628, -0.1331 -11.2402 2.5628, -0.1193 -10.7874 2.5295, -0.1193 -11.2402 2.5295, -0.0974 -10.7874 2.501, -0.0974 -11.2402 2.501, -0.0689 -10.7874 2.4791, -0.0689 -11.2402 2.4791, -0.0357 -10.7874 2.4653, -0.0357 -11.2402 2.4653, 0.0 -10.7874 2.4606, 0.0 -11.2992 2.4016, 0.0 -11.2972 2.4169, 0.0357 -11.3039 2.4016, 0.0357 -11.3017 2.4181, 0.0689 -11.3177 2.4016, 0.0689 -11.315 2.4216, 0.0974 -11.3396 2.4016, 0.0974 -11.3362 2.4273, 0.1193 -11.3681 2.4016, 0.1193 -11.3638 2.4347, 0.1331 -11.4013 2.4016, 0.1331 -11.3959 2.4433, 0.1378 -11.437 2.4016, 0.1378 -11.4303 2.4525, 0.1331 -11.4727 2.4016, 0.1331 -11.4648 2.4618, 0.1193 -11.5059 2.4016, 0.1193 -11.4969 2.4704, 0.0974 -11.5344 2.4016, 0.0974 -11.5244 2.4777, 0.0689 -11.5563 2.4016, 0.0689 -11.5456 2.4834, 0.0357 -11.5701 2.4016, 0.0357 -11.5589 2.487, 0.0 -11.5748 2.4016, 0.0 -11.5634 2.4882, -0.0357 -11.5701 2.4016, -0.0357 -11.5589 2.487, -0.0689 -11.5563 2.4016, -0.0689 -11.5456 2.4834, -0.0974 -11.5344 2.4016, -0.0974 -11.5244 2.4777, -0.1193 -11.5059 2.4016, -0.1193 -11.4969 2.4704, -0.1331 -11.4727 2.4016, -0.1331 -11.4648 2.4618, -0.1378 -11.437 2.4016, -0.1378 -11.4303 2.4525, -0.1331 -11.4013 2.4016, -0.1331 -11.3959 2.4433, -0.1193 -11.3681 2.4016, -0.1193 -11.3638 2.4347, -0.0974 -11.3396 2.4016, -0.0974 -11.3362 2.4273, -0.0689 -11.3177 2.4016, -0.0689 -11.315 2.4216, -0.0357 -11.3039 2.4016, -0.0357 -11.3017 2.4181, 0.0 -11.2913 2.4311, 0.0357 -11.2954 2.4335, 0.0689 -11.3073 2.4403, 0.0974 -11.3263 2.4513, 0.1193 -11.351 2.4656, 0.1331 -11.3798 2.4822, 0.1378 -11.4106 2.5, 0.1331 -11.4415 2.5178, 0.1193 -11.4703 2.5345, 0.0974 -11.495 2.5487, 0.0689 -11.514 2.5597, 0.0357 -11.5259 2.5666, 0.0 -11.53 2.5689, -0.0357 -11.5259 2.5666, -0.0689 -11.514 2.5597, -0.0974 -11.495 2.5487, -0.1193 -11.4703 2.5345, -0.1331 -11.4415 2.5178, -0.1378 -11.4106 2.5, -0.1331 -11.3798 2.4822, -0.1193 -11.351 2.4656, -0.0974 -11.3263 2.4513, -0.0689 -11.3073 2.4403, -0.0357 -11.2954 2.4335, 0.0 -11.2819 2.4433, 0.0357 -11.2852 2.4467, 0.0689 -11.295 2.4564, 0.0974 -11.3105 2.4719, 0.1193 -11.3306 2.4921, 0.1331 -11.3541 2.5156, 0.1378 -11.3794 2.5408, 0.1331 -11.4046 2.566, 0.1193 -11.4281 2.5895, 0.0974 -11.4483 2.6097, 0.0689 -11.4637 2.6252, 0.0357 -11.4735 2.6349, 0.0 -11.4768 2.6382, -0.0357 -11.4735 2.6349, -0.0689 -11.4637 2.6252, -0.0974 -11.4483 2.6097, -0.1193 -11.4281 2.5895, -0.1331 -11.4046 2.566, -0.1378 -11.3794 2.5408, -0.1331 -11.3541 2.5156, -0.1193 -11.3306 2.4921, -0.0974 -11.3105 2.4719, -0.0689 -11.295 2.4564, -0.0357 -11.2852 2.4467, 0.0 -11.2697 2.4527, 0.0357 -11.272 2.4568, 0.0689 -11.2789 2.4687, 0.0974 -11.2899 2.4877, 0.1193 -11.3041 2.5124, 0.1331 -11.3208 2.5412, 0.1378 -11.3386 2.5721, 0.1331 -11.3564 2.6029, 0.1193 -11.373 2.6317, 0.0974 -11.3873 2.6564, 0.0689 -11.3983 2.6754, 0.0357 -11.4051 2.6873, 0.0 -11.4075 2.6914, -0.0357 -11.4051 2.6873, -0.0689 -11.3983 2.6754, -0.0974 -11.3873 2.6564, -0.1193 -11.373 2.6317, -0.1331 -11.3564 2.6029, -0.1378 -11.3386 2.5721, -0.1331 -11.3208 2.5412, -0.1193 -11.3041 2.5124, -0.0974 -11.2899 2.4877, -0.0689 -11.2789 2.4687, -0.0357 -11.272 2.4568, 0.0 -11.2554 2.4586, 0.0357 -11.2567 2.4632, 0.0689 -11.2602 2.4765, 0.0974 -11.2659 2.4976, 0.1193 -11.2733 2.5252, 0.1331 -11.2819 2.5573, 0.1378 -11.2911 2.5917, 0.1331 -11.3003 2.6262, 0.1193 -11.3089 2.6583, 0.0974 -11.3163 2.6858, 0.0689 -11.322 2.707, 0.0357 -11.3256 2.7203, 0.0 -11.3268 2.7248, -0.0357 -11.3256 2.7203, -0.0689 -11.322 2.707, -0.0974 -11.3163 2.6858, -0.1193 -11.3089 2.6583, -0.1331 -11.3003 2.6262, -0.1378 -11.2911 2.5917, -0.1331 -11.2819 2.5573, -0.1193 -11.2733 2.5252, -0.0974 -11.2659 2.4976, -0.0689 -11.2602 2.4765, -0.0357 -11.2567 2.4632
            ]
        }
        coordIndex [
            0,1,2,-1,2,1,3,-1,2,3,4,-1,5,6,2,-1,2,6,7,-1,2,7,0,-1,8,9,2,-1,2,9,10,-1,2,10,5,-1,11,12,2,-1,2,12,13,-1,2,13,8,-1,14,15,2,-1,2,15,16,-1,2,16,11,-1,17,18,2,-1,2,18,19,-1,2,19,14,-1,20,21,2,-1,2,21,22,-1,2,22,17,-1,4,23,2,-1,2,23,24,-1,2,24,20,-1,25,26,27,-1,27,26,28,-1,27,28,29,-1,29,28,30,-1,29,30,31,-1,31,30,32,-1,31,32,33,-1,33,32,34,-1,33,34,35,-1,35,34,36,-1,35,36,37,-1,37,36,38,-1,37,38,39,-1,39,38,40,-1,39,40,41,-1,41,40,42,-1,41,42,43,-1,43,42,44,-1,43,44,45,-1,45,44,46,-1,45,46,47,-1,47,46,48,-1,47,48,49,-1,49,48,50,-1,49,50,51,-1,51,50,52,-1,51,52,53,-1,53,52,54,-1,53,54,55,-1,55,54,56,-1,55,56,57,-1,57,56,58,-1,57,58,59,-1,59,58,60,-1,59,60,61,-1,61,60,62,-1,61,62,63,-1,63,62,64,-1,63,64,65,-1,65,64,66,-1,65,66,67,-1,67,66,68,-1,67,68,69,-1,69,68,70,-1,69,70,71,-1,71,70,72,-1,71,72,25,-1,25,72,26,-1,73,74,75,-1,75,74,76,-1,75,76,77,-1,77,76,78,-1,77,78,79,-1,79,78,80,-1,79,80,81,-1,81,80,82,-1,81,82,83,-1,83,82,84,-1,83,84,85,-1,85,84,86,-1,85,86,87,-1,87,86,88,-1,87,88,89,-1,89,88,90,-1,89,90,91,-1,91,90,92,-1,91,92,93,-1,93,92,94,-1,93,94,95,-1,95,94,96,-1,95,96,97,-1,97,96,98,-1,97,98,99,-1,99,98,100,-1,99,100,101,-1,101,100,102,-1,101,102,103,-1,103,102,104,-1,103,104,105,-1,105,104,106,-1,105,106,107,-1,107,106,108,-1,107,108,109,-1,109,108,110,-1,109,110,111,-1,111,110,112,-1,111,112,113,-1,113,112,114,-1,113,114,115,-1,115,114,116,-1,115,116,117,-1,117,116,118,-1,117,118,119,-1,119,118,120,-1,119,120,73,-1,73,120,74,-1,74,121,76,-1,76,121,122,-1,76,122,78,-1,78,122,123,-1,78,123,80,-1,80,123,124,-1,80,124,82,-1,82,124,125,-1,82,125,84,-1,84,125,126,-1,84,126,86,-1,86,126,127,-1,86,127,88,-1,88,127,128,-1,88,128,90,-1,90,128,129,-1,90,129,92,-1,92,129,130,-1,92,130,94,-1,94,130,131,-1,94,131,96,-1,96,131,132,-1,96,132,98,-1,98,132,133,-1,98,133,100,-1,100,133,134,-1,100,134,102,-1,102,134,135,-1,102,135,104,-1,104,135,136,-1,104,136,106,-1,106,136,137,-1,106,137,108,-1,108,137,138,-1,108,138,110,-1,110,138,139,-1,110,139,112,-1,112,139,140,-1,112,140,114,-1,114,140,141,-1,114,141,116,-1,116,141,142,-1,116,142,118,-1,118,142,143,-1,118,143,120,-1,120,143,144,-1,120,144,74,-1,74,144,121,-1,121,145,122,-1,122,145,146,-1,122,146,123,-1,123,146,147,-1,123,147,124,-1,124,147,148,-1,124,148,125,-1,125,148,149,-1,125,149,126,-1,126,149,150,-1,126,150,127,-1,127,150,151,-1,127,151,128,-1,128,151,152,-1,128,152,129,-1,129,152,153,-1,129,153,130,-1,130,153,154,-1,130,154,131,-1,131,154,155,-1,131,155,132,-1,132,155,156,-1,132,156,133,-1,133,156,157,-1,133,157,134,-1,134,157,158,-1,134,158,135,-1,135,158,159,-1,135,159,136,-1,136,159,160,-1,136,160,137,-1,137,160,161,-1,137,161,138,-1,138,161,162,-1,138,162,139,-1,139,162,163,-1,139,163,140,-1,140,163,164,-1,140,164,141,-1,141,164,165,-1,141,165,142,-1,142,165,166,-1,142,166,143,-1,143,166,167,-1,143,167,144,-1,144,167,168,-1,144,168,121,-1,121,168,145,-1,145,169,146,-1,146,169,170,-1,146,170,147,-1,147,170,171,-1,147,171,148,-1,148,171,172,-1,148,172,149,-1,149,172,173,-1,149,173,150,-1,150,173,174,-1,150,174,151,-1,151,174,175,-1,151,175,152,-1,152,175,176,-1,152,176,153,-1,153,176,177,-1,153,177,154,-1,154,177,178,-1,154,178,155,-1,155,178,179,-1,155,179,156,-1,156,179,180,-1,156,180,157,-1,157,180,181,-1,157,181,158,-1,158,181,182,-1,158,182,159,-1,159,182,183,-1,159,183,160,-1,160,183,184,-1,160,184,161,-1,161,184,185,-1,161,185,162,-1,162,185,186,-1,162,186,163,-1,163,186,187,-1,163,187,164,-1,164,187,188,-1,164,188,165,-1,165,188,189,-1,165,189,166,-1,166,189,190,-1,166,190,167,-1,167,190,191,-1,167,191,168,-1,168,191,192,-1,168,192,145,-1,145,192,169,-1,169,193,170,-1,170,193,194,-1,170,194,171,-1,171,194,195,-1,171,195,172,-1,172,195,196,-1,172,196,173,-1,173,196,197,-1,173,197,174,-1,174,197,198,-1,174,198,175,-1,175,198,199,-1,175,199,176,-1,176,199,200,-1,176,200,177,-1,177,200,201,-1,177,201,178,-1,178,201,202,-1,178,202,179,-1,179,202,203,-1,179,203,180,-1,180,203,204,-1,180,204,181,-1,181,204,205,-1,181,205,182,-1,182,205,206,-1,182,206,183,-1,183,206,207,-1,183,207,184,-1,184,207,208,-1,184,208,185,-1,185,208,209,-1,185,209,186,-1,186,209,210,-1,186,210,187,-1,187,210,211,-1,187,211,188,-1,188,211,212,-1,188,212,189,-1,189,212,213,-1,189,213,190,-1,190,213,214,-1,190,214,191,-1,191,214,215,-1,191,215,192,-1,192,215,216,-1,192,216,169,-1,169,216,193,-1,193,25,194,-1,194,25,27,-1,194,27,195,-1,195,27,29,-1,195,29,196,-1,196,29,31,-1,196,31,197,-1,197,31,33,-1,197,33,198,-1,198,33,35,-1,198,35,199,-1,199,35,37,-1,199,37,200,-1,200,37,39,-1,200,39,201,-1,201,39,41,-1,201,41,202,-1,202,41,43,-1,202,43,203,-1,203,43,45,-1,203,45,204,-1,204,45,47,-1,204,47,205,-1,205,47,49,-1,205,49,206,-1,206,49,51,-1,206,51,207,-1,207,51,53,-1,207,53,208,-1,208,53,55,-1,208,55,209,-1,209,55,57,-1,209,57,210,-1,210,57,59,-1,210,59,211,-1,211,59,61,-1,211,61,212,-1,212,61,63,-1,212,63,213,-1,213,63,65,-1,213,65,214,-1,214,65,67,-1,214,67,215,-1,215,67,69,-1,215,69,216,-1,216,69,71,-1,216,71,193,-1,193,71,25,-1,16,111,11,-1,11,111,113,-1,11,113,12,-1,12,113,115,-1,12,115,13,-1,13,115,117,-1,13,117,8,-1,8,117,119,-1,8,119,9,-1,9,119,73,-1,9,73,10,-1,10,73,75,-1,10,75,5,-1,5,75,77,-1,5,77,6,-1,6,77,79,-1,6,79,7,-1,7,79,81,-1,7,81,0,-1,0,81,83,-1,0,83,1,-1,1,83,85,-1,1,85,3,-1,3,85,87,-1,3,87,4,-1,4,87,89,-1,4,89,23,-1,23,89,91,-1,23,91,24,-1,24,91,93,-1,24,93,20,-1,20,93,95,-1,20,95,21,-1,21,95,97,-1,21,97,22,-1,22,97,99,-1,22,99,17,-1,17,99,101,-1,17,101,18,-1,18,101,103,-1,18,103,19,-1,19,103,105,-1,19,105,14,-1,14,105,107,-1,14,107,15,-1,15,107,109,-1,15,109,16,-1,16,109,111,-1,
        ]
    }
}
Shape{
    appearance Appearance {
        material  Material 	{
            diffuseColor 0.7529411764705882 0.7529411764705882 0.7529411764705882
            specularColor 0.3764705882352941 0.3764705882352941 0.3764705882352941
            ambientIntensity 0.7529
            transparency 0.0
            shininess 0.5
        }
    }
    geometry IndexedFaceSet {
        ccw TRUE
        solid FALSE
        coord DEF co Coordinate {
            point [
                -0.8649 -11.3681 -1.5748, -0.8512 -11.4013 -1.5748, -0.9843 -11.437 -1.5748, -0.8465 -11.437 -1.5748, -0.8512 -11.4727 -1.5748, -0.9486 -11.3039 -1.5748, -0.9154 -11.3177 -1.5748, -0.8868 -11.3396 -1.5748, -1.0531 -11.3177 -1.5748, -1.0199 -11.3039 -1.5748, -0.9843 -11.2992 -1.5748, -1.1174 -11.4013 -1.5748, -1.1036 -11.3681 -1.5748, -1.0817 -11.3396 -1.5748, -1.1036 -11.5059 -1.5748, -1.1174 -11.4727 -1.5748, -1.122 -11.437 -1.5748, -1.0199 -11.5701 -1.5748, -1.0531 -11.5563 -1.5748, -1.0817 -11.5344 -1.5748, -0.9154 -11.5563 -1.5748, -0.9486 -11.5701 -1.5748, -0.9843 -11.5748 -1.5748, -0.8649 -11.5059 -1.5748, -0.8868 -11.5344 -1.5748, -0.9843 -11.2402 2.4606, -0.9486 -10.3937 2.4653, -0.9486 -11.2402 2.4653, -0.9154 -10.3937 2.4791, -0.9154 -11.2402 2.4791, -0.8868 -10.3937 2.501, -0.8868 -11.2402 2.501, -0.8649 -10.3937 2.5295, -0.8649 -11.2402 2.5295, -0.8512 -10.3937 2.5628, -0.8512 -11.2402 2.5628, -0.8465 -10.3937 2.5984, -0.8465 -11.2402 2.5984, -0.8512 -10.3937 2.6341, -0.8512 -11.2402 2.6341, -0.8649 -10.3937 2.6673, -0.8649 -11.2402 2.6673, -0.8868 -10.3937 2.6959, -0.8868 -11.2402 2.6959, -0.9154 -10.3937 2.7178, -0.9154 -11.2402 2.7178, -0.9486 -10.3937 2.7315, -0.9486 -11.2402 2.7315, -0.9843 -10.3937 2.7362, -0.9843 -11.2402 2.7362, -1.0199 -10.3937 2.7315, -1.0199 -11.2402 2.7315, -1.0531 -10.3937 2.7178, -1.0531 -11.2402 2.7178, -1.0817 -10.3937 2.6959, -1.0817 -11.2402 2.6959, -1.1036 -10.3937 2.6673, -1.1036 -11.2402 2.6673, -1.1174 -10.3937 2.6341, -1.1174 -11.2402 2.6341, -1.122 -10.3937 2.5984, -1.122 -11.2402 2.5984, -1.1174 -10.3937 2.5628, -1.1174 -11.2402 2.5628, -1.1036 -10.3937 2.5295, -1.1036 -11.2402 2.5295, -1.0817 -10.3937 2.501, -1.0817 -11.2402 2.501, -1.0531 -10.3937 2.4791, -1.0531 -11.2402 2.4791, -1.0199 -10.3937 2.4653, -1.0199 -11.2402 2.4653, -0.9843 -10.3937 2.4606, -0.9843 -11.2992 2.4016, -0.9843 -11.2972 2.4169, -0.9486 -11.3039 2.4016, -0.9486 -11.3017 2.4181, -0.9154 -11.3177 2.4016, -0.9154 -11.315 2.4216, -0.8868 -11.3396 2.4016, -0.8868 -11.3362 2.4273, -0.8649 -11.3681 2.4016, -0.8649 -11.3638 2.4347, -0.8512 -11.4013 2.4016, -0.8512 -11.3959 2.4433, -0.8465 -11.437 2.4016, -0.8465 -11.4303 2.4525, -0.8512 -11.4727 2.4016, -0.8512 -11.4648 2.4618, -0.8649 -11.5059 2.4016, -0.8649 -11.4969 2.4704, -0.8868 -11.5344 2.4016, -0.8868 -11.5244 2.4777, -0.9154 -11.5563 2.4016, -0.9154 -11.5456 2.4834, -0.9486 -11.5701 2.4016, -0.9486 -11.5589 2.487, -0.9843 -11.5748 2.4016, -0.9843 -11.5634 2.4882, -1.0199 -11.5701 2.4016, -1.0199 -11.5589 2.487, -1.0531 -11.5563 2.4016, -1.0531 -11.5456 2.4834, -1.0817 -11.5344 2.4016, -1.0817 -11.5244 2.4777, -1.1036 -11.5059 2.4016, -1.1036 -11.4969 2.4704, -1.1174 -11.4727 2.4016, -1.1174 -11.4648 2.4618, -1.122 -11.437 2.4016, -1.122 -11.4303 2.4525, -1.1174 -11.4013 2.4016, -1.1174 -11.3959 2.4433, -1.1036 -11.3681 2.4016, -1.1036 -11.3638 2.4347, -1.0817 -11.3396 2.4016, -1.0817 -11.3362 2.4273, -1.0531 -11.3177 2.4016, -1.0531 -11.315 2.4216, -1.0199 -11.3039 2.4016, -1.0199 -11.3017 2.4181, -0.9843 -11.2913 2.4311, -0.9486 -11.2954 2.4335, -0.9154 -11.3073 2.4403, -0.8868 -11.3263 2.4513, -0.8649 -11.351 2.4656, -0.8512 -11.3798 2.4822, -0.8465 -11.4106 2.5, -0.8512 -11.4415 2.5178, -0.8649 -11.4703 2.5345, -0.8868 -11.495 2.5487, -0.9154 -11.514 2.5597, -0.9486 -11.5259 2.5666, -0.9843 -11.53 2.5689, -1.0199 -11.5259 2.5666, -1.0531 -11.514 2.5597, -1.0817 -11.495 2.5487, -1.1036 -11.4703 2.5345, -1.1174 -11.4415 2.5178, -1.122 -11.4106 2.5, -1.1174 -11.3798 2.4822, -1.1036 -11.351 2.4656, -1.0817 -11.3263 2.4513, -1.0531 -11.3073 2.4403, -1.0199 -11.2954 2.4335, -0.9843 -11.2819 2.4433, -0.9486 -11.2852 2.4467, -0.9154 -11.295 2.4564, -0.8868 -11.3105 2.4719, -0.8649 -11.3306 2.4921, -0.8512 -11.3541 2.5156, -0.8465 -11.3794 2.5408, -0.8512 -11.4046 2.566, -0.8649 -11.4281 2.5895, -0.8868 -11.4483 2.6097, -0.9154 -11.4637 2.6252, -0.9486 -11.4735 2.6349, -0.9843 -11.4768 2.6382, -1.0199 -11.4735 2.6349, -1.0531 -11.4637 2.6252, -1.0817 -11.4483 2.6097, -1.1036 -11.4281 2.5895, -1.1174 -11.4046 2.566, -1.122 -11.3794 2.5408, -1.1174 -11.3541 2.5156, -1.1036 -11.3306 2.4921, -1.0817 -11.3105 2.4719, -1.0531 -11.295 2.4564, -1.0199 -11.2852 2.4467, -0.9843 -11.2697 2.4527, -0.9486 -11.272 2.4568, -0.9154 -11.2789 2.4687, -0.8868 -11.2899 2.4877, -0.8649 -11.3041 2.5124, -0.8512 -11.3208 2.5412, -0.8465 -11.3386 2.5721, -0.8512 -11.3564 2.6029, -0.8649 -11.373 2.6317, -0.8868 -11.3873 2.6564, -0.9154 -11.3983 2.6754, -0.9486 -11.4051 2.6873, -0.9843 -11.4075 2.6914, -1.0199 -11.4051 2.6873, -1.0531 -11.3983 2.6754, -1.0817 -11.3873 2.6564, -1.1036 -11.373 2.6317, -1.1174 -11.3564 2.6029, -1.122 -11.3386 2.5721, -1.1174 -11.3208 2.5412, -1.1036 -11.3041 2.5124, -1.0817 -11.2899 2.4877, -1.0531 -11.2789 2.4687, -1.0199 -11.272 2.4568, -0.9843 -11.2554 2.4586, -0.9486 -11.2567 2.4632, -0.9154 -11.2602 2.4765, -0.8868 -11.2659 2.4976, -0.8649 -11.2733 2.5252, -0.8512 -11.2819 2.5573, -0.8465 -11.2911 2.5917, -0.8512 -11.3003 2.6262, -0.8649 -11.3089 2.6583, -0.8868 -11.3163 2.6858, -0.9154 -11.322 2.707, -0.9486 -11.3256 2.7203, -0.9843 -11.3268 2.7248, -1.0199 -11.3256 2.7203, -1.0531 -11.322 2.707, -1.0817 -11.3163 2.6858, -1.1036 -11.3089 2.6583, -1.1174 -11.3003 2.6262, -1.122 -11.2911 2.5917, -1.1174 -11.2819 2.5573, -1.1036 -11.2733 2.5252, -1.0817 -11.2659 2.4976, -1.0531 -11.2602 2.4765, -1.0199 -11.2567 2.4632
            ]
        }
        coordIndex [
            0,1,2,-1,2,1,3,-1,2,3,4,-1,5,6,2,-1,2,6,7,-1,2,7,0,-1,8,9,2,-1,2,9,10,-1,2,10,5,-1,11,12,2,-1,2,12,13,-1,2,13,8,-1,14,15,2,-1,2,15,16,-1,2,16,11,-1,17,18,2,-1,2,18,19,-1,2,19,14,-1,20,21,2,-1,2,21,22,-1,2,22,17,-1,4,23,2,-1,2,23,24,-1,2,24,20,-1,25,26,27,-1,27,26,28,-1,27,28,29,-1,29,28,30,-1,29,30,31,-1,31,30,32,-1,31,32,33,-1,33,32,34,-1,33,34,35,-1,35,34,36,-1,35,36,37,-1,37,36,38,-1,37,38,39,-1,39,38,40,-1,39,40,41,-1,41,40,42,-1,41,42,43,-1,43,42,44,-1,43,44,45,-1,45,44,46,-1,45,46,47,-1,47,46,48,-1,47,48,49,-1,49,48,50,-1,49,50,51,-1,51,50,52,-1,51,52,53,-1,53,52,54,-1,53,54,55,-1,55,54,56,-1,55,56,57,-1,57,56,58,-1,57,58,59,-1,59,58,60,-1,59,60,61,-1,61,60,62,-1,61,62,63,-1,63,62,64,-1,63,64,65,-1,65,64,66,-1,65,66,67,-1,67,66,68,-1,67,68,69,-1,69,68,70,-1,69,70,71,-1,71,70,72,-1,71,72,25,-1,25,72,26,-1,73,74,75,-1,75,74,76,-1,75,76,77,-1,77,76,78,-1,77,78,79,-1,79,78,80,-1,79,80,81,-1,81,80,82,-1,81,82,83,-1,83,82,84,-1,83,84,85,-1,85,84,86,-1,85,86,87,-1,87,86,88,-1,87,88,89,-1,89,88,90,-1,89,90,91,-1,91,90,92,-1,91,92,93,-1,93,92,94,-1,93,94,95,-1,95,94,96,-1,95,96,97,-1,97,96,98,-1,97,98,99,-1,99,98,100,-1,99,100,101,-1,101,100,102,-1,101,102,103,-1,103,102,104,-1,103,104,105,-1,105,104,106,-1,105,106,107,-1,107,106,108,-1,107,108,109,-1,109,108,110,-1,109,110,111,-1,111,110,112,-1,111,112,113,-1,113,112,114,-1,113,114,115,-1,115,114,116,-1,115,116,117,-1,117,116,118,-1,117,118,119,-1,119,118,120,-1,119,120,73,-1,73,120,74,-1,74,121,76,-1,76,121,122,-1,76,122,78,-1,78,122,123,-1,78,123,80,-1,80,123,124,-1,80,124,82,-1,82,124,125,-1,82,125,84,-1,84,125,126,-1,84,126,86,-1,86,126,127,-1,86,127,88,-1,88,127,128,-1,88,128,90,-1,90,128,129,-1,90,129,92,-1,92,129,130,-1,92,130,94,-1,94,130,131,-1,94,131,96,-1,96,131,132,-1,96,132,98,-1,98,132,133,-1,98,133,100,-1,100,133,134,-1,100,134,102,-1,102,134,135,-1,102,135,104,-1,104,135,136,-1,104,136,106,-1,106,136,137,-1,106,137,108,-1,108,137,138,-1,108,138,110,-1,110,138,139,-1,110,139,112,-1,112,139,140,-1,112,140,114,-1,114,140,141,-1,114,141,116,-1,116,141,142,-1,116,142,118,-1,118,142,143,-1,118,143,120,-1,120,143,144,-1,120,144,74,-1,74,144,121,-1,121,145,122,-1,122,145,146,-1,122,146,123,-1,123,146,147,-1,123,147,124,-1,124,147,148,-1,124,148,125,-1,125,148,149,-1,125,149,126,-1,126,149,150,-1,126,150,127,-1,127,150,151,-1,127,151,128,-1,128,151,152,-1,128,152,129,-1,129,152,153,-1,129,153,130,-1,130,153,154,-1,130,154,131,-1,131,154,155,-1,131,155,132,-1,132,155,156,-1,132,156,133,-1,133,156,157,-1,133,157,134,-1,134,157,158,-1,134,158,135,-1,135,158,159,-1,135,159,136,-1,136,159,160,-1,136,160,137,-1,137,160,161,-1,137,161,138,-1,138,161,162,-1,138,162,139,-1,139,162,163,-1,139,163,140,-1,140,163,164,-1,140,164,141,-1,141,164,165,-1,141,165,142,-1,142,165,166,-1,142,166,143,-1,143,166,167,-1,143,167,144,-1,144,167,168,-1,144,168,121,-1,121,168,145,-1,145,169,146,-1,146,169,170,-1,146,170,147,-1,147,170,171,-1,147,171,148,-1,148,171,172,-1,148,172,149,-1,149,172,173,-1,149,173,150,-1,150,173,174,-1,150,174,151,-1,151,174,175,-1,151,175,152,-1,152,175,176,-1,152,176,153,-1,153,176,177,-1,153,177,154,-1,154,177,178,-1,154,178,155,-1,155,178,179,-1,155,179,156,-1,156,179,180,-1,156,180,157,-1,157,180,181,-1,157,181,158,-1,158,181,182,-1,158,182,159,-1,159,182,183,-1,159,183,160,-1,160,183,184,-1,160,184,161,-1,161,184,185,-1,161,185,162,-1,162,185,186,-1,162,186,163,-1,163,186,187,-1,163,187,164,-1,164,187,188,-1,164,188,165,-1,165,188,189,-1,165,189,166,-1,166,189,190,-1,166,190,167,-1,167,190,191,-1,167,191,168,-1,168,191,192,-1,168,192,145,-1,145,192,169,-1,169,193,170,-1,170,193,194,-1,170,194,171,-1,171,194,195,-1,171,195,172,-1,172,195,196,-1,172,196,173,-1,173,196,197,-1,173,197,174,-1,174,197,198,-1,174,198,175,-1,175,198,199,-1,175,199,176,-1,176,199,200,-1,176,200,177,-1,177,200,201,-1,177,201,178,-1,178,201,202,-1,178,202,179,-1,179,202,203,-1,179,203,180,-1,180,203,204,-1,180,204,181,-1,181,204,205,-1,181,205,182,-1,182,205,206,-1,182,206,183,-1,183,206,207,-1,183,207,184,-1,184,207,208,-1,184,208,185,-1,185,208,209,-1,185,209,186,-1,186,209,210,-1,186,210,187,-1,187,210,211,-1,187,211,188,-1,188,211,212,-1,188,212,189,-1,189,212,213,-1,189,213,190,-1,190,213,214,-1,190,214,191,-1,191,214,215,-1,191,215,192,-1,192,215,216,-1,192,216,169,-1,169,216,193,-1,193,25,194,-1,194,25,27,-1,194,27,195,-1,195,27,29,-1,195,29,196,-1,196,29,31,-1,196,31,197,-1,197,31,33,-1,197,33,198,-1,198,33,35,-1,198,35,199,-1,199,35,37,-1,199,37,200,-1,200,37,39,-1,200,39,201,-1,201,39,41,-1,201,41,202,-1,202,41,43,-1,202,43,203,-1,203,43,45,-1,203,45,204,-1,204,45,47,-1,204,47,205,-1,205,47,49,-1,205,49,206,-1,206,49,51,-1,206,51,207,-1,207,51,53,-1,207,53,208,-1,208,53,55,-1,208,55,209,-1,209,55,57,-1,209,57,210,-1,210,57,59,-1,210,59,211,-1,211,59,61,-1,211,61,212,-1,212,61,63,-1,212,63,213,-1,213,63,65,-1,213,65,214,-1,214,65,67,-1,214,67,215,-1,215,67,69,-1,215,69,216,-1,216,69,71,-1,216,71,193,-1,193,71,25,-1,10,75,5,-1,5,75,77,-1,5,77,6,-1,6,77,79,-1,6,79,7,-1,7,79,81,-1,7,81,0,-1,0,81,83,-1,0,83,1,-1,1,83,85,-1,1,85,3,-1,3,85,87,-1,3,87,4,-1,4,87,89,-1,4,89,23,-1,23,89,91,-1,23,91,24,-1,24,91,93,-1,24,93,20,-1,20,93,95,-1,20,95,21,-1,21,95,97,-1,21,97,22,-1,22,97,99,-1,22,99,17,-1,17,99,101,-1,17,101,18,-1,18,101,103,-1,18,103,19,-1,19,103,105,-1,19,105,14,-1,14,105,107,-1,14,107,15,-1,15,107,109,-1,15,109,16,-1,16,109,111,-1,16,111,11,-1,11,111,113,-1,11,113,12,-1,12,113,115,-1,12,115,13,-1,13,115,117,-1,13,117,8,-1,8,117,119,-1,8,119,9,-1,9,119,73,-1,9,73,10,-1,10,73,75,-1,
        ]
    }
}
Shape{
    appearance Appearance {
        material  Material 	{
            diffuseColor 1.0 1.0 1.0
            specularColor 0.5019607843137255 0.5019607843137255 0.5019607843137255
            ambientIntensity 1.0
            transparency 0.0
            shininess 0.5
        }
    }
    geometry IndexedFaceSet {
        ccw TRUE
        solid FALSE
        coord DEF co Coordinate {
            point [
                -1.9639 -12.2047 1.2148, -1.9639 -11.9685 1.2148, -1.8952 -11.9685 1.2376, -1.8952 -12.2047 1.2376, -1.8339 -11.9685 1.2762, -1.8339 -12.2047 1.2762, -1.7836 -11.9685 1.3283, -1.7836 -12.2047 1.3283, -1.7473 -11.9685 1.3909, -1.7473 -12.2047 1.3909, -1.727 -11.9685 1.4605, -1.727 -12.2047 1.4605, -1.724 -11.9685 1.5328, -1.724 -12.2047 1.5328, -1.7383 -11.9685 1.6038, -1.7383 -12.2047 1.6038, -1.7692 -11.9685 1.6693, -1.7692 -12.2047 1.6693, -1.8149 -11.9685 1.7255, -1.8149 -12.2047 1.7255, -1.8727 -11.9685 1.7691, -1.8727 -12.2047 1.7691, -1.9393 -11.9685 1.7976, -1.9393 -12.2047 1.7976, -2.0108 -11.9685 1.8094, -2.0108 -12.2047 1.8094, -2.083 -11.9685 1.8037, -2.083 -12.2047 1.8037, -2.8937 -12.2047 1.6399, -2.8937 -11.9685 1.6399, -2.8937 -12.2047 1.0268, -2.8937 -11.9685 1.0268, -2.083 -12.2047 3.3931, -2.083 -11.9685 3.3931, -2.0047 -11.9685 3.3878, -2.0047 -12.2047 3.3878, -1.9278 -11.9685 3.4028, -1.9278 -12.2047 3.4028, -1.8573 -11.9685 3.4373, -1.8573 -12.2047 3.4373, -1.7982 -11.9685 3.4888, -1.7982 -12.2047 3.4888, -1.7544 -11.9685 3.5539, -1.7544 -12.2047 3.5539, -1.729 -11.9685 3.6281, -1.729 -12.2047 3.6281, -1.7236 -11.9685 3.7063, -1.7236 -12.2047 3.7063, -1.7387 -11.9685 3.7833, -1.7387 -12.2047 3.7833, -1.7731 -11.9685 3.8538, -1.7731 -12.2047 3.8538, -1.8247 -11.9685 3.9129, -1.8247 -12.2047 3.9129, -1.8898 -11.9685 3.9567, -1.8898 -12.2047 3.9567, -1.9639 -11.9685 3.9821, -1.9639 -12.2047 3.9821, -2.8937 -12.2047 4.17, -2.8937 -11.9685 4.17, -2.8937 -12.2047 3.557, -2.8937 -11.9685 3.557, 1.9639 -12.2047 3.9821, 1.9639 -11.9685 3.9821, 1.8898 -11.9685 3.9567, 1.8898 -12.2047 3.9567, 1.8247 -11.9685 3.9129, 1.8247 -12.2047 3.9129, 1.7731 -11.9685 3.8538, 1.7731 -12.2047 3.8538, 1.7387 -11.9685 3.7833, 1.7387 -12.2047 3.7833, 1.7236 -11.9685 3.7063, 1.7236 -12.2047 3.7063, 1.729 -11.9685 3.6281, 1.729 -12.2047 3.6281, 1.7544 -11.9685 3.5539, 1.7544 -12.2047 3.5539, 1.7982 -11.9685 3.4888, 1.7982 -12.2047 3.4888, 1.8573 -11.9685 3.4373, 1.8573 -12.2047 3.4373, 1.9278 -11.9685 3.4028, 1.9278 -12.2047 3.4028, 2.0047 -11.9685 3.3878, 2.0047 -12.2047 3.3878, 2.083 -11.9685 3.3931, 2.083 -12.2047 3.3931, 2.8937 -12.2047 3.557, 2.8937 -11.9685 3.557, 2.8937 -12.2047 4.17, 2.8937 -11.9685 4.17, 2.083 -12.2047 1.8037, 2.083 -11.9685 1.8037, 2.0108 -11.9685 1.8094, 2.0108 -12.2047 1.8094, 1.9393 -11.9685 1.7976, 1.9393 -12.2047 1.7976, 1.8727 -11.9685 1.7691, 1.8727 -12.2047 1.7691, 1.8149 -11.9685 1.7255, 1.8149 -12.2047 1.7255, 1.7692 -11.9685 1.6693, 1.7692 -12.2047 1.6693, 1.7383 -11.9685 1.6038, 1.7383 -12.2047 1.6038, 1.724 -11.9685 1.5328, 1.724 -12.2047 1.5328, 1.727 -11.9685 1.4605, 1.727 -12.2047 1.4605, 1.7473 -11.9685 1.3909, 1.7473 -12.2047 1.3909, 1.7836 -11.9685 1.3283, 1.7836 -12.2047 1.3283, 1.8339 -11.9685 1.2762, 1.8339 -12.2047 1.2762, 1.8952 -11.9685 1.2376, 1.8952 -12.2047 1.2376, 1.9639 -11.9685 1.2148, 1.9639 -12.2047 1.2148, 2.8937 -12.2047 1.0268, 2.8937 -11.9685 1.0268, 2.8937 -12.2047 1.6399, 2.8937 -11.9685 1.6399
            ]
        }
        coordIndex [
            0,1,2,-1,0,2,3,-1,3,2,4,-1,3,4,5,-1,5,4,6,-1,5,6,7,-1,7,6,8,-1,7,8,9,-1,9,8,10,-1,9,10,11,-1,11,10,12,-1,11,12,13,-1,13,12,14,-1,13,14,15,-1,15,14,16,-1,15,16,17,-1,17,16,18,-1,17,18,19,-1,19,18,20,-1,19,20,21,-1,21,20,22,-1,21,22,23,-1,23,22,24,-1,23,24,25,-1,25,24,26,-1,25,26,27,-1,28,27,29,-1,29,27,26,-1,0,30,1,-1,1,30,31,-1,28,30,27,-1,27,30,0,-1,27,0,25,-1,0,11,13,-1,13,15,0,-1,0,15,17,-1,0,17,19,-1,0,3,11,-1,11,3,5,-1,11,5,9,-1,9,5,7,-1,19,21,0,-1,0,21,23,-1,0,23,25,-1,32,33,34,-1,32,34,35,-1,35,34,36,-1,35,36,37,-1,37,36,38,-1,37,38,39,-1,39,38,40,-1,39,40,41,-1,41,40,42,-1,41,42,43,-1,43,42,44,-1,43,44,45,-1,45,44,46,-1,45,46,47,-1,47,46,48,-1,47,48,49,-1,49,48,50,-1,49,50,51,-1,51,50,52,-1,51,52,53,-1,53,52,54,-1,53,54,55,-1,55,54,56,-1,55,56,57,-1,58,57,59,-1,59,57,56,-1,32,60,33,-1,33,60,61,-1,58,60,57,-1,57,60,32,-1,57,32,35,-1,35,37,57,-1,57,37,39,-1,57,39,41,-1,53,45,51,-1,51,45,47,-1,51,47,49,-1,41,43,57,-1,57,43,45,-1,57,45,55,-1,55,45,53,-1,62,63,64,-1,62,64,65,-1,65,64,66,-1,65,66,67,-1,67,66,68,-1,67,68,69,-1,69,68,70,-1,69,70,71,-1,71,70,72,-1,71,72,73,-1,73,72,74,-1,73,74,75,-1,75,74,76,-1,75,76,77,-1,77,76,78,-1,77,78,79,-1,79,78,80,-1,79,80,81,-1,81,80,82,-1,81,82,83,-1,83,82,84,-1,83,84,85,-1,85,84,86,-1,85,86,87,-1,88,87,89,-1,89,87,86,-1,62,90,63,-1,63,90,91,-1,81,83,62,-1,75,77,67,-1,88,90,87,-1,87,90,62,-1,87,62,85,-1,85,62,83,-1,67,77,65,-1,65,77,62,-1,62,77,79,-1,62,79,81,-1,69,71,67,-1,67,71,73,-1,67,73,75,-1,92,93,94,-1,92,94,95,-1,95,94,96,-1,95,96,97,-1,97,96,98,-1,97,98,99,-1,99,98,100,-1,99,100,101,-1,101,100,102,-1,101,102,103,-1,103,102,104,-1,103,104,105,-1,105,104,106,-1,105,106,107,-1,107,106,108,-1,107,108,109,-1,109,108,110,-1,109,110,111,-1,111,110,112,-1,111,112,113,-1,113,112,114,-1,113,114,115,-1,115,114,116,-1,115,116,117,-1,117,116,118,-1,117,118,119,-1,120,119,121,-1,121,119,118,-1,92,122,93,-1,93,122,123,-1,119,120,122,-1,113,115,95,-1,101,103,105,-1,122,92,119,-1,119,92,95,-1,119,95,117,-1,117,95,115,-1,97,99,109,-1,109,99,101,-1,109,101,107,-1,107,101,105,-1,97,109,95,-1,95,109,111,-1,95,111,113,-1,
        ]
    }
}
Shape{
    appearance Appearance {
        material  Material 	{
            diffuseColor 0.7529411764705882 0.7529411764705882 0.7529411764705882
            specularColor 0.3764705882352941 0.3764705882352941 0.3764705882352941
            ambientIntensity 0.7529
            transparency 0.0
            shininess 0.5
        }
    }
    geometry IndexedFaceSet {
        ccw TRUE
        solid FALSE
        coord DEF co Coordinate {
            point [
                0.2557 0.2264 0.4331, 0.2852 0.1552 0.4331, 0.0 0.0787 0.4331, 0.2953 0.0787 0.4331, 0.2852 0.0023 0.4331, 0.0764 0.3639 0.4331, 0.1476 0.3345 0.4331, 0.2088 0.2875 0.4331, -0.1476 0.3345 0.4331, -0.0764 0.3639 0.4331, 0.0 0.374 0.4331, -0.2852 0.1552 0.4331, -0.2557 0.2264 0.4331, -0.2088 0.2875 0.4331, -0.2557 -0.0689 0.4331, -0.2852 0.0023 0.4331, -0.2953 0.0787 0.4331, -0.0764 -0.2065 0.4331, -0.1476 -0.177 0.4331, -0.2088 -0.1301 0.4331, 0.1476 -0.177 0.4331, 0.0764 -0.2065 0.4331, 0.0 -0.2165 0.4331, 0.2557 -0.0689 0.4331, 0.2088 -0.1301 0.4331, -0.0384 -0.214 0.7287, -0.0764 -0.2065 0.7299, -0.2852 0.0023 0.7502, -0.2927 0.0401 0.7514, -0.2727 -0.0344 0.7483, -0.2557 -0.0689 0.7459, -0.2088 -0.1301 0.74, -0.1892 -0.1451 0.7382, -0.1476 -0.177 0.7342, -0.113 -0.1941 0.7318, 0.0 -0.2165 0.7283, 0.0386 -0.214 0.7287, 0.0764 -0.2065 0.7299, 0.1129 -0.1941 0.7318, 0.1476 -0.177 0.7342, 0.1892 -0.1451 0.7382, 0.2088 -0.1301 0.74, 0.2557 -0.0689 0.7459, 0.2729 -0.0341 0.7484, 0.2852 0.0023 0.7502, 0.2927 0.0401 0.7514, 0.2953 0.0787 0.7518, 0.2928 0.1171 0.7514, 0.2852 0.1552 0.7502, 0.2728 0.1917 0.7484, 0.2557 0.2264 0.7459, 0.2088 0.2875 0.74, 0.1892 0.3026 0.7382, 0.1476 0.3345 0.7342, 0.0764 0.3639 0.7299, 0.1131 0.3515 0.7318, -0.0386 0.3715 0.7287, 0.0 0.374 0.7283, 0.0387 0.3715 0.7287, -0.1132 0.3515 0.7318, -0.0764 0.3639 0.7299, -0.2088 0.2875 0.74, -0.1892 0.3026 0.7382, -0.1476 0.3345 0.7342, -0.2728 0.1918 0.7484, -0.2557 0.2264 0.7459, -0.2953 0.0787 0.7518, -0.2928 0.1173 0.7514, -0.2852 0.1552 0.7502, -0.0386 0.3715 4.4681, -0.0764 0.3639 4.4669, -0.0764 0.3639 4.7638, -0.0764 -0.2065 4.7638, -0.1476 -0.177 4.7638, -0.1131 -0.194 4.4651, -0.1476 -0.177 4.4627, -0.2088 -0.1301 4.7638, -0.2088 -0.1301 4.4568, -0.2557 -0.0689 4.7638, -0.2557 -0.0689 4.4509, -0.2728 -0.0343 4.4485, -0.2852 0.0023 4.7638, -0.2852 0.0023 4.4466, -0.2928 0.0403 4.4454, -0.2953 0.0787 4.7638, -0.2953 0.0787 4.445, -0.2927 0.1174 4.4455, -0.2852 0.1552 4.7638, -0.2852 0.1552 4.4466, -0.2728 0.1916 4.4485, -0.2557 0.2264 4.7638, -0.2557 0.2264 4.4509, -0.2088 0.2875 4.7638, -0.2088 0.2875 4.4568, -0.1476 0.3345 4.7638, -0.1476 0.3345 4.4627, -0.1129 0.3516 4.4651, 0.0 0.374 4.4685, 0.0 0.374 4.7638, 0.0384 0.3715 4.4681, 0.0764 0.3639 4.7638, 0.0764 0.3639 4.4669, 0.113 0.3515 4.4651, 0.1476 0.3345 4.7638, 0.1476 0.3345 4.4627, 0.2088 0.2875 4.7638, 0.2088 0.2875 4.4568, 0.2557 0.2264 4.7638, 0.2557 0.2264 4.4509, 0.2727 0.1919 4.4485, 0.2852 0.1552 4.7638, 0.2852 0.1552 4.4466, 0.2927 0.1174 4.4455, 0.2953 0.0787 4.7638, 0.2953 0.0787 4.445, 0.2927 0.0401 4.4455, 0.2852 0.0023 4.7638, 0.2852 0.0023 4.4466, 0.2727 -0.0344 4.4485, 0.2557 -0.0689 4.7638, 0.2557 -0.0689 4.4509, 0.2088 -0.1301 4.7638, 0.2088 -0.1301 4.4568, 0.1476 -0.177 4.7638, 0.1476 -0.177 4.4627, 0.0764 -0.2065 4.7638, 0.0764 -0.2065 4.4669, 0.113 -0.194 4.4651, -0.0764 -0.2065 4.4669, -0.0386 -0.214 4.4681, 0.0 -0.2165 4.7638, 0.0 -0.2165 4.4685, 0.0385 -0.214 4.4681, 0.0 0.0787 4.7638, 0.0 -4.1339 4.2717, 0.0 1.7323 4.2717, 0.3597 -4.1339 4.2325, 0.3597 1.7323 4.2325, 0.7026 -4.1339 4.117, 0.7026 1.7323 4.117, 1.0126 -4.1339 3.9305, 1.0126 1.7323 3.9305, 1.2753 -4.1339 3.6817, 1.2753 1.7323 3.6817, 1.4783 -4.1339 3.3822, 1.4783 1.7323 3.3822, 1.6122 -4.1339 3.0461, 1.6122 1.7323 3.0461, 1.6708 -4.1339 2.689, 1.6708 1.7323 2.689, 1.6512 -4.1339 2.3277, 1.6512 1.7323 2.3277, 1.5544 -4.1339 1.9791, 1.5544 1.7323 1.9791, 1.3849 -4.1339 1.6594, 1.3849 1.7323 1.6594, 1.1507 -4.1339 1.3837, 1.1507 1.7323 1.3837, 0.8626 -4.1339 1.1647, 0.8626 1.7323 1.1647, 0.5343 -4.1339 1.0128, 0.5343 1.7323 1.0128, 0.1809 -4.1339 0.935, 0.1809 1.7323 0.935, -0.1809 -4.1339 0.935, -0.1809 1.7323 0.935, -0.5343 -4.1339 1.0128, -0.5343 1.7323 1.0128, -0.8626 -4.1339 1.1647, -0.8626 1.7323 1.1647, -1.1507 -4.1339 1.3837, -1.1507 1.7323 1.3837, -1.3849 -4.1339 1.6594, -1.3849 1.7323 1.6594, -1.5544 -4.1339 1.9791, -1.5544 1.7323 1.9791, -1.6512 -4.1339 2.3277, -1.6512 1.7323 2.3277, -1.6708 -4.1339 2.689, -1.6708 1.7323 2.689, -1.6122 -4.1339 3.0461, -1.6122 1.7323 3.0461, -1.4783 -4.1339 3.3822, -1.4783 1.7323 3.3822, -1.2753 -4.1339 3.6817, -1.2753 1.7323 3.6817, -1.0126 -4.1339 3.9305, -1.0126 1.7323 3.9305, -0.7026 -4.1339 4.117, -0.7026 1.7323 4.117, -0.3597 -4.1339 4.2325, -0.3597 1.7323 4.2325, -0.1392 -4.1339 2.7376, -0.0984 -4.1339 2.7689, -0.0509 -4.1339 2.7886, 0.0 -4.1339 2.7953, 0.0509 -4.1339 2.7886, 0.0984 -4.1339 2.7689, 0.0509 -4.1339 2.4083, 0.0 -4.1339 2.4016, -0.0509 -4.1339 2.4083, -0.0984 -4.1339 2.428, -0.1392 -4.1339 2.4592, -0.1705 -4.1339 2.5, -0.1901 -4.1339 2.5475, -0.1969 -4.1339 2.5984, -0.1901 -4.1339 2.6494, -0.1705 -4.1339 2.6969, 0.1392 -4.1339 2.7376, 0.1705 -4.1339 2.6969, 0.1901 -4.1339 2.6494, 0.1969 -4.1339 2.5984, 0.1901 -4.1339 2.5475, 0.1705 -4.1339 2.5, 0.1392 -4.1339 2.4592, 0.0984 -4.1339 2.428, -0.3685 1.7716 0.8052, 0.0 1.7716 0.7677, -0.1882 1.7323 0.7475, -0.3764 1.7323 0.7666, -0.557 1.7323 0.8233, -0.722 1.7716 0.9161, -0.7375 1.7323 0.8799, -0.9029 1.7323 0.9717, -1.0458 1.7716 1.0958, -1.0683 1.7323 1.0635, -1.2119 1.7323 1.1868, -1.3269 1.7716 1.3371, -1.3554 1.7323 1.31, -1.4712 1.7323 1.4596, -1.5536 1.7716 1.63, -1.587 1.7323 1.6092, -1.6704 1.7323 1.7791, -1.7168 1.7716 1.9626, -1.7537 1.7323 1.9489, -1.8011 1.7323 2.1321, -1.8096 1.7716 2.3212, -1.8485 1.7323 2.3152, -1.8581 1.7323 2.5042, -1.8284 1.7716 2.6912, -1.8677 1.7323 2.6931, -1.839 1.7323 2.8802, -1.7723 1.7716 3.0573, -1.8104 1.7323 3.0672, -1.7447 1.7323 3.2446, -1.6436 1.7716 3.4047, -1.679 1.7323 3.422, -1.5789 1.7323 3.5826, -1.4477 1.7716 3.719, -1.4788 1.7323 3.7431, -1.3485 1.7323 3.8802, -1.1925 1.7716 3.9875, -1.2181 1.7323 4.0174, -1.0628 1.7323 4.1254, -0.8884 1.7716 4.1991, -0.9076 1.7323 4.2335, -0.7337 1.7323 4.3081, -0.548 1.7716 4.3452, -0.5598 1.7323 4.3827, -0.3745 1.7323 4.4208, -0.1852 1.7716 4.4197, -0.1892 1.7323 4.4589, 0.0 1.7716 4.4291, 0.0 1.7323 4.4685, 0.1852 1.7716 4.4197, 0.1892 1.7323 4.4589, 0.3745 1.7323 4.4208, 0.548 1.7716 4.3452, 0.5598 1.7323 4.3827, 0.7337 1.7323 4.3081, 0.8884 1.7716 4.1991, 0.9076 1.7323 4.2335, 1.0628 1.7323 4.1254, 1.1925 1.7716 3.9875, 1.2181 1.7323 4.0174, 1.3485 1.7323 3.8802, 1.4477 1.7716 3.719, 1.4788 1.7323 3.7431, 1.5789 1.7323 3.5826, 1.6436 1.7716 3.4047, 1.679 1.7323 3.422, 1.7447 1.7323 3.2446, 1.7723 1.7716 3.0573, 1.8104 1.7323 3.0672, 1.839 1.7323 2.8802, 1.8284 1.7716 2.6912, 1.8677 1.7323 2.6931, 1.8581 1.7323 2.5042, 1.8096 1.7716 2.3212, 1.6704 1.7323 1.7791, 1.5536 1.7716 1.63, 1.7168 1.7716 1.9626, 1.8485 1.7323 2.3152, 1.8011 1.7323 2.1321, 1.7537 1.7323 1.9489, 1.587 1.7323 1.6092, 1.4712 1.7323 1.4596, 1.3269 1.7716 1.3371, 1.3554 1.7323 1.31, 1.2119 1.7323 1.1868, 1.0458 1.7716 1.0958, 1.0683 1.7323 1.0635, 0.9029 1.7323 0.9717, 0.722 1.7716 0.9161, 0.7375 1.7323 0.8799, 0.557 1.7323 0.8233, 0.3685 1.7716 0.8052, 0.3764 1.7323 0.7666, 0.1882 1.7323 0.7475, 0.0 1.7323 0.7283, 0.3682 1.7716 4.271, 0.7191 1.7716 4.1527, 1.0364 1.7716 3.9618, 1.3053 1.7716 3.7071, 1.5131 1.7716 3.4006, 1.6502 1.7716 3.0566, 1.7101 1.7716 2.6911, 1.69 1.7716 2.3214, 1.591 1.7716 1.9645, 1.4175 1.7716 1.6373, 1.1778 1.7716 1.3551, 0.8829 1.7716 1.131, 0.5468 1.7716 0.9755, 0.1852 1.7716 0.8959, -0.1852 1.7716 0.8959, -0.5468 1.7716 0.9755, -0.8829 1.7716 1.131, -1.1778 1.7716 1.3551, -1.4175 1.7716 1.6373, -1.591 1.7716 1.9645, -1.69 1.7716 2.3214, -1.7101 1.7716 2.6911, -1.6502 1.7716 3.0566, -1.5131 1.7716 3.4006, -1.3053 1.7716 3.7071, -1.0364 1.7716 3.9618, -0.7191 1.7716 4.1527, -0.3682 1.7716 4.271, 0.0 1.7716 4.311, 0.0509 -2.9528 2.4083, 0.0984 -2.9528 2.428, 0.1392 -2.9528 2.4592, 0.1705 -2.9528 2.5, 0.1901 -2.9528 2.5475, 0.1969 -2.9528 2.5984, 0.1901 -2.9528 2.6494, 0.1705 -2.9528 2.6969, 0.1392 -2.9528 2.7376, 0.0984 -2.9528 2.7689, 0.0509 -2.9528 2.7886, 0.0 -2.9528 2.7953, -0.0509 -2.9528 2.7886, -0.0984 -2.9528 2.7689, -0.1392 -2.9528 2.7376, -0.1705 -2.9528 2.6969, -0.1901 -2.9528 2.6494, -0.1969 -2.9528 2.5984, -0.1901 -2.9528 2.5475, -0.1705 -2.9528 2.5, -0.1392 -2.9528 2.4592, -0.0984 -2.9528 2.428, -0.0509 -2.9528 2.4083, 0.0 -2.9528 2.4016, 0.0 -2.9528 2.5984
            ]
        }
        coordIndex [
            0,1,2,-1,2,1,3,-1,2,3,4,-1,5,6,2,-1,2,6,7,-1,2,7,0,-1,8,9,2,-1,2,9,10,-1,2,10,5,-1,11,12,2,-1,2,12,13,-1,2,13,8,-1,14,15,2,-1,2,15,16,-1,2,16,11,-1,17,18,2,-1,2,18,19,-1,2,19,14,-1,20,21,2,-1,2,21,22,-1,2,22,17,-1,4,23,2,-1,2,23,24,-1,2,24,20,-1,25,26,17,-1,27,28,15,-1,15,28,16,-1,27,15,29,-1,29,15,14,-1,29,14,30,-1,30,14,19,-1,30,19,31,-1,31,19,32,-1,32,19,18,-1,32,18,33,-1,17,26,18,-1,18,26,34,-1,18,34,33,-1,25,17,35,-1,35,17,22,-1,35,22,36,-1,36,22,21,-1,36,21,37,-1,37,21,38,-1,38,21,20,-1,38,20,39,-1,39,20,40,-1,40,20,24,-1,40,24,41,-1,41,24,23,-1,41,23,42,-1,42,23,43,-1,43,23,4,-1,43,4,44,-1,44,4,45,-1,45,4,3,-1,45,3,46,-1,46,3,47,-1,47,3,1,-1,47,1,48,-1,48,1,49,-1,49,1,0,-1,49,0,50,-1,50,0,7,-1,50,7,51,-1,51,7,52,-1,52,7,6,-1,52,6,53,-1,5,54,6,-1,6,54,55,-1,6,55,53,-1,9,56,10,-1,10,56,57,-1,10,57,5,-1,5,57,58,-1,5,58,54,-1,8,59,9,-1,9,59,60,-1,9,60,56,-1,12,61,13,-1,13,61,62,-1,13,62,8,-1,8,62,63,-1,8,63,59,-1,11,64,12,-1,12,64,65,-1,12,65,61,-1,28,66,16,-1,16,66,67,-1,16,67,11,-1,11,67,68,-1,11,68,64,-1,69,70,71,-1,72,73,74,-1,74,73,75,-1,75,73,76,-1,75,76,77,-1,77,76,78,-1,77,78,79,-1,79,78,80,-1,80,78,81,-1,80,81,82,-1,82,81,83,-1,83,81,84,-1,83,84,85,-1,85,84,86,-1,86,84,87,-1,86,87,88,-1,88,87,89,-1,89,87,90,-1,89,90,91,-1,91,90,92,-1,91,92,93,-1,93,92,94,-1,93,94,95,-1,71,70,94,-1,94,70,96,-1,94,96,95,-1,69,71,97,-1,97,71,98,-1,97,98,99,-1,99,98,100,-1,99,100,101,-1,101,100,102,-1,102,100,103,-1,102,103,104,-1,104,103,105,-1,104,105,106,-1,106,105,107,-1,106,107,108,-1,108,107,109,-1,109,107,110,-1,109,110,111,-1,111,110,112,-1,112,110,113,-1,112,113,114,-1,114,113,115,-1,115,113,116,-1,115,116,117,-1,117,116,118,-1,118,116,119,-1,118,119,120,-1,120,119,121,-1,120,121,122,-1,122,121,123,-1,122,123,124,-1,125,126,123,-1,123,126,127,-1,123,127,124,-1,74,128,72,-1,72,128,129,-1,72,129,130,-1,130,129,131,-1,130,131,125,-1,125,131,132,-1,125,132,126,-1,119,116,133,-1,133,116,113,-1,133,113,110,-1,125,123,133,-1,133,123,121,-1,133,121,119,-1,73,72,133,-1,133,72,130,-1,133,130,125,-1,81,78,133,-1,133,78,76,-1,133,76,73,-1,90,87,133,-1,133,87,84,-1,133,84,81,-1,71,94,133,-1,133,94,92,-1,133,92,90,-1,103,100,133,-1,133,100,98,-1,133,98,71,-1,110,107,133,-1,133,107,105,-1,133,105,103,-1,134,135,136,-1,136,135,137,-1,136,137,138,-1,138,137,139,-1,138,139,140,-1,140,139,141,-1,140,141,142,-1,142,141,143,-1,142,143,144,-1,144,143,145,-1,144,145,146,-1,146,145,147,-1,146,147,148,-1,148,147,149,-1,148,149,150,-1,150,149,151,-1,150,151,152,-1,152,151,153,-1,152,153,154,-1,154,153,155,-1,154,155,156,-1,156,155,157,-1,156,157,158,-1,158,157,159,-1,158,159,160,-1,160,159,161,-1,160,161,162,-1,162,161,163,-1,162,163,164,-1,164,163,165,-1,164,165,166,-1,166,165,167,-1,166,167,168,-1,168,167,169,-1,168,169,170,-1,170,169,171,-1,170,171,172,-1,172,171,173,-1,172,173,174,-1,174,173,175,-1,174,175,176,-1,176,175,177,-1,176,177,178,-1,178,177,179,-1,178,179,180,-1,180,179,181,-1,180,181,182,-1,182,181,183,-1,182,183,184,-1,184,183,185,-1,184,185,186,-1,186,185,187,-1,186,187,188,-1,188,187,189,-1,188,189,190,-1,190,189,191,-1,190,191,134,-1,134,191,135,-1,192,186,193,-1,193,186,188,-1,193,188,194,-1,194,188,190,-1,194,190,195,-1,195,190,134,-1,195,134,196,-1,196,134,136,-1,196,136,197,-1,198,162,199,-1,199,162,164,-1,199,164,200,-1,200,164,166,-1,200,166,201,-1,201,166,168,-1,201,168,202,-1,202,168,170,-1,202,170,203,-1,170,172,203,-1,203,172,174,-1,203,174,204,-1,204,174,176,-1,204,176,205,-1,205,176,178,-1,205,178,206,-1,206,178,180,-1,206,180,207,-1,207,180,182,-1,207,182,192,-1,192,182,184,-1,192,184,186,-1,136,138,197,-1,197,138,140,-1,197,140,208,-1,208,140,142,-1,208,142,209,-1,209,142,144,-1,209,144,210,-1,210,144,146,-1,210,146,211,-1,211,146,148,-1,211,148,212,-1,148,150,212,-1,212,150,152,-1,212,152,213,-1,213,152,154,-1,213,154,214,-1,214,154,156,-1,214,156,215,-1,215,156,158,-1,215,158,198,-1,198,158,160,-1,198,160,162,-1,216,217,218,-1,218,219,216,-1,216,219,220,-1,216,220,221,-1,220,222,221,-1,221,222,223,-1,221,223,224,-1,223,225,224,-1,224,225,226,-1,224,226,227,-1,226,228,227,-1,227,228,229,-1,227,229,230,-1,229,231,230,-1,230,231,232,-1,230,232,233,-1,232,234,233,-1,233,234,235,-1,233,235,236,-1,235,237,236,-1,236,237,238,-1,236,238,239,-1,238,240,239,-1,239,240,241,-1,239,241,242,-1,241,243,242,-1,242,243,244,-1,242,244,245,-1,244,246,245,-1,245,246,247,-1,245,247,248,-1,247,249,248,-1,248,249,250,-1,248,250,251,-1,250,252,251,-1,251,252,253,-1,251,253,254,-1,253,255,254,-1,254,255,256,-1,254,256,257,-1,256,258,257,-1,257,258,259,-1,257,259,260,-1,260,259,261,-1,260,261,262,-1,262,261,263,-1,262,263,264,-1,263,265,264,-1,264,265,266,-1,264,266,267,-1,266,268,267,-1,267,268,269,-1,267,269,270,-1,269,271,270,-1,270,271,272,-1,270,272,273,-1,272,274,273,-1,273,274,275,-1,273,275,276,-1,275,277,276,-1,276,277,278,-1,276,278,279,-1,278,280,279,-1,279,280,281,-1,279,281,282,-1,281,283,282,-1,282,283,284,-1,282,284,285,-1,284,286,285,-1,285,286,287,-1,285,287,288,-1,289,290,291,-1,287,292,288,-1,288,292,293,-1,288,293,291,-1,291,293,294,-1,291,294,289,-1,289,295,290,-1,290,295,296,-1,290,296,297,-1,296,298,297,-1,297,298,299,-1,297,299,300,-1,299,301,300,-1,300,301,302,-1,300,302,303,-1,302,304,303,-1,303,304,305,-1,303,305,306,-1,305,307,306,-1,306,307,308,-1,306,308,217,-1,217,308,309,-1,217,309,218,-1,137,310,139,-1,139,310,311,-1,139,311,141,-1,141,311,312,-1,141,312,143,-1,143,312,313,-1,143,313,145,-1,145,313,314,-1,145,314,147,-1,147,314,315,-1,147,315,149,-1,149,315,316,-1,149,316,151,-1,151,316,317,-1,151,317,153,-1,153,317,318,-1,153,318,155,-1,155,318,319,-1,155,319,157,-1,157,319,320,-1,157,320,159,-1,159,320,321,-1,159,321,161,-1,161,321,322,-1,161,322,163,-1,163,322,323,-1,163,323,165,-1,165,323,324,-1,165,324,167,-1,167,324,325,-1,167,325,169,-1,169,325,326,-1,169,326,171,-1,171,326,327,-1,171,327,173,-1,173,327,328,-1,173,328,175,-1,175,328,329,-1,175,329,177,-1,177,329,330,-1,177,330,179,-1,179,330,331,-1,179,331,181,-1,181,331,332,-1,181,332,183,-1,183,332,333,-1,183,333,185,-1,185,333,334,-1,185,334,187,-1,187,334,335,-1,187,335,189,-1,189,335,336,-1,189,336,191,-1,191,336,337,-1,191,337,135,-1,135,337,338,-1,135,338,137,-1,137,338,310,-1,199,339,198,-1,198,339,340,-1,198,340,215,-1,215,340,341,-1,215,341,214,-1,214,341,342,-1,214,342,213,-1,213,342,343,-1,213,343,212,-1,212,343,344,-1,212,344,211,-1,211,344,345,-1,211,345,210,-1,210,345,346,-1,210,346,209,-1,209,346,347,-1,209,347,208,-1,208,347,348,-1,208,348,197,-1,197,348,349,-1,197,349,196,-1,196,349,350,-1,196,350,195,-1,195,350,351,-1,195,351,194,-1,194,351,352,-1,194,352,193,-1,193,352,353,-1,193,353,192,-1,192,353,354,-1,192,354,207,-1,207,354,355,-1,207,355,206,-1,206,355,356,-1,206,356,205,-1,205,356,357,-1,205,357,204,-1,204,357,358,-1,204,358,203,-1,203,358,359,-1,203,359,202,-1,202,359,360,-1,202,360,201,-1,201,360,361,-1,201,361,200,-1,200,361,362,-1,200,362,199,-1,199,362,339,-1,352,351,363,-1,363,351,350,-1,363,350,349,-1,355,354,363,-1,363,354,353,-1,363,353,352,-1,358,357,363,-1,363,357,356,-1,363,356,355,-1,361,360,363,-1,363,360,359,-1,363,359,358,-1,340,339,363,-1,363,339,362,-1,363,362,361,-1,343,342,363,-1,363,342,341,-1,363,341,340,-1,346,345,363,-1,363,345,344,-1,363,344,343,-1,349,348,363,-1,363,348,347,-1,363,347,346,-1,
        ]
    }
}
Shape{
    appearance Appearance {
        material  Material 	{
            diffuseColor 0.792156862745098 0.8196078431372549 0.9333333333333333
            specularColor 0.396078431372549 0.4117647058823529 0.4666666666666667
            ambientIntensity 0.8244
            transparency 0.0
            shininess 0.5
        }
    }
    geometry IndexedFaceSet {
        ccw TRUE
        solid FALSE
        coord DEF co Coordinate {
            point [
                -0.3909 -9.142 0.2366, -0.4677 -9.3388 0.2366, -0.3909 -9.142 0.2362, -0.4677 -9.3388 0.2362, -0.4389 -9.3388 0.2366, -0.4389 -9.3388 0.2362, -0.419 -9.2836 0.2366, -0.419 -9.2836 0.2362, -0.3376 -9.2836 0.2366, -0.3376 -9.2836 0.2362, -0.3189 -9.3388 0.2366, -0.3189 -9.3388 0.2362, -0.29 -9.3388 0.2366, -0.29 -9.3388 0.2362, -0.3645 -9.142 0.2366, -0.3645 -9.142 0.2362, -0.3443 -9.262 0.2366, -0.4101 -9.262 0.2366, -0.3737 -9.1798 0.2366, -0.3756 -9.1729 0.2366, -0.3768 -9.166 0.2366, -0.3774 -9.166 0.2366, -0.3787 -9.1729 0.2366, -0.3805 -9.1798 0.2366, -0.3443 -9.262 0.2362, -0.4101 -9.262 0.2362, -0.3737 -9.1798 0.2362, -0.3756 -9.1729 0.2362, -0.3768 -9.166 0.2362, -0.3774 -9.166 0.2362, -0.3787 -9.1729 0.2362, -0.3805 -9.1798 0.2362, -0.1707 -9.3388 0.2366, -0.1172 -9.3388 0.2366, -0.1707 -9.3388 0.2362, -0.1172 -9.3388 0.2362, -0.1172 -9.142 0.2366, -0.1172 -9.142 0.2362, -0.1728 -9.142 0.2366, -0.1728 -9.142 0.2362, -0.2756 -9.2379 0.2366, -0.2756 -9.2379 0.2362, -0.2742 -9.2194 0.2362, -0.2742 -9.2194 0.2366, -0.2689 -9.2 0.2362, -0.2689 -9.2 0.2366, -0.2598 -9.1831 0.2362, -0.2598 -9.1831 0.2366, -0.2459 -9.1676 0.2362, -0.2459 -9.1676 0.2366, -0.2457 -9.1674 0.2362, -0.2457 -9.1674 0.2366, -0.2242 -9.1531 0.2362, -0.2242 -9.1531 0.2366, -0.2012 -9.145 0.2362, -0.2012 -9.145 0.2366, -0.1951 -9.3367 0.2362, -0.1951 -9.3367 0.2366, -0.2178 -9.3299 0.2362, -0.2178 -9.3299 0.2366, -0.2383 -9.318 0.2362, -0.2383 -9.318 0.2366, -0.2545 -9.3025 0.2362, -0.2545 -9.3025 0.2366, -0.2658 -9.2849 0.2362, -0.2658 -9.2849 0.2366, -0.2729 -9.2643 0.2362, -0.2729 -9.2643 0.2366, -0.2361 -9.1912 0.2366, -0.2266 -9.181 0.2366, -0.2122 -9.1717 0.2366, -0.1959 -9.166 0.2366, -0.1726 -9.1636 0.2366, -0.1436 -9.1636 0.2366, -0.1436 -9.3172 0.2366, -0.1716 -9.3172 0.2366, -0.1923 -9.3153 0.2366, -0.2089 -9.3101 0.2366, -0.2223 -9.3021 0.2366, -0.2334 -9.2912 0.2366, -0.2417 -9.2777 0.2366, -0.2474 -9.2591 0.2366, -0.2492 -9.2385 0.2366, -0.2476 -9.2189 0.2366, -0.243 -9.2033 0.2366, -0.1726 -9.1636 0.2362, -0.1436 -9.1636 0.2362, -0.1959 -9.166 0.2362, -0.2122 -9.1717 0.2362, -0.2266 -9.181 0.2362, -0.2361 -9.1912 0.2362, -0.243 -9.2033 0.2362, -0.2476 -9.2189 0.2362, -0.2492 -9.2385 0.2362, -0.2474 -9.2591 0.2362, -0.2417 -9.2777 0.2362, -0.2334 -9.2912 0.2362, -0.2223 -9.3021 0.2362, -0.2089 -9.3101 0.2362, -0.1923 -9.3153 0.2362, -0.1716 -9.3172 0.2362, -0.1436 -9.3172 0.2362, -0.0788 -9.3172 0.2366, -0.0788 -9.3388 0.2366, -0.0788 -9.3172 0.2362, -0.0788 -9.3388 0.2362, 0.0268 -9.3388 0.2366, 0.0268 -9.3388 0.2362, 0.0268 -9.142 0.2366, 0.0268 -9.142 0.2362, -0.074 -9.142 0.2366, -0.074 -9.142 0.2362, -0.074 -9.1636 0.2366, -0.074 -9.1636 0.2362, 0.0004 -9.1636 0.2366, 0.0004 -9.1636 0.2362, 0.0004 -9.2284 0.2366, 0.0004 -9.2284 0.2362, -0.0692 -9.2284 0.2366, -0.0692 -9.2284 0.2362, -0.0692 -9.25 0.2366, -0.0692 -9.25 0.2362, 0.0004 -9.25 0.2366, 0.0004 -9.25 0.2362, 0.0004 -9.3172 0.2366, 0.0004 -9.3172 0.2362, 0.0652 -9.307 0.2366, 0.0652 -9.3286 0.2366, 0.0652 -9.307 0.2362, 0.0652 -9.3286 0.2362, 0.0862 -9.3372 0.2366, 0.1194 -9.3412 0.2366, 0.1194 -9.3412 0.2362, 0.114 -9.3411 0.2362, 0.114 -9.3411 0.2366, 0.1061 -9.34 0.2362, 0.0862 -9.3372 0.2362, 0.131 -9.34 0.2362, 0.1437 -9.3387 0.2366, 0.1437 -9.3387 0.2362, 0.1627 -9.3321 0.2366, 0.1627 -9.3321 0.2362, 0.1786 -9.322 0.2366, 0.1786 -9.322 0.2362, 0.1934 -9.3065 0.2366, 0.1934 -9.3065 0.2362, 0.2039 -9.2877 0.2366, 0.2039 -9.2877 0.2362, 0.2098 -9.2669 0.2366, 0.2098 -9.2669 0.2362, 0.2117 -9.2441 0.2366, 0.2117 -9.2441 0.2362, 0.1313 -9.1412 0.2366, 0.1116 -9.1396 0.2366, 0.1263 -9.1408 0.2362, 0.1116 -9.1396 0.2362, 0.1313 -9.1412 0.2362, 0.1533 -9.1475 0.2362, 0.1533 -9.1475 0.2366, 0.172 -9.1583 0.2362, 0.172 -9.1583 0.2366, 0.1898 -9.1754 0.2362, 0.1898 -9.1754 0.2366, 0.2013 -9.1938 0.2362, 0.2013 -9.1938 0.2366, 0.2088 -9.2161 0.2362, 0.2088 -9.2161 0.2366, 0.0942 -9.1408 0.2362, 0.088 -9.1412 0.2366, 0.088 -9.1412 0.2362, 0.0652 -9.1474 0.2366, 0.0652 -9.1474 0.2362, 0.0652 -9.1738 0.2366, 0.0652 -9.1738 0.2362, 0.1113 -9.1612 0.2366, 0.1113 -9.1612 0.2362, 0.0874 -9.1643 0.2362, 0.0874 -9.1643 0.2366, 0.1853 -9.2425 0.2366, 0.1853 -9.2425 0.2362, 0.1843 -9.2272 0.2362, 0.1843 -9.2272 0.2366, 0.1791 -9.2061 0.2362, 0.1791 -9.2061 0.2366, 0.171 -9.1909 0.2362, 0.171 -9.1909 0.2366, 0.1591 -9.1778 0.2362, 0.1591 -9.1778 0.2366, 0.1455 -9.1687 0.2362, 0.1455 -9.1687 0.2366, 0.1307 -9.1633 0.2362, 0.1307 -9.1633 0.2366, 0.1158 -9.3196 0.2366, 0.1158 -9.3196 0.2362, 0.1341 -9.3175 0.2362, 0.1341 -9.3175 0.2366, 0.1485 -9.3123 0.2362, 0.1485 -9.3123 0.2366, 0.1606 -9.3041 0.2362, 0.1606 -9.3041 0.2366, 0.1698 -9.2944 0.2362, 0.1698 -9.2944 0.2366, 0.1779 -9.2807 0.2362, 0.1779 -9.2807 0.2366, 0.1833 -9.2638 0.2362, 0.1833 -9.2638 0.2366, 0.0688 -9.309 0.2362, 0.0688 -9.309 0.2366, 0.0896 -9.3167 0.2362, 0.0896 -9.3167 0.2366, 0.2285 -9.3172 0.2366, 0.2285 -9.3388 0.2366, 0.2285 -9.3172 0.2362, 0.2285 -9.3388 0.2362, 0.3293 -9.3388 0.2366, 0.3293 -9.3388 0.2362, 0.3293 -9.142 0.2366, 0.3293 -9.142 0.2362, 0.3029 -9.142 0.2366, 0.3029 -9.142 0.2362, 0.3029 -9.3172 0.2366, 0.3029 -9.3172 0.2362
            ]
        }
        coordIndex [
            0,1,2,-1,2,1,3,-1,1,4,3,-1,3,4,5,-1,4,6,5,-1,5,6,7,-1,6,8,7,-1,7,8,9,-1,8,10,9,-1,9,10,11,-1,10,12,11,-1,11,12,13,-1,12,14,13,-1,13,14,15,-1,14,0,15,-1,15,0,2,-1,16,8,17,-1,17,8,6,-1,18,14,16,-1,16,14,12,-1,16,12,8,-1,8,12,10,-1,18,19,14,-1,14,19,20,-1,14,20,0,-1,0,20,21,-1,0,21,22,-1,22,23,0,-1,0,23,17,-1,0,17,1,-1,1,17,6,-1,1,6,4,-1,16,17,24,-1,24,17,25,-1,18,16,26,-1,26,16,24,-1,18,26,27,-1,18,27,19,-1,19,27,28,-1,19,28,20,-1,21,20,29,-1,29,20,28,-1,21,29,30,-1,21,30,22,-1,22,30,31,-1,22,31,23,-1,17,23,25,-1,25,23,31,-1,32,33,34,-1,34,33,35,-1,33,36,35,-1,35,36,37,-1,36,38,37,-1,37,38,39,-1,40,41,42,-1,40,42,43,-1,43,42,44,-1,43,44,45,-1,45,44,46,-1,45,46,47,-1,47,46,48,-1,47,48,49,-1,49,48,50,-1,49,50,51,-1,51,50,52,-1,51,52,53,-1,53,52,54,-1,53,54,55,-1,55,54,39,-1,55,39,38,-1,32,34,56,-1,32,56,57,-1,57,56,58,-1,57,58,59,-1,59,58,60,-1,59,60,61,-1,61,60,62,-1,61,62,63,-1,63,62,64,-1,63,64,65,-1,65,64,66,-1,65,66,67,-1,67,66,41,-1,67,41,40,-1,45,47,68,-1,68,47,49,-1,68,49,69,-1,69,49,51,-1,69,51,70,-1,70,51,53,-1,70,53,71,-1,71,53,55,-1,71,55,72,-1,72,55,38,-1,72,38,73,-1,73,38,36,-1,73,36,74,-1,74,36,33,-1,74,33,75,-1,75,33,32,-1,75,32,76,-1,76,32,57,-1,76,57,77,-1,77,57,59,-1,77,59,78,-1,78,59,61,-1,78,61,79,-1,79,61,63,-1,79,63,80,-1,80,63,65,-1,80,65,81,-1,81,65,67,-1,81,67,82,-1,82,67,40,-1,82,40,83,-1,83,40,43,-1,83,43,84,-1,84,43,45,-1,84,45,68,-1,72,73,85,-1,85,73,86,-1,72,85,87,-1,72,87,71,-1,71,87,88,-1,71,88,70,-1,70,88,89,-1,70,89,69,-1,69,89,90,-1,69,90,68,-1,68,90,91,-1,68,91,84,-1,84,91,92,-1,84,92,83,-1,83,92,93,-1,83,93,82,-1,82,93,94,-1,82,94,81,-1,81,94,95,-1,81,95,80,-1,80,95,96,-1,80,96,79,-1,79,96,97,-1,79,97,78,-1,78,97,98,-1,78,98,77,-1,77,98,99,-1,77,99,76,-1,76,99,100,-1,76,100,75,-1,74,75,101,-1,101,75,100,-1,73,74,86,-1,86,74,101,-1,102,103,104,-1,104,103,105,-1,103,106,105,-1,105,106,107,-1,106,108,107,-1,107,108,109,-1,108,110,109,-1,109,110,111,-1,110,112,111,-1,111,112,113,-1,112,114,113,-1,113,114,115,-1,114,116,115,-1,115,116,117,-1,116,118,117,-1,117,118,119,-1,118,120,119,-1,119,120,121,-1,120,122,121,-1,121,122,123,-1,122,124,123,-1,123,124,125,-1,124,102,125,-1,125,102,104,-1,106,103,102,-1,102,124,106,-1,106,124,122,-1,106,122,108,-1,112,110,114,-1,114,110,108,-1,114,108,116,-1,116,108,122,-1,116,122,118,-1,118,122,120,-1,126,127,128,-1,128,127,129,-1,129,127,130,-1,131,132,133,-1,131,133,134,-1,134,133,135,-1,134,135,130,-1,130,135,136,-1,130,136,129,-1,132,131,137,-1,137,131,138,-1,137,138,139,-1,139,138,140,-1,139,140,141,-1,141,140,142,-1,141,142,143,-1,143,142,144,-1,143,144,145,-1,145,144,146,-1,145,146,147,-1,147,146,148,-1,147,148,149,-1,149,148,150,-1,149,150,151,-1,152,153,154,-1,154,153,155,-1,154,156,152,-1,152,156,157,-1,152,157,158,-1,158,157,159,-1,158,159,160,-1,160,159,161,-1,160,161,162,-1,162,161,163,-1,162,163,164,-1,164,163,165,-1,164,165,166,-1,166,165,151,-1,166,151,150,-1,155,153,167,-1,167,153,168,-1,167,168,169,-1,169,168,170,-1,169,170,171,-1,170,172,171,-1,171,172,173,-1,174,175,176,-1,174,176,177,-1,177,176,173,-1,177,173,172,-1,178,179,180,-1,178,180,181,-1,181,180,182,-1,181,182,183,-1,183,182,184,-1,183,184,185,-1,185,184,186,-1,185,186,187,-1,187,186,188,-1,187,188,189,-1,189,188,190,-1,189,190,191,-1,191,190,175,-1,191,175,174,-1,192,193,194,-1,192,194,195,-1,195,194,196,-1,195,196,197,-1,197,196,198,-1,197,198,199,-1,199,198,200,-1,199,200,201,-1,201,200,202,-1,201,202,203,-1,203,202,204,-1,203,204,205,-1,205,204,179,-1,205,179,178,-1,126,128,206,-1,126,206,207,-1,207,206,208,-1,207,208,209,-1,209,208,193,-1,209,193,192,-1,195,131,192,-1,192,131,134,-1,192,134,209,-1,209,134,130,-1,209,130,207,-1,207,130,127,-1,207,127,126,-1,172,170,177,-1,177,170,168,-1,177,168,174,-1,174,168,153,-1,174,153,191,-1,191,153,152,-1,191,152,189,-1,189,152,158,-1,189,158,187,-1,187,158,160,-1,187,160,185,-1,185,160,162,-1,185,162,183,-1,183,162,164,-1,183,164,181,-1,181,164,166,-1,181,166,178,-1,178,166,150,-1,178,150,205,-1,205,150,148,-1,205,148,203,-1,203,148,146,-1,203,146,201,-1,201,146,144,-1,201,144,199,-1,199,144,142,-1,199,142,197,-1,197,142,140,-1,197,140,195,-1,195,140,138,-1,195,138,131,-1,210,211,212,-1,212,211,213,-1,211,214,213,-1,213,214,215,-1,214,216,215,-1,215,216,217,-1,216,218,217,-1,217,218,219,-1,218,220,219,-1,219,220,221,-1,220,210,221,-1,221,210,212,-1,218,216,220,-1,220,216,214,-1,220,214,210,-1,210,214,211,-1,
        ]
    }
}
Shape{
    appearance Appearance {
        material  Material 	{
            diffuseColor 1.0 1.0 1.0
            specularColor 0.5019607843137255 0.5019607843137255 0.5019607843137255
            ambientIntensity 1.0
            transparency 0.0
            shininess 0.5
        }
    }
    geometry IndexedFaceSet {
        ccw TRUE
        solid FALSE
        coord DEF co Coordinate {
            point [
                -0.3443 -9.262 0.2362, -0.4101 -9.262 0.2362, -0.3737 -9.1798 0.2362, -0.3805 -9.1798 0.2362, -0.3756 -9.1729 0.2362, -0.3787 -9.1729 0.2362, -0.3768 -9.166 0.2362, -0.3774 -9.166 0.2362, -0.1436 -9.1636 0.2362, -0.1436 -9.3172 0.2362, -0.1726 -9.1636 0.2362, -0.1716 -9.3172 0.2362, -0.1923 -9.3153 0.2362, -0.2492 -9.2385 0.2362, -0.2476 -9.2189 0.2362, -0.243 -9.2033 0.2362, -0.1959 -9.166 0.2362, -0.2089 -9.3101 0.2362, -0.2223 -9.3021 0.2362, -0.2334 -9.2912 0.2362, -0.2417 -9.2777 0.2362, -0.2474 -9.2591 0.2362, -0.2361 -9.1912 0.2362, -0.2266 -9.181 0.2362, -0.2122 -9.1717 0.2362
            ]
        }
        coordIndex [
            0,1,2,-1,2,1,3,-1,2,3,4,-1,4,3,5,-1,4,5,6,-1,6,5,7,-1,8,9,10,-1,10,9,11,-1,10,11,12,-1,13,14,10,-1,10,14,15,-1,10,15,16,-1,12,17,10,-1,10,17,18,-1,10,18,19,-1,19,20,10,-1,10,20,21,-1,10,21,13,-1,22,23,15,-1,15,23,24,-1,15,24,16,-1,
        ]
    }
}